rst_count,urg_count,Magnitue,Std,Variance,Radius,AVG,flow_duration,Max,Tot size,Header_Length,Covariance,ack_flag_number,Tot sum,Weight,IAT,Duration,Min,Number,Protocol Type,label
-0.4192810454198039,0.0553442426159183,-0.3218056240809284,-0.4409740080312873,0.1635272040511625,-0.4394977918890301,-0.4707468891994365,-0.2979833785027229,-0.4934725946515317,-0.1334304439018981,-0.4811559524729802,-0.3073777805097816,0.4208573790559796,-0.6024838699896693,-1.0030969190222077,-1.004000208719102,-1.1511046776644005,-0.259975471962919,-1.0026668657945366,0.8065975699162331,1
-0.6265009995454125,0.1042391578433542,-0.5070244786076197,-0.6868621224585644,0.1635272040511625,-0.6851000809084259,-0.5921674392578511,-0.2713991398353804,-0.684058038025629,-0.6543002898007484,-0.7202551203450939,-0.3463991420571226,0.4208573790559796,-0.7010725186173403,-1.0030969190222077,-1.00400020868559,-1.0229798947327124,-0.2340488212083852,-1.0026668657945366,0.8065975699162331,1
-0.6543806309987037,-0.683381344073295,1.4623678031832985,1.564024027002324,0.5867350126983124,1.5640520907443238,1.4046088323001713,-0.7155049522319595,0.5668049932715701,1.2309758763290617,-0.4576500021634654,0.7020455131288289,0.4208573790559796,2.3015254458810124,0.9968262956829548,0.9959719573655162,-0.4270055256413754,-0.3413315139857663,0.9964931084729888,-0.652371062151611,1
-0.2921051907675413,-0.5567258407733102,1.292737841549726,1.141682931461302,0.5867350126983124,1.1460077641047897,1.15325930070673,-0.5384832673646103,1.5796475399792045,1.5194847017523485,-0.2128753321263968,0.3733628376706382,0.4208573790559796,1.9856927839056413,0.9968262956829548,0.9960674053153848,-0.9996844796542236,-0.3592119627819966,0.9964931084729888,-0.652371062151611,1
-0.1518283058621562,1.8774162040431408,-0.7573202527986185,-0.7918097625064054,0.1635272040511625,-0.7899257276582473,-0.7180045950098173,0.7155829009735134,-0.7507355959605793,-0.7419670975259137,-0.6737913889394205,-0.3515846964384914,0.4208573790559796,-0.7569233591884776,-1.0030969190222077,-1.0040002087509696,-0.94532851113775,-0.2662336290415995,-1.0026668657945366,-0.2102593554643856,1
-0.7492832160030303,-0.2939893083463651,-0.9418074187468616,-0.7718620708245142,0.5867350126983124,-0.7696968678272919,-0.7922235280799297,0.2240430555808987,-0.7312444679139719,-0.7232022958723666,-0.7469577029039706,-0.3510741603131554,-2.376101857220821,-0.666043663141388,0.9968262956829548,0.996026583229812,-0.1416366909298881,-0.3890127107757135,0.9964931084729888,1.292920447272181,1
1.45664269503188,0.2255928028656653,-0.1172325262096248,-0.0921255278785471,0.1635272040511625,-0.0910548203935936,-0.3175648691870983,0.6190400551354791,-0.2024481751188964,-0.553586080925851,1.38878392216664,-0.2322373175389357,0.4208573790559796,-0.5966110023987196,-1.0030969190222077,-1.0040002089241464,0.9590716715287052,-0.1982879236159248,-1.0026668657945366,0.3202746925602845,1
-0.4455629902568606,0.5766936399205066,-0.6536524376618323,-0.4994818105675571,0.1635272040511625,-0.4979375837507574,-0.6557436947732924,1.839273004772335,-0.4984945434594587,-0.4842442748154777,-0.6433470694034743,-0.2994909949933105,0.4208573790559796,-0.6928817565004726,-1.0030969190222077,-1.0040002088006692,-0.7822606055883287,-0.3288151998284052,-1.0026668657945366,0.0550076685479494,1
0.1619573455662905,0.1413521657870707,1.8667998573065705,1.1439018039783335,0.5867350126983124,1.1381366038287697,2.0159465077682555,-0.2073022682702106,1.804392179700289,0.5737680184161583,0.1224833661233877,0.3653180632063222,0.4208573790559796,3.069998634378355,0.9968262956829548,0.996009612960122,-0.7880844593579508,0.5339164545897016,0.9964931084729888,-0.1660481847956632,1
-0.5888754797330911,-0.6020861838156304,1.32279268349488,0.5405185860353213,0.5867350126983124,0.5443319753515093,1.2017790868397715,-0.6633109401266334,0.6185161493135898,0.6269838231055145,-0.4867746495381057,0.0041816165849614,0.4208573790559796,1.973634523619124,0.9968262956829548,0.9960214262894244,-0.7356697754313514,-0.3413315139857663,0.9964931084729888,-0.8734269154952237,1
-0.8410703121056997,-0.6044425652723742,-0.603500205503908,-0.6265996890161379,0.5867350126983124,-0.6247833411340399,-0.6473038859816772,0.5096996663138281,-0.6379654979766366,-0.6896308929140675,-0.7610295220286167,-0.3425774686192773,0.4208573790559796,-0.4735151768172409,0.9968262956829548,0.9959667067572432,0.8270643194172688,-0.3735163218189807,0.9964931084729888,-1.1829051101762815,1
0.8718095091592583,-0.2150505295454444,0.6124853931804474,0.2237901494337248,0.1635272040511625,0.2244936300295944,0.3507093657596548,-0.1942208235521068,-0.1014622540406832,-0.178729847893664,1.018804085185276,-0.1172502746149344,0.4208573790559796,-0.3306651602480225,-1.0030969190222077,-1.0040002090293492,1.2832661980376734,0.0901833169632557,-1.0026668657945366,-0.652371062151611,1
-0.7971339301592522,-0.4636487732319261,-0.9939363345215136,-0.7761314910644002,0.5867350126983124,-0.7741201948021922,-0.8102504739942338,-0.376187949325844,-0.7398961420979252,-0.7888791016597814,-0.7531136566238007,-0.3512643578585384,-2.376101857220821,-0.6923869250848272,0.9968262956829548,0.9960597242028474,-0.6366642613477741,-0.3890127107757135,0.9964931084729888,2.751889079340024,1
1.0046571512991531,6.108299109626817,-0.5056510424703058,-0.5219813916459289,0.5867350126983124,-0.5196068214200815,-0.5941135698548407,0.5517594570277715,-0.5569182053338558,-0.5659004820109913,0.1190799932080667,-0.331576368631279,0.4208573790559796,-0.3977017951886184,0.9968262956829548,0.9959625154349656,-0.5648367315224337,-0.3770924115782267,0.9964931084729888,-0.652371062151611,1
-0.1237889057472415,1.9693150808561528,-0.6191572373874392,-0.6229998340189414,0.1635272040511625,-0.6213120273080264,-0.6443528744503246,0.9652932863282604,-0.6034582457716735,-0.2693286558771961,-0.6688991992036956,-0.312936401189937,0.4208573790559796,-0.6987936897294995,-1.0030969190222077,-1.0040002087069884,0.8037689043387802,-0.2972264069550652,-1.0026668657945366,0.8065975699162331,1
-0.5828841549222119,-0.6038534699081882,0.4292461352785754,0.3815417912564723,0.5867350126983124,0.3818869794596461,0.1253933196853251,-0.694337355692048,-0.1014622540406832,0.6703774269293421,-0.4209936712433835,-0.0753704313556106,0.4208573790559796,0.6037849025602825,0.9968262956829548,0.9960307856306748,-0.0271009001273186,-0.3413315139857663,0.9964931084729888,-0.652371062151611,1
-0.5732181508939934,0.3475355432521621,-0.2821366045257764,0.0570648996714704,0.5867350126983124,0.0603662793707818,-0.4560781113185293,-0.1782739719700518,0.2113902400135353,-0.4187140690409813,-0.725740400169172,-0.1900575318661381,0.4208573790559796,-0.209757010398871,0.9968262956829548,0.9960366904443942,-0.2328770666539691,-0.3592119627819966,0.9964931084729888,-0.6965822328203334,1
0.5199190319336198,0.0571115287084761,0.8037670734063683,2.0043282271342244,0.5867350126983124,2.008207979916791,0.5341979306182987,0.1857612528665091,2.274764810620968,-0.8007537027061667,0.474667809686271,1.129574527944973,0.4208573790559796,1.0612435244451175,0.9968262956829548,0.9959931076216848,1.269677205908555,-0.3413315139857663,0.9964931084729888,-0.652371062151611,1
-0.7281138683379237,-0.2403816302054413,-0.6751327485192422,-0.7449004723834273,0.1635272040511625,-0.7430709658601294,-0.6801992085394347,-0.2772322962316645,-0.7224933491991686,-0.7042908942059012,-0.7404766894747205,-0.3497260248047915,-2.376101857220821,-0.7392136032601151,-1.0030969190222077,-1.0040002088753015,-0.88320740426178,-0.2674256589613482,-1.0026668657945366,1.5139763006157936,1
-0.6594133438398422,0.0724280081773116,-0.915781884140921,-0.77890348032156,0.1635272040511625,-0.7770344480015976,-0.7814238064411113,5.922055196329776,-0.7633153291131091,-0.7558940987531556,-0.7369758509670601,-0.3508835888658104,0.4208573790559796,-0.774164327459913,-1.0030969190222077,-1.0040002083147566,-0.3454715728666647,-0.3678541797001745,-1.0026668657945366,0.0550076685479494,1
0.7561369981438838,-0.0777913096901121,1.1433148894377752,0.2301118722226443,0.1635272040511625,0.2308080043177585,0.9762559988637876,0.0041033750724301,0.1396907332706582,0.7379600328846955,0.7595876901826967,-0.1001976047603044,0.4208573790559796,-0.0045712573376884,-1.0030969190222077,-1.0040002090219315,-1.00744961801372,0.6447752371263288,-1.0026668657945366,0.3202746925602845,1
0.8650992253710734,-0.2468616792114871,-1.0508849449867133,-0.8631572204682862,-3.2221352651260378,-0.8611902498657069,-0.8280304741736042,-0.2388396997596833,-0.821042879271556,-0.8143875039075721,1.0142729815512312,-0.3526390620355373,0.4208573790559796,-0.8019530180122112,-1.0030969190222077,-1.0040002090250184,1.888946990078381,-0.3413315139857663,-1.0026668657945366,-0.652371062151611,1
1.9778080692475584,0.3381100174251866,0.0789206738619328,1.1326169362217082,0.5867350126983124,1.1363547381487935,-0.1894717164413943,0.3818318525730447,1.3384945526678629,-0.7838947012205579,1.962503919939172,0.3675970231356029,0.4208573790559796,0.1188761589864855,0.9968262956829548,0.9959758765211096,0.9454826793995864,-0.3413315139857663,0.9964931084729888,-0.652371062151611,1
-0.8578460215761614,-0.6786685811598072,-0.6636336165980112,-0.6373038031917955,0.1635272040511625,-0.6355993692525469,-0.6694907687541105,0.331899810155567,-0.6376174421186614,-0.540538679776119,-0.7617404826991164,-0.3373464504126927,0.4208573790559796,-0.7094195432865169,-1.0030969190222077,-1.0040002081932409,0.4407486860323302,-0.3216630203099132,-1.0026668657945366,0.8065975699162331,1
-0.5624337662344109,-0.5897151811677249,-0.9258305132050644,-0.7890556076222763,0.1635272040511625,-0.7871747742604729,-0.7859883925655191,-0.323514349868001,-0.7608789381072831,-0.7877063015564347,-0.4748537256210887,-0.3514021335032595,0.4208573790559796,-0.7828238772337079,-1.0030969190222077,-1.0040002089482167,0.0233724992094071,-0.3314972671478398,-1.0026668657945366,1.292920447272181,1
-0.0522924296707497,-0.3063603109942706,-0.6123852455138064,-0.4649715148311914,-0.2596806045959874,-0.4634674034928399,-0.6037687969912526,-0.0881370236630053,-0.4962570415153328,0.0959985763152988,0.0110083655256842,-0.2739409728470444,-2.376101857220821,-0.6356636185966307,-1.0030969190222077,-1.00400020890526,-0.2600550509122061,-0.3365633943067717,-1.0026668657945366,1.0718645939285685,1
1.1109831956095562,-0.1738138540524261,-0.03495169835451,0.0937568427969077,-0.2596806045959874,0.0946114767862391,-0.2181762238527151,-0.2158768065843156,-0.2454579347115377,0.0335469708120875,1.2006364623045052,-0.1473877216052428,0.4208573790559796,-0.4437992481197973,-1.0030969190222077,-1.0040002090193336,0.6135230145311219,-0.3413315139857663,-1.0026668657945366,-0.652371062151611,1
-0.6374451528666185,0.1036500624791682,-0.6488791830451278,-0.3532146584565146,0.1635272040511625,-0.3518404555894658,-0.63266544163044,-0.3366455342166864,-0.3702608209283351,-0.4236984694802047,-0.7328059829218008,-0.2470575634488259,0.4208573790559796,-0.6639210968058562,-1.0030969190222077,-1.004000208815153,0.3320367489993828,-0.3413315139857663,-1.0026668657945366,-0.1660481847956632,1
0.7335297325241663,-0.056583876579417,2.5956737360184983,2.504758089759302,0.1635272040511625,2.502810126248465,3.479135101022969,0.0200299111226106,2.058472956022136,1.9974007438661256,0.7733941696962965,1.9444752639087268,0.4208573790559796,0.9222479841661898,-1.0030969190222077,-1.0040002089369375,-0.628899122988278,1.669026945670382,-1.0026668657945366,-0.1660481847956632,1
-0.4424475013552034,0.8064408319530371,-0.7953633833791601,-0.7554285315744662,0.5867350126983124,-0.7537220953148666,-0.7362051245068991,0.4474674390339346,-0.7398961420979252,-0.7177780953943882,-0.7065872901212099,-0.3505515526980604,0.4208573790559796,-0.5906600035316153,0.9968262956829548,0.9960372379180704,-0.1862862364969915,-0.3574239179023735,0.9964931084729888,0.5413305459038973,1
-0.7647008918496928,-0.3558443215858926,-0.6259881188395606,-0.5486813290248896,0.1635272040511625,-0.5470799116746501,-0.64762011412327,-0.2435262990115939,-0.5815804489846652,-0.7127936949551646,-0.7322329241054929,-0.3323266629665556,0.4208573790559796,-0.7246811858953707,-1.0030969190222077,-1.0040002089591955,-0.3124697348388056,-0.3413315139857663,-1.0026668657945366,-0.652371062151611,1
-0.6763488219719275,-0.6221154261979535,-0.4856834598265048,-0.3138017690722975,-1.1060962218902877,-0.3124733805595141,-0.5127794332377187,-0.3618852162217394,-0.4539433936386418,-0.1344566439923263,-0.562626424597103,-0.2478470269342472,0.4208573790559796,-0.5769479645664936,-1.0030969190222077,-1.0040002089950597,0.6212881528906182,-0.3413315139857663,-1.0026668657945366,-0.652371062151611,1
-0.6744315980324461,-0.321676790463106,-0.7440575235721577,-0.7258887615566054,-0.2596806045959874,-0.7240813546374884,-0.7075451391119586,0.343250729878889,-0.6986266617951595,-0.6513682895423816,-0.6498535703840954,-0.3476634718142303,-2.376101857220821,-0.7288742310489976,-1.0030969190222077,-1.0040002088873556,-0.382355980074272,-0.3413315139857663,-1.0026668657945366,1.5139763006157936,1
-0.4409296990697806,-0.32108769509892,0.6825920661831049,0.3649150180216898,0.5867350126983124,0.3665048263755988,0.3920861455550978,0.1940515822135924,-0.1014622540406832,-0.3561158635248515,-0.4137865989460473,-0.081976776356959,-2.376101857220821,0.8971938882793006,0.9968262956829548,0.9959942189348874,-0.628899122988278,-0.3890127107757135,0.9964931084729888,1.558187471284516,1
-0.3988306567320028,-0.5196128328295938,-0.4078423174397327,-0.1414269105048009,0.5867350126983124,-0.1386104902720676,-0.5232255812456466,-0.5723005319192789,-0.2206465242644534,0.1049411771033174,-0.3322902655527915,-0.2416972504210333,0.4208573790559796,-0.2706342964026172,0.9968262956829548,0.9960369596748428,0.7202936669741953,-0.3449076037450124,0.9964931084729888,-0.3871040381392759,1
-0.6114028610219969,-0.4294812421091394,0.4492759701377509,0.3982154671376303,0.5867350126983124,0.3997077436224193,0.143656748735422,-0.719959642711151,0.0809190155382859,0.42643500543323,-0.5461932324212482,-0.0650676000802383,0.4208573790559796,0.6150358063265363,0.9968262956829548,0.9960019112308004,-0.1008697145425329,-0.3413315139857663,0.9964931084729888,-0.652371062151611,1
2.512633664032042,0.6803744240172384,2.309992334325515,1.2413264435703462,0.1635272040511625,1.2408471190233856,2.816680857040778,0.5928671933701136,1.6264859140095718,2.3685919765753547,2.3117149155001817,0.5929621005594411,0.4208573790559796,0.9138098063414992,-1.0030969190222077,-1.0040002090301,-0.9996844796542236,4.405331626453475,-1.0026668657945366,-0.652371062151611,1
0.1974259884466953,-0.1402354182938255,1.9255608053790405,1.751861981293427,0.1635272040511625,1.750789199723757,2.1679778930484503,0.2976632499998031,1.7232951647920836,1.202242273797068,0.168156833949457,1.1370756104069268,0.4208573790559796,0.5704228476422936,-1.0030969190222077,-1.0040002089677076,-0.26199633550208,1.7983621919631136,-1.0026668657945366,-0.3871040381392759,1
-0.8295669684688115,-0.6232936169263255,-0.9914564917250932,-0.8415532283888452,0.1635272040511625,-0.8396113707115583,-0.8088826476226071,0.5529481998325171,-0.8075184230759508,-0.8127749037654703,-0.6993654933440495,-0.3525292328355853,-2.376101857220821,-0.7960280629038252,-1.0030969190222077,-1.004000209012986,-0.293056888940065,-0.3487817009841956,-1.0026668657945366,2.2655662019840763,1
0.8011917607216953,-0.0053325798952371,0.9586986614533995,0.2462578292668045,0.5867350126983124,0.2485785087860668,0.7209162983413194,-0.0864615990676237,-0.1014622540406832,0.2590177906804893,0.8529451526510434,-0.1298667691223957,0.4208573790559796,1.3508761651499992,0.9968262956829548,0.996027721948908,-0.0348660384868147,-0.3413315139857663,0.9964931084729888,-0.652371062151611,1
-0.7504814809652061,-0.3010584527165968,-0.619754999549933,-0.7276722479247761,0.1635272040511625,-0.7258627678443769,-0.647721650735955,-0.4470945202863955,-0.6956433258696584,-0.7309720965570384,-0.744566806149561,-0.3488199779491878,0.4208573790559796,-0.7371170806833017,-1.0030969190222077,-1.0040002089004336,0.2582679345841688,-0.214380327532532,-1.0026668657945366,0.3202746925602845,1
-0.2618290293898984,-0.345829700394731,-0.257530101097183,0.0177195233618541,0.5867350126983124,0.0204446603287097,-0.4233176905172167,-0.4103838586671962,-0.1706259252468843,0.0480603720910028,-0.1917727607445435,-0.1967608486083298,0.4208573790559796,-0.1389830960822164,0.9968262956829548,0.995992258866235,-0.6094862770895373,-0.3592119627819966,0.9964931084729888,-0.6965822328203334,1
-0.0411086233571086,-0.1225625573682462,0.1103112571144344,0.6099677746596829,0.5867350126983124,0.6138264298445443,-0.091220635879009,-0.3182598663888493,0.7788207330438506,1.5215371019332051,-0.0316406044522176,0.1493255985262057,0.4208573790559796,0.3819441657988236,0.9968262956829548,0.99602844110136,-1.13169183176566,-0.3413315139857663,0.9964931084729888,-0.1660481847956632,1
-0.6854556356844638,-0.0919295984305755,-0.928004256411844,-0.7338686724751156,0.5867350126983124,-0.7318018331229642,-0.7873657902321638,1.176328038116671,-0.6982288836717594,-0.7440194977067704,-0.6152201737099211,-0.3495425672924589,-2.376101857220821,-0.659116023322352,0.9968262956829548,0.9960325717090932,-0.6949027990439959,-0.3890127107757135,0.9964931084729888,2.2655662019840763,1
-0.3488230656438644,-0.4978163043547127,0.5357769315373364,1.3259928824494949,0.5867350126983124,1.3293780535386457,0.238505085052082,-0.5031493379932034,1.3384945526678629,-0.8155603040109187,-0.3016050475474361,0.5110823000095956,0.4208573790559796,0.6751448014480962,0.9968262956829548,0.9960278398316416,2.261673631334201,-0.3413315139857663,0.9964931084729888,-0.652371062151611,1
0.7618087856315161,0.5260314386005128,0.5175507645436024,0.4633813963163666,0.5867350126983124,0.4649087095477778,0.2128487789168236,0.4272617366458883,0.3746781596692972,0.0347197709154342,0.6676805516052641,-0.0334569462832968,0.4208573790559796,0.699378518935363,0.9968262956829548,0.9960536404669988,0.992073509556564,-0.3592119627819966,0.9964931084729888,-0.1660481847956632,1
-0.8528931930658346,-0.6721885321537614,0.0239670542164594,0.4828833309824682,0.5867350126983124,0.485749834092139,-0.2354997325219294,-0.7156008575009423,0.5966383525265815,-0.4074258680462693,-0.7584494493430639,-0.0257861483284642,0.4208573790559796,0.0640540468847162,0.9968262956829548,0.9959823328679992,0.3126239031006422,-0.3890127107757135,0.9964931084729888,-0.652371062151611,1
-0.1534259924783907,-0.5037072579965725,0.4092682006523881,0.3070199569344596,0.5867350126983124,0.3088737669076656,0.1097407085611958,0.0209287708143308,-0.1014622540406832,-0.7809627009621912,-0.0629148016505437,-0.1069730522649336,0.4208573790559796,0.5092200146545701,0.9968262956829548,0.996062000159844,0.9299524026805942,-0.3747083517387294,0.9964931084729888,1.292920447272181,1
-0.6028552376251426,0.2026180836624122,-0.7777539597063547,-0.6882310924494169,-0.2596806045959874,-0.6864674595803694,-0.7225644419691056,-0.2479261620894369,-0.7078750031642131,-0.6683738910409087,-0.7211019647938703,-0.345738417381334,-2.376101857220821,-0.7411147976465423,-1.0030969190222077,-1.0040002089238242,-0.7589651905098399,-0.3592119627819966,-1.0026668657945366,1.0276534232598458,1
2.221854699877372,0.2238255167731073,0.9474746075484444,0.9619250217524136,0.5867350126983124,0.9696348427384248,0.7452548452139842,0.3133496206223589,0.88274026778214,3.288800257663754,2.4515719862793577,0.3467616622885198,0.4208573790559796,1.5487436220113733,0.9968262956829548,0.9960130117047544,-0.9996844796542236,-0.3413315139857663,0.9964931084729888,-0.652371062151611,1
-0.4902183311806136,0.107184634664284,-1.0153974018090075,-0.8311012628617297,-1.1060962218902877,-0.8291715547644132,-0.8167883451562606,-0.4348977779848344,-0.7945906340654459,-0.8023663028482685,-0.5572216435789678,-0.3523219602488622,0.4208573790559796,-0.7950253781931753,-1.0030969190222077,-1.0040002090249427,1.918066258926492,-0.3413315139857663,-1.0026668657945366,-0.652371062151611,1
-0.6004587077007909,-0.6633521016909718,-1.051279135862516,-0.8635760622610429,-3.645343073773188,-0.8616086047881382,-0.8281499011346156,-0.7152600255778613,-0.8214406573949561,-0.8155603040109187,-0.3997418369873726,-0.3526393757596571,0.4208573790559796,-0.802057193047084,-1.0030969190222077,-1.0040002090354423,0.1456734283714729,-0.3413315139857663,-1.0026668657945366,-0.652371062151611,1
-0.3989105410628146,-0.5190237374654079,-0.7479847655578454,-0.6520906930927701,0.5867350126983124,-0.649982976225786,-0.7154222221637231,0.1290036934060764,-0.660340517417895,-0.7646900995282558,-0.3036075020599841,-0.3445944968667497,0.4208573790559796,-0.5668820518219169,0.9968262956829548,0.9959905415493022,0.9085982721919796,-0.3532518131832531,0.9964931084729888,-0.1660481847956632,1
1.1533218909397691,0.6462068928944517,1.2509907815207812,3.982296378042871,0.5867350126983124,3.990934769724756,1.1486422833165442,0.2275871277014776,4.506399527426663,2.890634622577552,1.072809441028861,4.113198304908803,0.4208573790559796,2.032675724633238,0.9968262956829548,0.9960243182907592,-1.009390902603594,-0.3770924115782267,0.9964931084729888,-0.652371062151611,1
0.4483426715263163,0.9902385855790616,0.3913790606889388,0.3271456030761966,0.1635272040511625,0.3277289411643124,0.2658817460153635,0.2507681371032956,0.1296468356548044,1.130408267467083,0.2002239107517215,0.0050925582811673,0.4208573790559796,-0.0960629817146554,-1.0030969190222077,-1.0040002088514706,-1.00744961801372,-0.3413315139857663,-1.0026668657945366,-0.1660481847956632,1
-0.7652600821653748,-0.5095982116384322,-0.9212460306034828,-0.8410351429424479,-0.6828884132431379,-0.839093887498353,-0.7847584607378816,-0.7097583076893758,-0.7929000770409953,-0.7665958996961943,-0.6723483151730898,-0.3524940387301248,0.4208573790559796,-0.7790475322195718,-1.0030969190222077,-1.004000209010555,-0.8870899734415282,-0.2817300179983323,-1.0026668657945366,-0.3871040381392759,1
0.0234379159387632,0.5007003379405158,0.1844757839754089,0.0915403295524194,0.1635272040511625,0.0923975400623917,0.0651849749940725,-0.241117015273713,-0.0969872501524315,0.8952618467460707,-0.0958675895488363,-0.1183018495854524,0.4208573790559796,-0.2086241068946302,-1.0030969190222077,-1.0040002089147182,-1.0404514560415792,-0.3520597832635044,-1.0026668657945366,-0.1660481847956632,1
-0.3773417717436494,-0.4383176725719291,-0.3194660494253734,-0.0104924685930237,0.5867350126983124,-0.0259991887668559,-0.4231969967633584,-0.5465425165890095,0.1161223794591992,1.0527102606203644,-0.3499754122314711,-0.1445909825185819,0.4208573790559796,-0.0928595993923193,0.9968262956829548,0.9960289615882014,-1.0753945786593122,-0.3413315139857663,0.9964931084729888,-0.8734269154952237,1
0.0698507121403741,-0.1950212871631212,0.3349846922774786,0.4374742486859757,0.5867350126983124,0.4389080821993916,0.0451168300285053,-0.3800686258498327,0.1145312669655987,0.2572585905254692,0.0885960595893446,-0.0462796694271421,0.4208573790559796,0.4755714783906813,0.9968262956829548,0.9960165752612564,0.4193945555437156,-0.3770924115782267,0.9964931084729888,-0.652371062151611,1
-0.8528133087350229,-0.6674757692402736,-0.9847687646571388,-0.787103412032915,0.5867350126983124,-0.7850475046771968,-0.8070560236719161,-0.4860131919045521,-0.7533211537626803,-0.8029527028999418,-0.7612561444795162,-0.3515856953178809,0.4208573790559796,-0.6880115736201728,0.9968262956829548,0.996032220837302,-0.1066935683121551,-0.3878206808559648,0.9964931084729888,0.8065975699162331,1
0.5433251408614546,-0.2403816302054413,0.8782904904068249,0.3257928065623679,0.5867350126983124,0.3228652808354901,0.6112093125153047,-0.2424676547012767,0.0191142396149875,0.952875651822977,0.611464954173438,-0.1010890930903364,0.4208573790559796,1.2528865229728463,0.9968262956829548,0.9960117378660032,-1.13169183176566,-0.3431195588653893,0.9964931084729888,-0.9176380861639462,1
0.2453565869337289,-0.4094519997268163,0.3504881971310251,0.3733712956576097,0.5867350126983124,0.3754835261128073,0.0514318011369354,-0.1685425767603149,-0.0128571770532995,-0.3684302646099918,0.3662822590837771,-0.0781762700001918,0.4208573790559796,0.4385112097347109,0.9968262956829548,0.9959702659211044,0.6135230145311219,-0.3657681273406143,0.9964931084729888,-0.652371062151611,1
-0.3039280717276762,0.2485675220689182,1.6547614209887422,0.991630937253022,0.1635272040511625,0.9914418639046834,1.7115433318706417,-0.7175341278784866,0.5668049932715701,1.2432902774142025,-0.216498152111586,0.3373809041041107,0.4208573790559796,0.3308463111937541,-1.0030969190222077,-1.0040002090370628,-0.1979339440362361,0.5658032549429788,-1.0026668657945366,-0.652371062151611,1
0.0762414586053119,-0.1867739520645176,-1.028500517618552,-0.8441214712638389,-1.9525118391845877,-0.8421766282081454,-0.8207854754971726,-0.2282640018949445,-0.8049328652738499,-0.7762715005488046,0.1579520967392676,-0.3524067530021368,0.4208573790559796,-0.7960410847831844,-1.0030969190222077,-1.0040002089334883,0.710587244024825,-0.3484836935042584,-1.0026668657945366,-0.652371062151611,1
4.808669100222575,16.395671454406507,1.5115788407696804,0.8914811281867207,0.5867350126983124,0.8954456029638967,1.4669384329029995,2.661192076365157,0.5787383369735747,1.7332275205872834,1.7786372475540688,0.2015378646709961,0.4208573790559796,2.41447722744176,0.9968262956829548,0.9959630276088226,-0.885148688851654,-0.3592119627819966,0.9964931084729888,-0.652371062151611,1
-0.4668921065835905,0.107184634664284,-0.8806552386349649,-0.7637780401058234,0.5867350126983124,-0.7617938103805104,-0.7701256415653805,0.1056545378327906,-0.7371614174995492,-0.7432864976421787,-0.5543615815460966,-0.3508440317472341,-2.376101857220821,-0.6362235594090716,0.9968262956829548,0.9959763085395146,0.1650862742702136,-0.3592119627819966,0.9964931084729888,1.0718645939285685,1
0.1276070833172497,-0.0471583507524414,1.3928057073051356,0.535745620971802,-0.6828884132431379,0.5360864781033335,1.305708658955015,-0.2280016296997453,0.7625118299844442,0.7734372360109331,0.1122318394493912,0.1816774725405549,0.4208573790559796,0.1911606113087947,-1.0030969190222077,-1.0040002089212314,-0.6735486685553813,1.3582051440959135,-1.0026668657945366,-0.3871040381392759,1
-0.5544453331532386,0.3781685021898328,-0.5477496102052564,-0.4518641493819916,0.5867350126983124,-0.4494571785263191,-0.6173654784037448,0.4885435023354191,-0.4609542330635695,-0.6801018920743757,-0.7128236679034304,-0.321994524298853,0.4208573790559796,-0.434215144911507,0.9968262956829548,0.9960654436619832,-1.2539927609277255,-0.3592119627819966,0.9964931084729888,-0.4313152088079983,1
-0.4688892148538836,-0.4724852036947157,-1.0541356834920723,-0.8608642381936656,-1.9525118391845877,-0.8588999330009025,-0.8290079269795007,-0.6306872449998231,-0.8214406573949561,-0.8173195041659389,-0.3374741793735628,-0.3526360770335826,0.4208573790559796,-0.8026822432563203,-1.0030969190222077,-1.0040002090273328,1.9704809428530916,-0.3556358730227505,-1.0026668657945366,-0.652371062151611,1
-0.7383390626818243,-0.4341940050226273,-0.8651378446255004,-0.7266191070500629,0.5867350126983124,-0.7244298894552775,-0.7639463884769753,-0.2757127579129241,-0.6883838751176056,-0.7163120952652048,-0.6908806052747556,-0.349127593185414,0.4208573790559796,-0.6278504909811766,0.9968262956829548,0.9959847038677248,-0.5823082928313004,-0.3592119627819966,0.9964931084729888,0.8065975699162331,1
-0.0391913994176273,-0.2445052977547432,-0.6598209680200142,-0.4086199638707917,0.5867350126983124,-0.4057364827389464,-0.661987581907566,-0.3368266908081718,-0.3502227479620525,-0.3678438645583184,-0.0202733060278826,-0.299414785684985,0.4208573790559796,-0.4676683529850094,0.9968262956829548,0.9959797276122158,-0.545423885623693,-0.3770924115782267,0.9964931084729888,-0.1660481847956632,1
-0.1690833213174883,-0.515489165280292,-0.7830223521232939,-0.5591428165990556,-2.375719647831738,-0.5575292386002222,-0.6882445337254215,-0.479768172739983,-0.6054471363886743,-0.178729847893664,-0.0973452695799316,-0.2964289391630709,0.4208573790559796,-0.6889231051753092,-1.0030969190222077,-1.0040002090307472,1.269677205908555,-0.3413315139857663,-1.0026668657945366,-0.652371062151611,1
1.2185873892129464,0.3822921697391347,1.1668045935163522,0.831596265455615,0.5867350126983124,0.8356828185386487,0.9852903264813804,0.3947045143501848,0.6185161493135898,0.7753430361788713,1.2149920826976426,0.164470969942235,0.4208573790559796,1.714603299408104,0.9968262956829548,0.99601311581328,-0.6366642613477741,-0.3222590352697874,0.9964931084729888,-0.1660481847956632,1
0.348167720688416,-0.0654203070422066,1.2296889202876609,0.1744676397810441,0.5867350126983124,0.1780137384340156,1.070914561356471,-0.2129766095859952,0.4745204686427351,0.6618746261800786,0.3654410951449836,-0.1412245969568946,0.4208573790559796,1.815653083234643,0.9968262956829548,0.995983242605221,-1.160811100613771,0.0797530551654547,0.9964931084729888,-0.4313152088079983,1
-0.271734686410552,-0.1773484262375419,-0.9978190435429612,-0.787241399933338,0.5867350126983124,-0.7851930881087412,-0.8114157592064009,-0.4622857255502378,-0.7398961420979252,-0.8032459029257785,-0.1869261645757871,-0.351590189674123,0.4208573790559796,-0.6933245003986817,0.9968262956829548,0.9960198509187194,1.485159795384576,-0.3770924115782267,0.9964931084729888,-0.9176380861639462,1
-0.4247131799150009,-0.6327191427533011,1.2899898758156598,1.0941631073068512,0.5867350126983124,1.1010886968412266,1.156107645093552,-0.6624934478992796,1.4824902333387175,2.0862403516946384,-0.2906758958273137,0.4800515461491619,0.4208573790559796,2.015252450050776,0.9968262956829548,0.9959839818470756,-0.0271009001273186,-0.3413315139857663,0.9964931084729888,-0.652371062151611,1
-0.7187674016329523,-0.175581140144984,-0.6501859366874128,-0.4965515199835758,0.1635272040511625,-0.4950106993968955,-0.644159457273885,0.0431879496256511,-0.4975995426818084,-0.2590666549729125,-0.7457017869928682,-0.3034588656868041,0.4208573790559796,-0.6753803506418555,-1.0030969190222077,-1.0040002088743074,0.5708147535538928,-0.3592119627819966,-1.0026668657945366,-0.4313152088079983,1
-0.8368364425726784,-0.6179917586486517,-0.6366415564168092,-0.466776822966448,0.5867350126983124,-0.4659524120029799,-0.6606194533165611,-0.6512679277682267,-0.3634985928305325,-0.722469295807775,-0.7580364164724603,-0.3244153515734999,0.4208573790559796,-0.4937121117031896,0.9968262956829548,0.9959793410591672,-0.4871853479274712,-0.3520597832635044,0.9964931084729888,0.0550076685479494,1
0.37061521764651,0.1984944161131102,-1.0153974018090075,-0.8311012628617297,-1.1060962218902877,-0.8291715547644132,-0.8167883451562606,-0.2676629942735676,-0.7945906340654459,-0.8023663028482685,0.3088715869925084,-0.3523219602488622,0.4208573790559796,-0.7950253781931753,-1.0030969190222077,-1.0040002089244973,1.6016368707770197,-0.3413315139857663,-1.0026668657945366,-0.652371062151611,1
0.1167428143268553,0.7192547180535126,1.1086849150620897,0.7734814184307998,0.5867350126983124,0.7731315136566779,0.899827108712632,0.2690837945368459,0.6185161493135898,0.7546724343573856,-0.0777581237231396,0.1268421293065935,0.4208573790559796,1.597250122623984,0.9968262956829548,0.996028708775908,-0.355177995816035,-0.3413315139857663,0.9964931084729888,-0.652371062151611,1
-0.2311534463581969,-0.2138723388170724,-0.912342542068525,-0.6541870576793551,-0.6828884132431379,-0.652054256818155,-0.7789717248104175,-0.4086097487873008,-0.5694482162209606,-0.6740912915447238,-0.2444194282924662,-0.3413650654239805,0.4208573790559796,-0.6434637243327257,0.9968262956829548,0.9959899812204284,0.2893284880221537,-0.3413315139857663,0.9964931084729888,-0.652371062151611,1
0.1500545802753437,-0.248039869939859,0.4022081220740696,1.0468461073994095,0.5867350126983124,1.0500487786705106,0.1035259067177115,-0.4498440763452414,0.8596691366249312,-0.8155603040109187,0.162008055610658,0.3048834934403961,0.4208573790559796,0.4990889925131981,0.9968262956829548,0.9960375933468516,1.9277726818758625,-0.3413315139857663,0.9964931084729888,-0.652371062151611,1
0.1792123610216225,-0.4035610460849566,0.7656941165290241,0.3225177159779251,0.5867350126983124,0.3247179804220907,0.4928533286916835,-0.3496617205500009,-0.1014622540406832,1.307207883046597,0.2057452169680599,-0.100179570819612,0.4208573790559796,1.1100755720417053,0.9968262956829548,0.9960528172902124,-0.9996844796542236,-0.4098732343713154,0.9964931084729888,-0.652371062151611,1
0.0521962750309834,-0.4212339070105358,0.1855759052351857,0.5962020755263989,0.5867350126983124,0.5990807842062035,-0.0977448207394564,-0.4882295757456818,0.6185161493135898,-0.8155603040109187,0.1848267389557863,0.0311738415326503,0.4208573790559796,0.2365679046339418,0.9968262956829548,0.9959866131620756,2.24226078543546,-0.3413315139857663,0.9964931084729888,-0.652371062151611,1
-0.4112127280078199,-0.1343444646519657,1.1020844367507143,1.6881396725887443,0.5867350126983124,1.6907324032970965,0.9021335834754132,0.3533174399931993,1.9833923352303573,-0.7841879012463947,-0.4132502392139714,0.8165683216169045,-2.376101857220821,1.5430270169727325,0.9968262956829548,0.9959975151354324,0.3436844565386271,-0.3890127107757135,0.9964931084729888,1.7792433246281287,1
1.7118731319753342,0.4276525127814548,-1.0469731944400769,-0.8588640920925311,-3.2221352651260378,-0.8569021119107858,-0.8268063478232381,0.3168614908232173,-0.8169656535067045,-0.8023663028482685,1.6329764894175596,-0.3525996700507448,0.4208573790559796,-0.8008852239047658,-1.0030969190222077,-1.0040002089393782,1.6016368707770197,-0.3413315139857663,-1.0026668657945366,-0.652371062151611,1
0.3759674678108954,-0.3110730739077584,0.2742070024091587,0.2393498971222651,-0.2596806045959874,0.2400352907469933,0.1733913701893565,-0.1543171653070046,0.0506878781598744,1.3312502851652042,0.4544235185167126,-0.0186564405434658,0.4208573790559796,-0.1250236414092718,-1.0030969190222077,-1.0040002089974145,0.0233724992094071,-0.3413315139857663,-1.0026668657945366,-0.1660481847956632,1
-0.6089264467668335,-0.61092261427842,0.5057414161812064,0.8516885976592222,0.5867350126983124,0.8535948580531809,0.2073877207943418,-0.6007636818729802,0.6185161493135898,0.7643480352099961,-0.5237715120829559,0.1765287472808256,0.4208573790559796,0.7157730650484573,0.9968262956829548,0.9960329098143836,-1.009390902603594,-0.3890127107757135,0.9964931084729888,0.3202746925602845,1
-0.4556284159391377,-0.5202019281937798,0.4664996705224741,0.0460943929135834,-0.2596806045959874,0.0470044307161906,0.236219903928069,-0.5940588084626645,-0.1014622540406832,-0.3693098646875018,-0.3568099626636086,-0.1665535827621289,0.4208573790559796,-0.4341630573940707,-1.0030969190222077,-1.0040002089415834,0.9843083711970676,0.5216981479122778,-1.0026668657945366,-0.1660481847956632,1
1.7491791144644084,-0.0194708686357005,-0.6114834706134346,-0.2316208650236207,0.5867350126983124,-0.2290224777033014,-0.6501140633969372,0.0451199256764191,-0.1014622540406832,-0.8130681037913069,1.7314576971469895,-0.2804238470424806,0.4208573790559796,-0.4838415271489993,0.9968262956829548,0.9959952997082828,1.918066258926492,-0.3890127107757135,0.9964931084729888,-0.1660481847956632,1
-0.8161464008924422,-0.633308238117487,1.543898100988028,-0.3912613878859796,-1.5293040305374377,-0.3898429587171307,1.5186747137937366,-0.6948579827275841,0.2585269476364533,1.7317615204581,-0.7151726335249395,-0.2722943520923638,0.4208573790559796,0.3669950482945883,-1.0030969190222077,-1.0040002090252993,-0.9996844796542236,3.9738167955044537,-1.0026668657945366,-0.652371062151611,1
-0.7512803242733233,-0.6698321506970175,-0.3003513502996877,0.1490908186691901,-0.6828884132431379,0.1498811313054533,-0.3296086872239691,-0.7006107969383591,0.0731126198665579,0.3353963974109428,-0.6541546881073823,0.0707389479727073,0.4208573790559796,-0.4376659429416658,-1.0030969190222077,-1.0040002089643365,0.3630973024373677,-0.3413315139857663,-1.0026668657945366,0.8065975699162331,1
-0.7845122058909999,-0.4353721957509992,-0.7446602595586267,-0.6971666028161213,0.1635272040511625,-0.695392583125811,-0.7121847817639465,-0.0767008517393733,-0.6774946989895265,-0.7448990977842804,-0.7493960618141589,-0.3462095899850456,0.4208573790559796,-0.7505165945438054,-1.0030969190222077,-1.004000208905034,-0.9938606258846016,-0.321365012829976,-1.0026668657945366,1.292920447272181,1
-0.4163253251797701,0.924259904790232,-0.8274376424383973,-0.7251063113340191,0.5867350126983124,-0.7255893578624674,-0.7472078084294888,0.399913905310287,-0.6832127595134038,-0.7179246954073064,-0.7041588721034918,-0.3493124113206484,0.4208573790559796,-0.6075624029397144,0.9968262956829548,0.9959813247455156,-0.6347229767579001,-0.3770924115782267,0.9964931084729888,0.8065975699162331,1
-0.3680751893694896,-0.2327233904710237,0.537745881675475,-0.0183066926416429,-0.2596806045959874,-0.0173217936909491,0.3032316987177622,-0.1590574806562969,-0.1014622540406832,-0.3241570607086541,-0.3660529745849714,-0.1926211203919428,0.4208573790559796,-0.4007749587173637,-1.0030969190222077,-1.0040002088160247,-0.6483119688870186,0.6575895587636271,-1.0026668657945366,-0.1660481847956632,1
-0.8033649079625665,-0.4801434434291334,-0.6663433055149965,-0.7885367910664826,0.1635272040511625,-0.7866565607877277,-0.6764001753005175,2.337238843337098,-0.7453655912946773,-0.7073694944771862,-0.755157070603068,-0.3512616767234137,-2.376101857220821,-0.7374947151847152,-1.0030969190222077,-1.0040002085910944,-0.3144110194286798,-0.2206384846112125,-1.0026668657945366,2.044510348640464,1
-0.1917704712680176,-0.4218230023747218,-0.9181758961177284,-0.7118880121657397,-0.6828884132431379,-0.7100968800060377,-0.7768035943661133,-0.1220435835981345,-0.6995216625728099,-0.6372946883022212,-0.1500566650442391,-0.342548062809669,0.4208573790559796,-0.7630566643666091,-1.0030969190222077,-1.004000208970005,0.3495083103082495,-0.3621920375813682,-1.0026668657945366,-0.652371062151611,1
-0.748484372694913,-0.2751382566924139,-0.735156547354034,-0.7445385412874641,0.1635272040511625,-0.7427094554803257,-0.7074489932995968,1.259485069670684,-0.728758354642721,-0.7473912980038921,-0.7494079460389916,-0.3498113129979488,0.4208573790559796,-0.7536027799519097,-1.0030969190222077,-1.0040002088591031,-0.663842245606011,-0.2972264069550652,-1.0026668657945366,0.3202746925602845,1
-0.4746408866723277,0.6850871869307261,-0.9934451820146344,-0.8069473179103608,0.5867350126983124,-0.8049288800267831,-0.8094442587162392,0.4288242853249034,-0.7640611630944844,-0.7598522991019508,-0.7086292839729815,-0.3519617679635402,0.4208573790559796,-0.6883240987247911,0.9968262956829548,0.9960013264480068,-0.5570715931629376,-0.3770924115782267,0.9964931084729888,-0.6965822328203334,1
-0.1555029850794955,-0.4801434434291334,1.5847591168090869,-0.1893007057578989,-1.9525118391845877,-0.1881170398450117,1.586182699171441,-0.5611488542500219,0.4745204686427351,1.944038339163852,-0.0685240062845133,-0.1491662914856182,0.4208573790559796,0.4235620922304756,-1.0030969190222077,-1.0040002090317417,-0.9996844796542236,3.9738167955044537,-1.0026668657945366,-0.652371062151611,1
-0.5308794555637805,-0.4047392368133286,1.0406611947292903,0.6538039068998688,0.5867350126983124,0.657390432675262,0.8318413737433353,-0.5395768764929376,0.8596691366249312,-0.3611002639640749,-0.4946838627667573,0.0627800457963261,0.4208573790559796,1.4562231691650382,0.9968262956829548,0.9960695932085998,-0.8133211590263139,-0.338947454146269,0.9964931084729888,0.8065975699162331,1
-0.4051415188661289,-0.0677766884989505,1.6395572379311136,4.787157216573029,0.5867350126983124,4.793051014100521,1.667252572884541,-0.3602285815292481,4.938386569439227,-0.58012068326407,-0.423443615404195,5.408832424917299,0.4208573790559796,2.550699107417201,0.9968262956829548,0.9959909797118272,0.2951523417917756,-0.3770924115782267,0.9964931084729888,0.8065975699162331,1
0.7495864830173226,-0.2144614341812585,1.410820028240084,-0.8131579814579669,-3.2221352651260378,-0.811249131000467,1.3191020727387903,-0.1877849094025243,-0.1014622540406832,1.1660320706062386,0.8262487738070167,-0.3480934691462855,0.4208573790559796,0.2224652092880474,-1.0030969190222077,-1.0040002090341826,-0.9996844796542236,3.686835592324959,-1.0026668657945366,-0.652371062151611,1
0.4326853426872186,3.687706258186643,-0.4054175972718735,-0.3870239032688501,0.5867350126983124,-0.384806930787412,-0.5363399573826029,0.3104188596926291,-0.4609542330635695,-0.6427188887801998,-0.1722826320187763,-0.3118221121876486,0.4208573790559796,-0.3323059170472679,0.9968262956829548,0.995963221555595,-0.9026202501605206,-0.3502717383838814,0.9964931084729888,-0.6965822328203334,1
-0.7844323215601882,-0.6710103414253895,0.5227285388952103,0.9725407975139498,0.5867350126983124,0.9744846890437868,0.2427526130172831,-0.6839609205098443,0.9065075106552988,1.2364000768070402,-0.698357202822073,0.2778852767915188,0.4208573790559796,0.7819632778307122,0.9968262956829548,0.996030364019258,0.6756441214070922,-0.3413315139857663,0.9964931084729888,-0.1660481847956632,1
1.3868237899024345,1.197600153772525,-0.2700593901183044,0.0901528999885005,0.5867350126983124,0.0934304526767436,-0.4207028345349437,0.6275401523232501,0.2109924618901353,0.1698849828261407,1.0847530122422575,-0.1330050406538364,0.4208573790559796,-0.1165854635845814,0.9968262956829548,0.9960334703211656,-1.0229798947327124,-0.3413315139857663,0.9964931084729888,-0.652371062151611,1
-0.749363100333842,-0.2981129758956669,-0.9424685595156708,-0.7836097363876982,0.1635272040511625,-0.7817352334187667,-0.7915469593341777,0.802461725940954,-0.7659008869152101,-0.7435796976680153,-0.7455286809254925,-0.3510925401492783,-2.376101857220821,-0.7800241731715035,-1.0030969190222077,-1.0040002085571085,-0.4017688259730126,-0.3744103442587922,-1.0026668657945366,0.4971193752351748,1
0.951374302647734,0.63913774852422,-0.2611545224449713,-0.262254631733204,0.5867350126983124,-0.2665729244968426,-0.4230491655748027,0.2492175020241508,-0.3250135593915679,0.3695542004209152,0.8790244487263946,-0.2710281038419981,0.4208573790559796,-0.1258570416882535,0.9968262956829548,0.9959837735421588,-1.00744961801372,-0.3592119627819966,0.9964931084729888,0.3202746925602845,1
-0.842108808406252,-0.61092261427842,-0.7950235086003781,-0.6992365338326283,0.1635272040511625,-0.6974601080118775,-0.7327229016423122,0.5030809330058463,-0.7039966664610616,-0.6737980915188871,-0.7618373503430365,-0.3466544272656836,-2.376101857220821,-0.749891544334569,-1.0030969190222077,-1.004000208663432,-0.5318348934945748,-0.3362653868268344,-1.0026668657945366,3.238211956695973,1
-0.7572716490842025,-0.319909504370548,-0.2445479242760153,-0.2485448037258857,0.1635272040511625,-0.2472922712534836,-0.4182590952723391,-0.4534976395574667,-0.2524190518710403,-0.2861876573628048,-0.7491790065379677,-0.2275648416528742,-2.376101857220821,-0.578901246470357,-1.0030969190222077,-1.0040002089550917,-0.1047522837222811,-0.2114002527331603,-1.0026668657945366,-0.3871040381392759,1
-0.7247587264438314,-0.6238827122905115,-1.0578287956340673,-0.8583392699260666,-0.6828884132431379,-0.8563778998084153,-0.8301126263688554,-0.6802637004323115,-0.8214406573949561,-0.8173195041659389,-0.6171590214593704,-0.3526322622354314,0.4208573790559796,-0.8031510309132475,-1.0030969190222077,-1.0040002090274012,1.8132368910732928,-0.3663641423004886,-1.0026668657945366,-0.8292157448265013,1
-0.6047724615646239,-0.5496566964030785,1.7403877114960329,3.9083017472908046,0.5867350126983124,3.914687946824586,1.837557312361365,-0.6234615558254144,4.8663887291038,2.866738820471863,-0.5288791874802716,4.244643131220059,0.4208573790559796,2.956604108919399,0.9968262956829548,0.9960578812789844,-0.353236711226161,-0.335371364387023,0.9964931084729888,-0.1660481847956632,1
4.8532445568155165,0.7275020531521164,1.700077175587514,0.7835067492194322,0.5867350126983124,0.7824616142968779,1.764024174619938,1.1638233785912289,1.3384945526678629,2.156315157869603,4.869627483148155,0.1328033024982315,0.4208573790559796,2.809118303298344,0.9968262956829548,0.9960521069413494,-0.9996844796542236,-0.3592119627819966,0.9964931084729888,-0.652371062151611,1
0.9111125999186256,-0.2745491613282279,0.8797705399424878,0.7534781402671059,0.1635272040511625,0.7535659006343574,0.7714170790489281,0.2583969693477638,0.6185161493135898,-0.207023650386903,1.0523955567388903,0.173261757109729,0.4208573790559796,-0.2855183045100573,-1.0030969190222077,-1.0040002089891031,0.6329358604298625,0.8360960392459921,-1.0026668657945366,1.292920447272181,1
-0.4830287414075585,-0.6038534699081882,0.8880683011381422,0.1143673135710845,-0.2596806045959874,0.1151979895247485,0.6481905516426006,-0.6861547890341545,-0.1014622540406832,0.6703774269293421,-0.3410890765421968,-0.1386625993832723,0.4208573790559796,-0.142108347128398,-1.0030969190222077,-1.0040002089978408,-0.0271009001273186,0.5216981479122778,-1.0026668657945366,-0.652371062151611,1
-0.6552593586376326,0.0182312346722018,-0.7681804718138623,-0.684721824454275,0.1635272040511625,-0.6829622708306129,-0.7199931486939584,0.7217892044497329,-0.6974333274249592,-0.7446058977584438,-0.6424528375424715,-0.346152796796788,-2.376101857220821,-0.751896913755869,-1.0030969190222077,-1.00400020892225,-0.6366642613477741,-0.3842445910967188,-1.0026668657945366,2.751889079340024,1
-0.8613609321318771,-0.6969305374495723,-0.9791010080105848,-0.8070990998719328,0.1635272040511625,-0.8051972923831615,-0.8038533271186684,-0.7083494253124902,-0.7804197884193156,-0.7514960983656055,-0.7630857918988982,-0.351719535750242,-2.376101857220821,-0.7917178208359664,-1.0030969190222077,-1.004000208879837,-0.9123266731098908,-0.3732183143390435,-1.0026668657945366,3.724534834051921,1
-0.8310048864234225,-0.5950170394453986,0.3671913403814189,0.5959728654203252,0.5867350126983124,0.5982907565901475,0.0666128033590032,-0.675605317416345,0.5787383369735747,-0.6531274896974016,-0.7561505619016679,0.0308130837777072,0.4208573790559796,0.4599712669184915,0.9968262956829548,0.9959647885077848,-0.2736440430413243,-0.4009330099732003,0.9964931084729888,0.5855417165726204,1
-0.7914621426716199,-0.6415555732160907,0.2265200790231663,0.3017743022966198,0.5867350126983124,0.3014651097056916,-0.0501540839713201,-0.593446859189749,-0.1014622540406832,0.8791358453250536,-0.6804358665177858,-0.1089546405895321,0.4208573790559796,0.3741049944246515,0.9968262956829548,0.995970689878209,-0.9996844796542236,-0.372324291899232,0.9964931084729888,0.3202746925602845,1
-0.6564576235998085,0.0447405260605707,-0.7877385632313659,-0.7086736547341048,0.1635272040511625,-0.7068862590096757,-0.7284404143216424,-0.322549380318468,-0.7192116796811173,-0.6579652901237067,-0.7373869405053011,-0.3476398128679224,0.4208573790559796,-0.7437191735183604,-1.0030969190222077,-1.0040002089266942,-0.8172037282060618,-0.3592119627819966,-1.0026668657945366,-0.1660481847956632,1
0.3794024940357995,-0.5755768924272614,1.0325602571660573,1.84561875738989,0.1635272040511625,1.844436991012915,0.9498663725728144,-0.6910302678256538,1.1221032535381807,1.6402831123970578,1.0052324499133405,1.1737251656599756,0.4208573790559796,0.1795841605585635,-1.0030969190222077,-1.0040002090367444,-0.3124697348388056,-0.3413315139857663,-1.0026668657945366,-0.652371062151611,1
-0.6313739437249276,-0.1961994778914932,-0.8819654225468762,-0.6624053128307328,0.1635272040511625,-0.6606717003797543,-0.7591635331978841,0.8023958693305302,-0.64701495028399,-0.5751362828248465,-0.6374672931097897,-0.330868890729908,-2.376101857220821,-0.7495790192299508,-1.0030969190222077,-1.00400020894734,0.0194899300296589,-0.3890127107757135,-1.0026668657945366,1.7792433246281287,1
0.3451321161175706,0.6579888001781712,-0.4542470364165545,-0.3941854681157637,0.1635272040511625,-0.3927636399358389,-0.4937466499199972,0.1067308629365494,-0.4948648180834323,0.1389523801003716,0.156717781714811,-0.2743932461089839,0.4208573790559796,-0.5580662394958129,-1.0030969190222077,-1.0040002089081976,-1.0559817327605716,-0.3842445910967188,-1.0026668657945366,-0.1660481847956632,1
-0.8129510276599733,-0.535518407662615,-0.7782857290451092,-0.5678307937933255,-0.2596806045959874,-0.5662071167108864,-0.7099309533122415,-0.6578505515975565,-0.5601998748519071,-0.5595966814555028,-0.7539476451815631,-0.3183167385747805,0.4208573790559796,-0.7175712397653075,-1.0030969190222077,-1.0040002088255675,-1.1394569701251562,-0.3556358730227505,-1.0026668657945366,-0.9176380861639462,1
-0.2043123112054581,0.1313375445959092,-1.0296223602500645,-0.8334019971630449,-0.2596806045959874,-0.8313856518929083,-0.8215056406624399,-0.4017923066931527,-0.7856406262889426,-0.8023663028482685,-0.2509486513130192,-0.3524339190677326,0.4208573790559796,-0.7067370361385444,0.9968262956829548,0.9960093714110784,1.935537820235358,-0.3413315139857663,0.9964931084729888,-0.652371062151611,1
0.3317914328720128,3.5663526131643324,-0.876184548381063,-0.7789002673797825,0.5867350126983124,-0.7770689140674009,-0.7684935720768676,1.7664440868675415,-0.747255037380828,-0.7453388978230355,-0.6030298740300277,-0.3513482994249294,0.4208573790559796,-0.6343614306607217,0.9968262956829548,0.996049756222862,0.0466679142878959,-0.3610000076616195,0.9964931084729888,-0.1660481847956632,1
-0.5236898657907254,0.4058559843065737,-0.5039405209343654,-0.5385134080807769,0.1635272040511625,-0.5369238101312347,-0.588236834947304,-0.4200302676522172,-0.5688018267704352,-0.4807258745054377,-0.605590588135507,-0.3308863753590145,0.4208573790559796,-0.6852118695579685,-1.0030969190222077,-1.0040002089401767,-0.7046092219933662,-0.3115307659920494,-1.0026668657945366,-0.652371062151611,1
-0.5016417904866899,-0.2403816302054413,0.8803380785275443,0.5881316528531366,0.5867350126983124,0.5915167377199598,0.624322513581405,-0.7195182197840366,0.5668049932715701,0.6351934238289413,-0.4496626071789955,0.0265684371850962,0.4208573790559796,1.2307623499417522,0.9968262956829548,0.9960019122163024,-0.4270055256413754,-0.2817300179983323,0.9964931084729888,-0.652371062151611,1
-0.3052062210206638,1.316597417338092,0.2444314512256631,0.0747219333356431,0.1635272040511625,0.0755986938957258,0.0406222376171014,0.4026884305960937,-0.2558996104507917,0.0174209693910705,-0.6904210071710021,-0.1595178093790312,0.4208573790559796,-0.3168359243686689,-1.0030969190222077,-1.004000208947238,-1.1530459622542746,-0.3449076037450124,-1.0026668657945366,-0.9176380861639462,1
2.237352260054846,0.934274525981394,0.9053073004027352,0.8419341681580926,0.5867350126983124,0.8407991900317875,0.6521620561324334,0.3422304510118324,0.5465183089781623,1.5905857080177417,2.0232797709904813,0.1735806077352087,0.4208573790559796,1.3365390759756408,0.9968262956829548,0.9960095163432794,-1.00744961801372,-0.3890127107757135,0.9964931084729888,-0.652371062151611,1
1.0555434700262205,-0.1425917997505694,-0.0665124443801827,-0.0657604828325443,0.1635272040511625,-0.0647204226188981,-0.2218964092319567,0.5008963161309491,-0.1742556506229108,0.6280100231959429,1.0944702720036457,-0.1217265414694906,-2.376101857220821,-0.3965688916843775,-1.0030969190222077,-1.0040002085787765,-0.2581137663223319,-0.2972264069550652,-1.0026668657945366,1.0718645939285685,1
0.6816848018273582,-0.2327233904710237,-0.2049981828195082,0.4200890714443183,0.5867350126983124,0.4231907598594717,-0.4054414388064166,-0.1823100484654704,0.6185161493135898,-0.8155603040109187,0.7246089782964,-0.0549286728270349,0.4208573790559796,-0.1647664172132148,0.9968262956829548,0.9960388783041054,2.261673631334201,-0.3413315139857663,0.9964931084729888,-0.652371062151611,1
1.6930204299037672,0.1619705035335798,1.4209204328112237,-0.8635760622610429,-3.645343073773188,-0.8616086047881382,1.33347809317053,0.0002326884337437,-0.1014622540406832,1.307207883046597,1.623953298283827,-0.3526393757596571,0.4208573790559796,0.235005279110851,-1.0030969190222077,-1.004000209027394,-0.9996844796542236,3.9738167955044537,-1.0026668657945366,-0.652371062151611,1
-0.8599230141772661,-0.6939850606286425,-0.6947279702555043,-0.6250602179693598,0.5867350126983124,-0.6230549506707302,-0.6915616359405102,-0.4716171531576081,-0.660340517417895,-0.6670544909246436,-0.7403390865947383,-0.3424327709252649,-2.376101857220821,-0.5328037935391782,0.9968262956829548,0.9960324389681086,-0.6890789452743737,-0.3890127107757135,0.9964931084729888,2.2655662019840763,1
-0.6276193801767767,-0.6144571864635358,1.9345644722610196,2.973503202013986,0.5867350126983124,2.974063702039996,2.126653972950409,-0.6936557976216586,2.7784513593764086,1.307207883046597,-0.4663674921678514,2.2908586386928698,0.4208573790559796,3.243580286235026,0.9968262956829548,0.9959975003305492,0.6212881528906182,-0.3413315139857663,0.9964931084729888,-0.652371062151611,1
1.751415875727137,0.8376628862548938,1.902439746633696,0.2939536234695735,0.1635272040511625,0.2945755445983199,2.10314096037166,0.4450232554357793,0.6908620455069922,1.6078845095421057,1.503459890139745,-0.0727416549864059,0.4208573790559796,0.5206402028524922,-1.0030969190222077,-1.0040002089199247,-0.8754422659022837,3.5774668471880178,-1.0026668657945366,-0.1660481847956632,1
-0.2598319211196053,-0.394724615622167,0.4751916826478527,0.2568919292968755,0.1635272040511625,0.2575569317021541,0.2903386815310415,-0.5337907819762473,0.0485995430120236,0.9052306476245175,-0.1946061393292053,-0.0677988570707211,0.4208573790559796,-0.1253101227551718,-1.0030969190222077,-1.0040002089589242,-0.9996844796542236,-0.245969120405872,-1.0026668657945366,-1.0944827688388363,1
-0.6416790223996398,-0.5961952301737706,1.9784263648845348,0.978343771284257,0.5867350126983124,0.9702758878647226,2.199802520985404,-0.6501544551787538,1.3384945526678629,1.323333884467614,-0.5590134707608316,0.2500630317944788,0.4208573790559796,3.341608994050256,0.9968262956829548,0.9960693711895698,-1.00744961801372,-0.126766128431004,0.9964931084729888,-0.652371062151611,1
-0.2647847496299321,0.5814064028339944,-0.9573908995187508,-0.8015302750744718,-0.6828884132431379,-0.7996349409023261,-0.7964210721804528,0.7919304481949182,-0.7719670032970624,-0.7750987004454578,-0.4443861608403437,-0.3515152953594538,0.4208573790559796,-0.7819514113166489,-1.0030969190222077,-1.0040002089327242,0.3203890414601386,-0.3413315139857663,-1.0026668657945366,-0.1660481847956632,1
-0.6665230492820856,-0.6132789957351639,2.290054949781052,2.133450056278353,0.5867350126983124,2.1256072860235125,2.751825170776874,-0.5602183267842873,2.7784513593764086,1.3060350829432503,-0.4736860818453794,1.2539797104303734,0.4208573790559796,4.067240199456192,0.9968262956829548,0.9959874077494412,-0.9996844796542236,3.5399179047159346,0.9964931084729888,-0.1660481847956632,1
-0.6624489484106877,-0.6227045215621395,1.1310361344892457,0.4536067311546037,0.5867350126983124,0.4525976279093555,0.9313656828011158,-0.6397726109483332,0.6185161493135898,-0.1804890480486841,-0.5120310191014505,-0.0418227483664655,0.4208573790559796,1.612459677715401,0.9968262956829548,0.995987581413266,1.2832661980376734,-0.3663641423004886,0.9964931084729888,-0.652371062151611,1
-0.5590786243403186,0.3540155922582078,0.2437799001083732,0.4238393045067398,0.5867350126983124,0.4235133512498821,-0.0406367878519692,0.1580371964198832,0.2620075062162046,0.4663102089470174,-0.7135336569077488,-0.0564341317765507,0.4208573790559796,0.3583615422795114,0.9968262956829548,0.9959863082806952,-1.015214756373216,-0.3413315139857663,0.9964931084729888,-0.652371062151611,1
-0.540225922268752,-0.5537803639523804,-0.2730449761011639,-0.2973237402595247,0.1635272040511625,-0.296014506146772,-0.4220016732067703,-0.6358336199337323,-0.356984976059855,0.1303029793381898,-0.4606209088845568,-0.2599046207242367,0.4208573790559796,-0.5909074192394381,-1.0030969190222077,-1.0040002089106443,0.4174532709538417,-0.1902417216576212,-1.0026668657945366,-0.652371062151611,1
-0.5924702746196187,-0.2062140990826548,0.11803361189632,0.6402497576882639,0.1635272040511625,0.6404691370591815,0.0650740785302763,-0.4493334865965986,0.2909458646935655,1.3432714862245076,-0.6042295080461674,0.4069191796617932,0.4208573790559796,-0.1709127442707053,-1.0030969190222077,-1.00400020886399,-0.7356697754313514,-0.3532518131832531,-1.0026668657945366,0.8065975699162331,1
2.7032376773488127,0.2668294783586836,-0.970266316346402,-0.7920065670163662,-0.6828884132431379,-0.7901223033985927,-0.8013259896000045,0.6052841252788275,-0.7643594966870345,-0.7915179018923115,2.6415358639520985,-0.3513107275126127,0.4208573790559796,-0.7871080755428485,-1.0030969190222077,-1.0040002090340343,2.2888516155924377,-0.3413315139857663,-1.0026668657945366,-0.1660481847956632,1
0.748308333724335,1.854441484839888,1.1116717592015657,1.0310966734987583,0.5867350126983124,1.035240844689855,0.91066821581895,-0.71117899437913,0.5668049932715701,0.6222926226921277,0.757338581947204,0.2928617832253774,0.4208573790559796,1.6340759974514905,0.9968262956829548,0.9960019068365528,-0.3124697348388056,-0.3413315139857663,0.9964931084729888,-0.652371062151611,1
0.3445729258018885,0.4311870849665706,-0.5053723237772606,-0.1673179304827267,0.5867350126983124,-0.1779976402948021,-0.5836738055072793,-0.1700953383275001,-0.1014622540406832,-0.3778126654367653,0.2234195258316406,-0.2681903079333778,0.4208573790559796,-0.3829610277541284,0.9968262956829548,0.9960446125457832,0.9493652485793348,-0.3413315139857663,0.9964931084729888,-0.652371062151611,1
-0.7937787882651598,-0.4624705825035541,-0.9953938086242442,-0.7786677677702324,0.5867350126983124,-0.7766274673584154,-0.8106562923316135,-0.2323852213036716,-0.7398961420979252,-0.8114555036492054,-0.7498806242644164,-0.3513398651739676,-2.376101857220821,-0.6932463691225272,0.9968262956829548,0.9960189180679884,-0.8036147360769436,-0.3890127107757135,0.9964931084729888,1.5139763006157936,1
-0.859683361184831,-0.6933959652644566,-0.9368303350753184,-0.8145678392078171,0.1635272040511625,-0.8126573499026352,-0.790260927639438,0.2475247609253326,-0.7820606231783411,-0.7572134988694208,-0.7612823047228587,-0.3520562203505854,-2.376101857220821,-0.7831754679764034,-1.0030969190222077,-1.0040002087840478,-1.1530459622542746,-0.3556358730227505,-1.0026668657945366,1.0276534232598458,1
-0.5946271515515352,-0.3870663758877493,-0.6556033625549381,-0.3339669491096025,0.1635272040511625,-0.3326151201762744,-0.5997990353289058,-0.5305432024183125,-0.3715535998293856,0.0567097728531847,-0.5660234443104694,-0.2037701677850856,0.4208573790559796,-0.6218083389585589,-1.0030969190222077,-1.0040002086656046,-1.1744000927428893,-0.3842445910967188,-1.0026668657945366,-0.4313152088079983,1
-0.4533117703455976,-0.6197590447412096,-0.554493502451174,-0.2497827696388428,0.5867350126983124,-0.2472936760172009,-0.6209723004419726,-0.5573387038320736,-0.1312956132956945,-0.7919577019310665,-0.367883668414087,-0.2845621365526139,0.4208573790559796,-0.4442159482592882,0.9968262956829548,0.9959922104358696,1.5220442025921832,-0.3961648902942056,0.9964931084729888,0.8065975699162331,1
-0.4167247468338287,-0.56261679441517,0.9717606933118512,0.2576597433844997,0.5867350126983124,0.2564160044807038,0.7259695703793075,-0.6036443454656777,-0.1014622540406832,0.245823789517839,-0.3070478730337468,-0.1276988449894529,0.4208573790559796,1.358923686593917,0.9968262956829548,0.9959729732306658,0.6212881528906182,-0.3413315139857663,0.9964931084729888,-0.652371062151611,1
-0.3855698578172569,1.0208715445167322,-0.851689923874427,-0.7006254096216009,0.5867350126983124,-0.6991654110085525,-0.7577153076804388,0.3196037180694106,-0.6419432792106381,-0.7410874974484036,-0.7006338914284039,-0.3478885661069106,0.4208573790559796,-0.6208056542479089,0.9968262956829548,0.996029046290754,0.2912697726120276,-0.4009330099732003,0.9964931084729888,0.5413305459038973,1
-0.3291715202641806,0.5460606809828358,-1.0434057474795964,-0.8459909700047084,-1.1060962218902877,-0.8440439538051792,-0.8256861869076809,0.4789257814077339,-0.8084631461190263,-0.8036857029645335,-0.4973548983555901,-0.3525162966994739,0.4208573790559796,-0.7999867142289887,-1.0030969190222077,-1.0040002089174744,0.2349725195056797,-0.3627880525412426,-1.0026668657945366,-0.652371062151611,1
-0.8483397862095664,-0.6598175295058559,-0.7259591287398188,-0.4858520169035568,0.5867350126983124,-0.4831153160739425,-0.7006416063237019,-0.7108950285647141,-0.3620069248677819,-0.5359940793756507,-0.7578375986230564,-0.3167733178611009,0.4208573790559796,-0.530186395788001,0.9968262956829548,0.9959701786785636,0.6484661371488553,-0.3413315139857663,0.9964931084729888,0.3202746925602845,1
0.5794328583883532,-0.2562872050384627,-1.047639561610976,-0.8588056737373787,0.5867350126983124,-0.8568334993482126,-0.8270516977605934,-0.2415649142237455,-0.815971208198204,-0.8155603040109187,0.7546551389286718,-0.3526352584996605,0.4208573790559796,-0.7146803825475895,0.9968262956829548,0.9960664948326196,2.24226078543546,-0.3413315139857663,0.9964931084729888,-0.652371062151611,1
-0.6705172658226717,-0.6209372354695816,-0.2919491889518227,-0.129920064977678,0.1635272040511625,-0.1288054243444825,-0.425049667253375,-0.5645206997121746,-0.3096991016406621,-0.1546874457750569,-0.5718647276746641,-0.222526527063428,0.4208573790559796,-0.5552404916748903,-1.0030969190222077,-1.0040002089678146,-0.5279523243148266,-0.3431195588653893,-1.0026668657945366,-0.4313152088079983,1
0.1192991129128305,0.6874435683874699,-0.9898979994073204,-0.8214381059608917,-1.5293040305374377,-0.8195196305161537,-0.8077784813893281,0.2394872760536583,-0.7875300723750932,-0.7736327003162744,-0.0865605224030604,-0.3519874894894435,0.4208573790559796,-0.7875508194410576,-1.0030969190222077,-1.0040002088686142,0.994014794146438,-0.3413315139857663,-1.0026668657945366,0.8065975699162331,1
-0.5049969323807822,0.5201404849586531,-0.7868971376013959,-0.5077097665866963,-1.1060962218902877,-0.5061559754243785,-0.6920656040821442,-0.0154419599509199,-0.5040137149216358,-0.1438390448190998,-0.695333003948115,-0.2618204321469699,0.4208573790559796,-0.6926994501894453,-1.0030969190222077,-1.0040002089487934,0.6523487063286031,-0.3413315139857663,-1.0026668657945366,-0.1660481847956632,1
0.1648331814755124,-0.4271248606523956,1.2896824124185504,-0.3410926230365376,-1.1060962218902877,-0.3397325110730949,1.1506832814298846,-0.4576388040634127,-0.1014622540406832,1.0949310643408454,0.30683901082834,-0.2704756262354976,0.4208573790559796,0.1218711912390763,-1.0030969190222077,-1.004000209016037,-0.6754899531452553,1.384727809810322,-1.0026668657945366,-0.652371062151611,1
-0.2337896292749837,0.9236708094260464,-0.9279645971085398,-0.7900895500293101,-0.6828884132431379,-0.7882075147915604,-0.7853551216264263,0.2261158621974195,-0.7608789381072831,-0.7413806974742403,-0.5091952487231118,-0.3510209985308474,0.4208573790559796,-0.7736955398029857,-1.0030969190222077,-1.0040002089728624,0.6523487063286031,-0.3413315139857663,-1.0026668657945366,-0.1660481847956632,1
-0.7008733115311263,-0.5944279440812126,1.2860174033213487,0.308995727235719,0.5867350126983124,0.3121927842305451,1.1455826441329535,-0.6558834531623786,0.6185161493135898,0.2686933915330996,-0.6126869652317278,-0.1029348668690937,0.4208573790559796,1.8975737262826784,0.9968262956829548,0.9960706080587208,-0.6832550915047516,-0.4009330099732003,0.9964931084729888,-0.652371062151611,1
-0.8483397862095664,-0.6468574314937644,-0.982538911526674,-0.7903513606189105,0.1635272040511625,-0.7884690210471397,-0.8044042550638101,3.952094387989727,-0.7773370079629643,-0.7704075000320711,-0.7452978728356582,-0.3513290948463994,-2.376101857220821,-0.7841130432902578,-1.0030969190222077,-1.004000208943134,-0.0115706234083259,-0.3878206808559648,-1.0026668657945366,1.7792433246281287,1
-0.8378749388732307,-0.6085662328216761,-0.9140801118751336,-0.7636754127418545,0.5867350126983124,-0.7615869452546514,-0.7822180939703206,-0.6722719826745512,-0.7239850171619192,-0.7985547025123917,-0.7607719557470206,-0.3508416154380103,-2.376101857220821,-0.6558865972412976,0.9968262956829548,0.9959735890521256,-0.7997321668971954,-0.4098732343713154,0.9964931084729888,2.751889079340024,1
0.160359658950056,-0.4477431983989047,0.1593792396784925,0.9027472003832296,0.5867350126983124,0.90683021667002,-0.0718493591983376,-0.3301644366950049,0.9858642462736292,1.5562813049948512,0.2464030187098272,0.3013927287892715,0.4208573790559796,0.3922184286131456,0.9968262956829548,0.9960314016860788,-0.2988807427096874,-0.4009330099732003,0.9964931084729888,-0.1660481847956632,1
1.2520589238230582,0.7911243524842019,-0.7530942405977886,-0.4979307500527748,-0.6828884132431379,-0.4963883262206591,-0.6816374266740742,0.6674174087599747,-0.4963564860461829,-0.1763842476869706,1.1372607315262548,-0.2643517068125966,0.4208573790559796,-0.689027280210182,-1.0030969190222077,-1.004000208910136,0.118495444113236,-0.3502717383838814,-1.0026668657945366,-0.4313152088079983,1
-0.8262118265747191,-0.6386100963951609,-0.6593762654624079,-0.3284307463111044,0.5867350126983124,-0.325981445094298,-0.6745722285712376,-0.6993732954526234,-0.203890120816222,-0.7610250992052974,-0.7431068403403862,-0.30083051295555,-2.376101857220821,-0.5127891649642566,0.9968262956829548,0.996022661935953,-0.4444770869502421,-0.3502717383838814,0.9964931084729888,-0.4313152088079983,1
-0.1674856347012539,-0.4919253507128529,-1.051279135862516,-0.8635760622610429,-3.645343073773188,-0.8616086047881382,-0.8281499011346156,-0.5836970502175246,-0.8214406573949561,-0.8155603040109187,-0.0578947256966496,-0.3526393757596571,0.4208573790559796,-0.802057193047084,-1.0030969190222077,-1.0040002090315867,2.261673631334201,-0.3413315139857663,-1.0026668657945366,-0.652371062151611,1
-0.8529730773966463,-0.6863268208942248,0.9253894993650692,0.3031581792804727,-0.2596806045959874,0.3037694008439915,0.69061152950199,-0.7217486301070649,0.2197435806049385,0.2229541875025785,-0.7551927232775664,-0.0383126657941611,0.4208573790559796,-0.1420041720935252,-1.0030969190222077,-1.0040002090374531,-0.5415413164439452,0.5193140880727803,-1.0026668657945366,-0.652371062151611,1
0.5354964764419057,-0.368215324233798,0.4547601566204192,0.5237456263153709,0.5867350126983124,0.5260416316947264,0.1677479330832092,-0.3151386427941722,0.3305247879718807,0.8826542456350939,0.6110639550147721,-0.0027815430323869,0.4208573790559796,0.6833746292030413,0.9968262956829548,0.9959997913134452,-0.0271009001273186,-0.3413315139857663,0.9964931084729888,-0.652371062151611,1
0.3430551235164657,0.061235196257778,1.0555053337660922,0.8323199231744035,0.5867350126983124,0.8334006676392388,0.842261350904275,-0.045219345788107,0.6185161493135898,-0.7921043019439848,0.3575222399980713,0.1631570513808106,0.4208573790559796,1.4638019029520286,0.9968262956829548,0.99607340557667,1.646286416344123,-0.3377554242265203,0.9964931084729888,-0.3871040381392759,1
1.3159663884724364,-0.2032686222617249,0.0624906312065429,0.2236057998810064,0.5867350126983124,0.2260976924363884,-0.202373651282667,-0.0264310233899398,-0.1014622540406832,-0.8155603040109187,1.3432964910425127,-0.1400576094024888,0.4208573790559796,0.1000986089506777,0.9968262956829548,0.9960555865255128,2.24226078543546,-0.3413315139857663,0.9964931084729888,-0.652371062151611,1
-0.4682501402073898,0.2562257618033359,-1.010548303790959,-0.806590895770389,0.5867350126983124,-0.8045906291115306,-0.8155724987485726,0.6129232028505052,-0.7695306122912364,-0.7976751024348816,-0.5877854780552134,-0.3520494540085331,-2.376101857220821,-0.699444783697454,0.9968262956829548,0.9960506617398066,-0.7317872062516032,-0.3854366210164675,0.9964931084729888,2.2655662019840763,1
1.0431613987504034,0.4317761803307567,-0.4004488403043291,-0.2816135176362925,-0.6828884132431379,-0.2803225454098437,-0.4318228820421606,0.2299559550592504,-0.4563797846444677,0.2607769908355095,0.9800247384026128,-0.2331070151257903,0.4208573790559796,-0.5110963206475749,-1.0030969190222077,-1.0040002090150928,-0.3590605649957832,-0.3413315139857663,-1.0026668657945366,-0.652371062151611,1
0.2495105721359385,-0.4565796288616944,1.8703475186607923,1.1200383679493258,0.5867350126983124,1.1235219112894816,2.0273313928041627,-0.4070036332182206,2.058472956022136,1.944038339163852,0.3391968400494694,0.3560129571801786,0.4208573790559796,3.149301879675214,0.9968262956829548,0.9959694449751312,-0.9996844796542236,3.9738167955044537,0.9964931084729888,-0.652371062151611,1
-0.5844818415384464,-0.6274172844756273,1.5144992671234712,-0.4421731090217977,-1.5293040305374377,-0.4406954990198554,1.4730403450250724,-0.6351509163248938,0.2585269476364533,1.5194847017523485,-0.4731751349211221,-0.2887474767044793,0.4208573790559796,0.3292836856706633,-1.0030969190222077,-1.0040002090334712,-0.9996844796542236,3.9738167955044537,-1.0026668657945366,-0.652371062151611,1
1.3934541893598074,-0.008867152080353,1.5268224917560456,0.0804110333521343,0.5867350126983124,0.0834418213463453,1.4887976467835464,0.0345061976907857,0.6185161493135898,1.5194847017523485,1.4358666796733517,-0.1918745510667055,0.4208573790559796,2.420519379464378,0.9968262956829548,0.9960615116636488,-0.9996844796542236,1.1040047637095078,0.9964931084729888,-0.652371062151611,1
-0.7399367492980587,-0.2592326818593926,-0.9212060769375884,-0.7906158966916876,0.5867350126983124,-0.7932376249223342,-0.7831421392478368,-0.329346114500905,-0.7614756052923835,-0.7242284959627949,-0.7461240880639702,-0.3518011365646366,0.4208573790559796,-0.654180731045257,0.9968262956829548,0.9959704670091348,-0.1610495368286288,-0.3592119627819966,0.9964931084729888,0.5855417165726204,1
-0.3320473561734026,-0.5743987016988895,0.0036557020402175,1.078077543060313,0.5867350126983124,1.0818328651117892,-0.2498959063767203,-0.6505972334402479,1.3384945526678629,-0.8155603040109187,-0.2147440704236879,0.3288298761615084,0.4208573790559796,0.0381144632014088,0.9968262956829548,0.9960629591033155,2.24226078543546,-0.3413315139857663,0.9964931084729888,-0.652371062151611,1
2.391529018521471,0.1372284982377689,1.4232024116406703,0.9544686203667744,0.5867350126983124,0.9510126381965436,1.3268522110975014,0.5380983435202206,0.8596691366249312,1.164859270502892,2.438933300028572,0.2370515784620314,0.4208573790559796,2.1830002999545743,0.9968262956829548,0.9959985417167876,-1.0229798947327124,-0.3890127107757135,0.9964931084729888,-0.1660481847956632,1
1.0009824720818137,-0.1950212871631212,0.7163317590148219,0.6100359843082439,0.1635272040511625,0.6102904847915428,0.5037691153119102,0.1778266184747059,0.3573748113013908,0.7064410301072531,1.0858240873482563,0.1265645317967079,0.4208573790559796,-0.0705921856882752,-1.0030969190222077,-1.0040002089968405,-1.0268624639124606,-0.2894782124766987,-1.0026668657945366,0.8065975699162331,1
0.336105186735846,-0.1502500394849871,-0.621381584002531,-0.4228039195841588,-1.9525118391845877,-0.4213488247268963,-0.584709415109298,-0.2097159862513676,-0.533449296053247,0.0335469708120875,0.3359955736998583,-0.2644581461596548,0.4208573790559796,-0.6135003799274594,-1.0030969190222077,-1.0040002089764164,0.6232294374804922,-0.3413315139857663,-1.0026668657945366,-0.652371062151611,1
-0.3350030764134364,-0.2556981096742768,-0.8307629560524039,-0.6996403837711207,0.5867350126983124,-0.6975786954035884,-0.7505064852240503,-0.3208226821243518,-0.681223868896403,-0.7940101021119231,-0.3125244078621932,-0.3477921408546383,0.4208573790559796,-0.6133441173751504,0.9968262956829548,0.9960182832555876,0.0156073608499107,-0.3413315139857663,0.9964931084729888,-0.652371062151611,1
-0.7820357916358366,-0.416521144097048,-1.005886785495354,-0.8032676030709498,0.5867350126983124,-0.8014871787481608,-0.8123892043587684,-0.3690790923450355,-0.7493433725286788,-0.7057568943350846,-0.7506624418225983,-0.351089454595253,-2.376101857220821,-0.6910586933902,0.9968262956829548,0.9960736354862264,0.0350202067486513,-0.3770924115782267,0.9964931084729888,0.0550076685479494,1
-0.6907280015180376,-0.0925186937947615,-0.8692527954836293,-0.7180132325268712,0.5867350126983124,-0.7162052429700537,-0.7648846171738585,0.3514629725661677,-0.6966377711781588,-0.7500300982364222,-0.7345418271829114,-0.3488295506759252,0.4208573790559796,-0.6306762388020993,0.9968262956829548,0.995979568641944,-0.88320740426178,-0.3532518131832531,0.9964931084729888,-0.652371062151611,1
-0.3818951785999176,-0.538463884483545,-1.0218588560293953,-0.8402129705724722,-0.6828884132431379,-0.8382726708384717,-0.8189574017918906,-0.5054407480191929,-0.8033914750456743,-0.7997275026157384,-0.2832556549185114,-0.3524981279801454,0.4208573790559796,-0.7966661349924207,-1.0030969190222077,-1.004000209007082,2.413093829344378,-0.3413315139857663,-1.0026668657945366,-0.652371062151611,1
-0.4812712861297006,-0.440674054028673,-0.5265557067196363,-0.2740236166525657,0.1635272040511625,-0.2727414670833222,-0.5597386948551024,-0.5539481290357305,-0.3849786114941407,-0.1454516449612015,-0.4289563261120066,-0.2512883882944286,0.4208573790559796,-0.6196987945023862,-1.0030969190222077,-1.004000208879151,-0.7201394987123587,-0.3842445910967188,-1.0026668657945366,-0.1660481847956632,1
-0.6773074339416681,-0.6757231043388773,-0.6032723957193256,-0.4149532156043618,-1.1060962218902877,-0.413507246567078,-0.5856224152695694,-0.6831280091594045,-0.5171403929938407,-0.1546874457750569,-0.5410602189596665,-0.2699005845235055,0.4208573790559796,-0.6195425319500772,-1.0030969190222077,-1.0040002089824829,0.9823670866071936,-0.3413315139857663,-1.0026668657945366,-0.1660481847956632,1
-0.2488078834675876,0.3363427313326286,-0.648030361036099,-0.3943527549707566,0.5867350126983124,-0.3920227746855542,-0.6693493219037475,-0.1121544626666835,-0.2923957532727556,-0.6930026932111892,-0.3482071292686157,-0.3128870679409502,0.4208573790559796,-0.5019158956994164,0.9968262956829548,0.9960205280636416,0.6135230145311219,-0.3413315139857663,0.9964931084729888,0.3202746925602845,1
0.0251953712166212,0.1990835114772964,0.2837327520754056,0.0417276946688371,0.1635272040511625,0.0426428084114091,0.0907158645653929,-0.1956718994896294,-0.240982930823286,0.4841954105230546,-0.0209608719664788,-0.172160326032415,0.4208573790559796,-0.2429628027645508,-1.0030969190222077,-1.004000208926199,-1.00744961801372,-0.3413315139857663,-1.0026668657945366,-0.8734269154952237,1
-0.8620798911091827,-0.6981087281779443,-1.1152199445802895,-0.8571219180852143,0.1635272040511625,-0.8551619630424123,-0.8465024365389971,-0.3412193247044843,-0.8254184386289576,-0.831393105406099,-0.7246590851964934,-0.3526310775120168,-2.376101857220821,-0.8104432833543379,-1.0030969190222077,-1.0040002088557711,-1.2481689071581037,-0.3890127107757135,-1.0026668657945366,2.7076779086713016,1
-0.8415496180905699,-0.6067989467291182,-0.6550608394858345,-0.5437563106191949,0.5867350126983124,-0.5414401089527624,-0.6713401182200974,2.811244626474216,-0.5126653891055891,-0.5878904839487418,-0.7592675922677159,-0.3330037829808461,0.4208573790559796,-0.4961602250226986,0.9968262956829548,0.9959677975797628,-0.3318825807375462,-0.3753043666986037,0.9964931084729888,-0.1660481847956632,1
-0.5749756061718514,0.3039424863023999,-0.8469239134286323,-0.7580584669714318,0.5867350126983124,-0.7559529120305619,-0.7567570193377765,0.4496903691225615,-0.7374100288266743,-0.7312652965828751,-0.713743536802909,-0.3506375889483538,0.4208573790559796,-0.6194513787945636,0.9968262956829548,0.99597679569416,0.3456257411285016,-0.3735163218189807,0.9964931084729888,-0.1660481847956632,1
-0.426151097869612,-0.5278601679281975,0.4835429662927906,0.6952770610853165,0.1635272040511625,0.6954324755855664,0.3222644820354837,-0.5084895204765506,0.4648743491502815,-0.4037608677233109,-0.3267972123992631,0.1448101797553977,0.4208573790559796,-0.4538260952262967,-1.0030969190222077,-1.004000209002932,1.327915743604777,0.3867007595007397,-1.0026668657945366,0.3202746925602845,1
-0.7380195253585774,-0.6886832023509688,-1.051279135862516,-0.8635760622610429,-3.645343073773188,-0.8616086047881382,-0.8281499011346156,-0.7174207033325947,-0.8214406573949561,-0.8155603040109187,-0.5895345519251002,-0.3526393757596571,0.4208573790559796,-0.802057193047084,-1.0030969190222077,-1.0040002090379911,0.3553321640778719,-0.3413315139857663,-1.0026668657945366,-0.652371062151611,1
-0.3956352834995339,-0.4176993348254199,0.478276372344911,0.7417460935245233,-0.2596806045959874,0.7418474914645103,0.2932939064204321,-0.7187792412697098,0.2919403100020658,0.4369902063633501,-0.388295160910381,0.2257160219911802,0.4208573790559796,-0.1719544946194325,-1.0030969190222077,-1.004000209037311,-0.5415413164439452,-0.2578894196033587,-1.0026668657945366,-0.652371062151611,1
0.4219808423584478,-0.3534879401291487,-0.3707992329461489,0.0020298654268387,0.5867350126983124,-0.0093921714452865,-0.5041467102660055,-0.3022248908600966,-0.1014622540406832,-0.5623820817009513,0.5409027803183161,-0.2216904428204311,0.4208573790559796,-0.2874455426552026,0.9968262956829548,0.9960108217818944,1.609402009136516,-0.3413315139857663,0.9964931084729888,-0.1660481847956632,1
-0.6560582019457499,-0.0648312116780207,-0.6350141286620256,-0.6358496600668002,0.1635272040511625,-0.6341469164534658,-0.6497298719553422,-0.1999914879731206,-0.6349821620511354,-0.7199770955881633,-0.7121378958100921,-0.3420406793900903,0.4208573790559796,-0.7425472043760423,-1.0030969190222077,-1.0040002089452151,-0.2988807427096874,-0.2295787090093276,-1.0026668657945366,0.3202746925602845,1
3.511986642486693,0.9437000518083694,-0.9385374986137968,-0.7760540305046729,0.5867350126983124,-0.774020540202575,-0.791210333099322,0.9030766291542984,-0.7518294857999297,-0.8155603040109187,3.693000055644429,-0.351257636643743,0.4208573790559796,-0.667931835648456,0.9968262956829548,0.9960454339813276,1.9277726818758625,-0.3413315139857663,0.9964931084729888,-0.652371062151611,1
-0.5859197594930573,0.2756659088214732,-0.8717126492980515,-0.7507448675590012,0.5867350126983124,-0.7487758845496718,-0.766019715856764,0.9151014406184734,-0.7398961420979252,-0.7601454991277875,-0.7220145088252128,-0.3503501743643545,0.4208573790559796,-0.6317310110301856,0.9968262956829548,0.9960006928523476,-0.0135119079982001,-0.368748202139986,0.9964931084729888,0.8065975699162331,1
-0.3618442115661752,-0.2462725838473011,-0.5019074747805299,-0.0308546846279785,0.1635272040511625,-0.029855199632994,-0.4816150388492878,0.246914757312166,-0.0443810933327615,1.4233150932779195,-0.3191953446581107,0.4696093163190993,0.4208573790559796,-0.5368796417785733,-1.0030969190222077,-1.0040002086948012,-0.88320740426178,-0.3538478281431275,-1.0026668657945366,0.5413305459038973,1
0.5957292618739447,0.3581392598075097,0.4639986934192153,0.2988378609154887,0.5867350126983124,0.3005548814903725,0.1645840207958892,-0.0817503628387929,-0.1014622540406832,-0.7963557023186166,0.4598197040263211,-0.1104669337671343,0.4208573790559796,0.5797204695046841,0.9968262956829548,0.9960094366471948,1.2619120675490587,-0.3413315139857663,0.9964931084729888,-0.1660481847956632,1
-0.6741919450400109,-0.1249189388249902,0.5936489973109738,0.3736666366213149,0.5867350126983124,0.3744597624860432,0.2923340264478279,-0.2270552209454125,-0.1114067071256869,-0.177850247816154,-0.682510448558407,-0.0787381107511924,0.4208573790559796,0.771662971257672,0.9968262956829548,0.9959853762354384,-1.106455132097297,-0.3675561722202373,0.9964931084729888,0.3202746925602845,1
-0.8620798911091827,-0.6981087281779443,-1.0677237364834695,-0.8194152621965671,0.5867350126983124,-0.8173996787126103,-0.8330653022601847,0.4705197153704868,-0.7766906185124391,-0.831393105406099,-0.6933056598326153,-0.3522866591477321,-2.376101857220821,-0.7232748229245889,0.9968262956829548,0.9960326705540355,-1.2481689071581037,-0.3890127107757135,0.9964931084729888,2.7076779086713016,1
-0.6078080661354694,-0.6692430553328315,-1.0575242118924209,-0.8568856498670949,0.5867350126983124,-0.854908910682504,-0.8300155633622355,-0.7015085707825226,-0.8214406573949561,-0.8179059042176121,-0.4947151803152161,-0.3526310993769691,0.4208573790559796,-0.7187171651489074,0.9968262956829548,0.996052283844672,1.586106594058027,-0.3830525611769701,0.9964931084729888,-0.1660481847956632,1
-0.5819255429524712,-0.2851528778835756,-0.250121872334825,0.1922138837439256,0.5867350126983124,0.1954629669496819,-0.4030673299125299,-0.5429011979099843,0.2630019515247049,0.4712946093862408,-0.5366280757890093,-0.1118160930907873,0.4208573790559796,-0.0821556145591473,0.9968262956829548,0.996032496699013,0.3048587647411458,-0.3413315139857663,0.9964931084729888,-0.652371062151611,1
2.892084235387725,0.4400235154293602,0.3708132640881372,0.6890459786961631,0.5867350126983124,0.6923797894432605,0.0941699348945912,0.5686911561043243,0.666746746775858,1.8028625267234928,2.9705724535650506,0.0825913496049102,0.4208573790559796,0.6017795331389827,0.9968262956829548,0.9960248315090828,-0.9996844796542236,-0.3592119627819966,0.9964931084729888,-0.652371062151611,1
-0.8598431298464545,-0.6939850606286425,-0.7612490266528603,-0.7383207497425448,0.5867350126983124,-0.7412773479631884,-0.7184523240709249,-0.7184457179697147,-0.7166758441444414,-0.7211498956915099,-0.7630351905139183,-0.3500430214864433,0.4208573790559796,-0.5702807623346393,0.9968262956829548,0.9959677791400096,-0.9647413570364908,-0.3413315139857663,0.9964931084729888,0.3202746925602845,1
-0.8270106698828363,-0.5749877970630756,-0.9313837564880434,-0.8172013442805091,0.1635272040511625,-0.8152877937347978,-0.7881076879673944,-0.6681167732527546,-0.7829059016905665,-0.7617580992698891,-0.7579814799614408,-0.3521386264696753,0.4208573790559796,-0.7827848115956306,-1.0030969190222077,-1.004000208914861,0.0156073608499107,-0.3261331325089707,-1.0026668657945366,-0.1660481847956632,1
0.9141482044894712,-0.1661556143180085,0.3617448558523006,0.6582716341811655,0.5867350126983124,0.650502847016995,0.126074764868486,-0.0563415897027774,0.6185161493135898,2.227416164134996,1.0436469734167029,0.1101717357849297,0.4208573790559796,0.6856274143321637,0.9968262956829548,0.9960480788900186,-0.9996844796542236,-0.3413315139857663,0.9964931084729888,-0.652371062151611,1
-0.2823593024085111,-0.5249146911072676,-0.7290646287695207,-0.5412385109187756,0.1635272040511625,-0.5396457452535756,-0.6876754784736979,1.030659428101013,-0.5797904474293645,-0.3291414611478775,-0.156665489948106,-0.3176878933828058,-2.376101857220821,-0.7064765985513627,-1.0030969190222077,-1.0040002088655209,-0.2581137663223319,-0.3866286509362162,-1.0026668657945366,3.238211956695973,1
-0.5475752807034304,-0.1431808951147554,0.6822367215930186,0.6750694343865925,0.5867350126983124,0.676758078590325,0.4011562895209433,-0.490222088017188,0.6185161493135898,0.0467409719747378,-0.5487121648809318,0.0717202118763088,0.4208573790559796,0.9136795875479083,0.9968262956829548,0.9960057181923626,0.29709362638165,-0.3413315139857663,0.9964931084729888,-0.652371062151611,1
1.809491784227259,0.0830317247326591,-0.782988192522599,-0.5474168440942316,0.5867350126983124,-0.545162377497046,-0.7304098008466358,0.4949164452269778,-0.4609542330635695,-0.7092752946451246,1.790835171076308,-0.3345742917682298,0.4208573790559796,-0.5886285903515973,0.9968262956829548,0.996052207627879,1.5938717324175231,-0.3413315139857663,0.9964931084729888,-0.652371062151611,1
-0.7106990842209682,-0.632130047389115,1.3987697325496888,1.88991551925724,0.5867350126983124,1.8960749467504825,1.3690038185428126,-0.6896947683784737,1.5544880736741444,4.066806526221368,-0.5955672535270106,1.142564685229222,0.4208573790559796,2.43278598982064,0.9968262956829548,0.9960232693418424,-0.3474128574565389,-0.3413315139857663,0.9964931084729888,-0.652371062151611,1
-0.4747207710031394,-0.3364041745677554,0.7320157137491337,0.3563000732797179,0.1635272040511625,0.3568495216112797,0.5182459022420024,-0.3023808478002206,0.2480355496317743,-0.1948558493146811,-0.4491669079394292,-0.0462977450443056,-2.376101857220821,-0.3109500348983602,-1.0030969190222077,-1.0040002089054556,-0.390121118433768,0.6468612894858891,-1.0026668657945366,1.0276534232598458,1
-0.8600827828388896,-0.6945741559928286,-0.763729127411124,-0.6781259473401777,0.5867350126983124,-0.6760700340169792,-0.7223376984780171,-0.6598605274052121,-0.6349821620511354,-0.7635172994249092,-0.7629411631249898,-0.3464411623164006,-2.376101857220821,-0.5764531331508481,0.9968262956829548,0.9959659670642208,-0.7123743603528626,-0.3413315139857663,0.9964931084729888,1.0718645939285685,1
-0.7968143928360052,-0.586180608982609,-0.6010950420027676,-0.2378809838676853,0.5867350126983124,-0.2352188333467903,-0.6447973227080768,-0.6762325124454163,-0.0949983595354307,-0.5551986810679527,-0.7252244454269033,-0.2817858965061803,0.4208573790559796,-0.4743746208549408,0.9968262956829548,0.9959978902169716,-0.727904637071855,-0.3770924115782267,0.9964931084729888,-0.652371062151611,1
0.297760707946219,-0.3204985997347341,1.4497374529487757,0.7926827929669173,0.1635272040511625,0.7927249810385136,1.4175179451928333,-0.3079351287862775,0.6185161493135898,1.3359414855785907,0.3802280605790644,0.2069131387845981,0.4208573790559796,0.1963042536556353,-1.0030969190222077,-1.0040002090230429,-0.9996844796542236,0.5216981479122778,-1.0026668657945366,-0.652371062151611,1
-0.1459168653820888,-0.4919253507128529,0.8708571587027388,0.3113138410910423,0.5867350126983124,0.3137594156065412,0.6136556998341305,-0.4550757126964365,-0.1014622540406832,1.307207883046597,-0.0868660740453021,-0.1045429452362418,0.4208573790559796,1.2676403122866953,0.9968262956829548,0.9959923646873888,-0.9996844796542236,-0.3413315139857663,0.9964931084729888,-0.652371062151611,1
-0.394756555860605,0.3233826333205372,-0.92861126756846,-0.7692711346385614,0.5867350126983124,-0.7673168895441491,-0.787918644030021,0.439147420929261,-0.7388022522585748,-0.7610250992052974,-0.5254905390447748,-0.351037186605606,-2.376101857220821,-0.66071771448352,0.9968262956829548,0.996019120871547,-0.0892220070032884,-0.3890127107757135,0.9964931084729888,1.7792433246281287,1
-0.6363267722352544,-0.5543694593165663,0.7493641011133082,0.8747812358537655,0.5867350126983124,0.8756082174728408,0.4764270394177612,-0.5387695220614063,0.6185161493135898,1.6213717107305925,-0.5557335741940878,0.1912439420325815,0.4208573790559796,1.1186960561774228,0.9968262956829548,0.9960261795579608,-0.628899122988278,-0.3890127107757135,0.9964931084729888,-0.1660481847956632,1
-0.8366766739110549,-0.5767550831556333,-0.9126114869053144,-0.7589669468025368,0.1635272040511625,-0.7571210891196979,-0.780596940606887,2.0091514840615483,-0.7429789225542764,-0.7711405000966628,-0.7599448435960798,-0.3501730958597978,0.4208573790559796,-0.77778440992174,-1.0030969190222077,-1.0040002088322992,-1.061805586530194,-0.3732183143390435,-1.0026668657945366,0.8065975699162331,1
-0.2533612903238558,0.4482708505279639,-0.6911464330873254,-0.6396118361093334,0.5867350126983124,-0.6375384988710466,-0.6897073548940057,-0.0880401150603464,-0.6687933025401482,-0.7575066988952573,-0.412409075275178,-0.3436325278608365,0.4208573790559796,-0.53163182439686,0.9968262956829548,0.9960569959581512,0.4989872237285521,-0.3592119627819966,0.9964931084729888,-1.1386939395075588,1
-0.8081579678112699,-0.5272710725640114,0.4818132120269333,1.4418836527359635,0.1635272040511625,1.441171196358915,0.3000724527699773,-0.7018207168427858,1.051099858511254,0.1347009797257399,-0.722966965913541,0.8971293032404096,0.4208573790559796,-0.1998603820859626,-1.0030969190222077,-1.0040002089521238,-0.1979339440362361,-0.3413315139857663,-1.0026668657945366,-0.652371062151611,1
-0.6949618710510588,-0.1467154672998713,0.9750020802160964,-0.1503619356276254,-1.1060962218902877,-0.149223532943019,0.7744111058527341,-0.4444931604738589,-0.1014622540406832,0.0441021717422077,-0.7231153318650698,-0.2003177534274214,0.4208573790559796,-0.1563542831472425,-1.0030969190222077,-1.004000208937842,-0.5337761780844488,1.3632712712548456,-1.0026668657945366,-0.4313152088079983,1
-0.8550500699977511,-0.6745449136105053,-0.84140408034453,-0.7890861277715759,0.1635272040511625,-0.7872052589325224,-0.7530471666946608,4.36291701438533,-0.7647572748104347,-0.7539882985852173,-0.7595748630116629,-0.3515182548025654,-2.376101857220821,-0.7637728677313591,-1.0030969190222077,-1.0040002088606836,-0.6560771072465147,-0.3413315139857663,-1.0026668657945366,1.7792433246281287,1
-0.7216432375421743,-0.1885412381570755,-0.8496047802203605,-0.6747582599329582,0.5867350126983124,-0.672215467162929,-0.7551439044236787,0.9758887739183368,-0.6321977151873344,-0.5767488829669483,-0.741805854067182,-0.3424754581882425,0.4208573790559796,-0.6068722433336825,0.9968262956829548,0.9960417827633888,-0.7686716134592102,-0.3592119627819966,0.9964931084729888,-0.4313152088079983,1
1.9467330645617988,0.3092443445800737,0.3126952660689455,0.1089983442458742,0.1635272040511625,0.1098352612000469,0.0717855064538166,0.7317631825682357,-0.2307401441457321,0.056856372866103,1.9487609724451185,-0.1459531084234307,0.4208573790559796,-0.3101036127400193,-1.0030969190222077,-1.0040002089367348,0.0156073608499107,-0.2841140778378297,-1.0026668657945366,-0.1660481847956632,1
0.3635055122042668,-0.201501336169167,-0.1358210137628689,-0.0216849531908655,-0.6828884132431379,-0.0206961272805395,-0.2689573259411535,-0.2932529187342252,-0.3174557750469651,-0.178729847893664,0.3304810691467889,-0.1711776110685262,0.4208573790559796,-0.4626549294317597,-1.0030969190222077,-1.0040002090146138,0.9377175410400906,-0.3413315139857663,-1.0026668657945366,-0.652371062151611,1
1.0656088957084977,0.5495952531679518,0.5914091502708824,-0.0470620850471978,-0.2596806045959874,-0.0460437602362007,0.3581099867706977,0.36464915504971,-0.1014622540406832,-0.2920516578795383,0.9172017361944156,-0.2014601715804695,0.4208573790559796,-0.375825037865347,-1.0030969190222077,-1.0040002089458724,0.2815633496626573,0.6960325236755222,-1.0026668657945366,-0.652371062151611,1
-0.8568075252756091,-0.6757231043388773,-0.7599044761205058,-0.6159109051972821,-0.2596806045959874,-0.6142313388032147,-0.7098479586830864,2.981746657014645,-0.6402527221861875,-0.6952016934049643,-0.761965834509625,-0.3386327053862308,0.4208573790559796,-0.7326375541837746,-1.0030969190222077,-1.0040002088245452,-0.1552256830590066,-0.4009330099732003,-1.0026668657945366,0.8065975699162331,1
-0.4221568813290258,0.9195471418767446,-0.8678220032840059,-0.7959768793237264,0.1635272040511625,-0.7940880005331648,-0.7640588538080688,0.0784938923077073,-0.7766906185124391,-0.7513494983526873,-0.7173836225487044,-0.3517301025811353,0.4208573790559796,-0.7735392772506766,-1.0030969190222077,-1.004000208538683,-0.3241174423780501,-0.314510840791421,-1.0026668657945366,-0.1660481847956632,1
-0.8020867586695789,-0.6174026632844657,0.3704529107294175,0.9812902697236232,0.5867350126983124,0.9843612874395592,0.070958768263801,-0.6471352292742134,1.167449959605798,-0.1549806458008935,-0.7271954329038879,0.2610355322966131,0.4208573790559796,0.4616380674764549,0.9968262956829548,0.9959885355287116,0.3417431719487531,-0.3413315139857663,0.9964931084729888,1.292920447272181,1
-0.7478452980484193,-0.55967131759424,0.8704809182225293,0.4495081601188943,0.5867350126983124,0.4339765012781777,0.6264061275095953,-0.671214829758736,0.2585269476364533,0.0671183737703866,-0.6691548968964814,-0.04550331116094,0.4208573790559796,1.2227929597739893,0.9968262956829548,0.9960300756457906,1.0697248931515264,-0.3413315139857663,0.9964931084729888,-0.1660481847956632,1
0.3704554489848867,-0.3104839785435724,0.3741982626909584,1.8330250450538763,0.5867350126983124,1.835206396694508,0.0869066200520409,-0.2020002440676153,2.218081428036446,-0.5915554842717002,0.5246120493533498,0.9589768142451393,0.4208573790559796,0.4826553807620263,0.9968262956829548,0.996000861155536,1.5725176019289089,-0.3592119627819966,0.9964931084729888,-0.652371062151611,1
4.71983772435994,0.8747758941986103,1.9298061751257527,0.346942291773273,-0.2596806045959874,0.3475026177827665,2.183375322042569,1.2399950356256888,0.6185161493135898,1.307207883046597,4.732335685831155,-0.011661797857059,0.4208573790559796,0.4424177735424379,-1.0030969190222077,-1.0040002090165006,-0.0212770463576962,3.1107871336064097,-1.0026668657945366,-0.652371062151611,1
-0.8467420995933319,-0.6274172844756273,-0.921739882235658,-0.7626513641258272,0.1635272040511625,-0.760801223600417,-0.7833051957539876,0.331573917633915,-0.7483489272201784,-0.7921043019439848,-0.7605207426673792,-0.3505515610130024,-2.376101857220821,-0.7835140368397397,-1.0030969190222077,-1.0040002088159372,-0.8055560206668175,-0.3717282769393576,-1.0026668657945366,-0.2102593554643856,1
0.4356410629272523,-0.368215324233798,1.07985601684173,0.682516519707159,0.1635272040511625,0.6826867673234894,1.0368546961742129,-0.4565470751981947,0.6185161493135898,3.0054224326926096,0.6597122909702104,0.3976207903460129,0.4208573790559796,0.310428004358701,-1.0030969190222077,-1.0040002090172917,-0.6754899531452553,-0.3413315139857663,-1.0026668657945366,-0.652371062151611,1
-0.5645107588355157,-0.4347831003868133,0.8232014618285908,0.6398424236710255,0.5867350126983124,0.6419646290176309,0.5594632282872967,-0.5329662857249202,0.6185161493135898,-0.0287580346782055,-0.5062537909616689,0.0528362986657043,0.4208573790559796,1.1310277759304814,0.9968262956829548,0.9960088501405052,-0.665783530195885,-0.3413315139857663,0.9964931084729888,1.292920447272181,1
-0.8616005851243125,-0.6969305374495723,-0.8307363647978722,-0.7462072093043252,0.1635272040511625,-0.7443761838031205,-0.7487466113069728,-0.03628011192218,-0.7414872545915259,-0.7428466976034237,-0.7596459441300024,-0.3496428293610382,-2.376101857220821,-0.7599704789585048,-1.0030969190222077,-1.0040002088140842,-0.1610495368286288,-0.3568279029424992,-1.0026668657945366,2.751889079340024,1
-0.8612810478010655,-0.6957523467212005,-0.94728607942768,-0.7990463382510626,0.5867350126983124,-0.7970239480397394,-0.7943200913767825,-0.306273929935038,-0.7587906029594323,-0.7822821010784562,-0.7627830057680955,-0.351887368104973,-2.376101857220821,-0.6704320364854013,0.9968262956829548,0.9959983391871208,-0.5648367315224337,-0.3538478281431275,0.9964931084729888,2.972944932683637,1
-0.724039767466526,-0.3322805070184536,-0.9405114151573304,-0.628734527133565,0.5867350126983124,-0.6345799083478252,-0.7719688406060228,-0.692175721566326,-0.5320570726213464,-0.1840074483587241,-0.6287974147482873,-0.3083886138891701,0.4208573790559796,-0.6206363698162408,0.9968262956829548,0.9959581483025606,-0.289174319760317,-0.3413315139857663,0.9964931084729888,-0.1660481847956632,1
-0.6781062772497853,-0.3988482831714688,1.467821346771479,1.2009816167365155,0.5867350126983124,1.2022905532098096,1.397264146267497,-0.6039839484586217,1.266496712332435,0.831344241113676,-0.6378497558674586,0.4180111586076781,0.4208573790559796,2.254412286359824,0.9968262956829548,0.9960156840901144,-0.3241174423780501,-0.3413315139857663,0.9964931084729888,-0.652371062151611,1
-0.6484691905186363,0.0700716267205677,-1.0356754168109472,-0.8128278873392775,0.1635272040511625,-0.8109194205899791,-0.8228146675222135,0.49740088506519,-0.7846461809804421,-0.7915179018923115,-0.7293825039908822,-0.3518444087551494,-2.376101857220821,-0.796718222509857,-1.0030969190222077,-1.0040002089240094,-0.4075926797426347,-0.3818605312572214,-1.0026668657945366,2.0002991779717414,1
-0.5648302961587626,-0.6232936169263255,-1.0523484378748056,-0.8528962269597401,-0.2596806045959874,-0.8510131661579603,-0.8286276727892226,-0.4026862063350595,-0.8127889832110028,-0.813947703868817,-0.4459386591673989,-0.3526075477367311,0.4208573790559796,-0.7166857519688893,0.9968262956829548,0.9960337204352386,0.5009285083184266,-0.3806685013374727,0.9964931084729888,0.5413305459038973,1
1.1800831417616962,-0.0931077891589474,2.553977099121178,4.023182138110498,0.1635272040511625,4.019469127216353,3.621525508902135,0.2546037355920542,3.066442720718117,3.925630713781009,1.263171552348829,4.553582295455165,0.4208573790559796,1.4859781635005591,-1.0030969190222077,-1.0040002090246207,-0.665783530195885,-0.3413315139857663,-1.0026668657945366,-0.652371062151611,1
-0.2781254328754898,0.2426765684270584,-0.9703771346105166,-0.7946998406655004,0.1635272040511625,-0.7926637020654741,-0.8021344016540218,0.4496360223206773,-0.755210599848831,-0.7497368982105856,-0.3874666286319443,-0.3516898680433363,0.4208573790559796,-0.6786879079990643,0.9968262956829548,0.9960364937649968,0.2543853654044203,-0.3627880525412426,0.9964931084729888,-0.4313152088079983,1
1.0060151849229524,-0.1266862249175481,-0.927627495243604,-0.7284045176662133,0.5867350126983124,-0.7263132494781186,-0.7873167029550612,-0.1172050863867807,-0.6717766384656494,-0.8155603040109187,1.1417071507154215,-0.3493368554225307,0.4208573790559796,-0.6628533026984108,0.9968262956829548,0.9959777222242496,2.24226078543546,-0.3592119627819966,0.9964931084729888,-0.652371062151611,1
0.9437054068898086,-0.0677766884989505,1.4209204328112237,-0.8635760622610429,-3.645343073773188,-0.8616086047881382,1.33347809317053,-0.212489368632147,-0.1014622540406832,1.307207883046597,0.968122724604355,-0.3526393757596571,0.4208573790559796,0.235005279110851,-1.0030969190222077,-1.0040002090332287,-0.9996844796542236,3.9738167955044537,-1.0026668657945366,-0.652371062151611,1
-0.57074173663883,-0.3882445666161211,0.7371240390163968,1.6305453750215846,0.5867350126983124,1.6382561285480322,0.5226113881318123,-0.6044774780235421,1.6264859140095718,2.806339615149508,-0.5078986723194998,0.9863912680106622,0.4208573790559796,1.2542538203055509,0.9968262956829548,0.9960434054780704,-0.6735486685553813,-0.3413315139857663,0.9964931084729888,-0.652371062151611,1
-0.6584547318701016,-0.4860343970709931,-1.00384703777869,-0.8198983393913735,-1.1060962218902877,-0.8180480586161416,-0.812262347280349,-0.5665191608833506,-0.7798728434996404,-0.7278934962857534,-0.6090439644873886,-0.3520047928458107,0.4208573790559796,-0.6906159494919909,0.9968262956829548,0.9960251655639928,0.3339780335892568,-0.3413315139857663,0.9964931084729888,0.3202746925602845,1
4.201388417391859,0.5802282121056225,0.5258809886696367,1.1530668056654267,-1.1060962218902877,1.152690075939132,0.6312063316873466,0.8917473184118199,0.4745204686427351,1.944038339163852,4.103270479294583,0.8634536213847087,0.4208573790559796,0.1972939164869261,-1.0030969190222077,-1.004000209012842,0.29709362638165,-0.3413315139857663,-1.0026668657945366,-0.652371062151611,1
0.881395628856665,5.605211668611993,-0.14277949853313,-0.1567232671410997,0.1635272040511625,-0.1555774699137407,-0.2865515949264155,1.551310903985276,-0.3834869435313901,0.0355993709929442,-0.5440912194968934,-0.2126978860911885,0.4208573790559796,-0.4516384194939695,-1.0030969190222077,-1.0040002088724855,-1.1472221084846526,-0.3306032447080282,-1.0026668657945366,-0.9176380861639462,1
-0.5346340191119314,-0.4936926368054108,-0.9921135841550374,-0.7583727631106094,0.1635272040511625,-0.7553263133898372,-0.8068495960108837,-0.6410735972093283,-0.6878866524633555,-0.6138386862352874,-0.4306094292606022,-0.3434798632174676,0.4208573790559796,-0.6798077896239462,0.9968262956829548,0.9960622577747484,0.6969982518957067,-0.3574239179023735,0.9964931084729888,-1.1829051101762815,1
-0.595825416513711,-0.1661556143180085,0.4032496146239601,0.7116322197718155,-0.2596806045959874,0.7117686226987997,0.2088206577479509,-0.7161783998023489,0.2919403100020658,0.4369902063633501,-0.5171974429309585,0.2050625763498077,0.4208573790559796,-0.2257609001311927,-1.0030969190222077,-1.0040002090374025,-0.5415413164439452,-0.2578894196033587,-1.0026668657945366,-0.652371062151611,1
-0.5288024629626756,-0.105478791806853,-0.9853949195834794,-0.8176393691940361,0.1635272040511625,-0.815725309479145,-0.806932481175934,-0.2905110821122538,-0.7890217403378438,-0.7893189016985365,-0.5661681478279301,-0.3521379067761956,0.4208573790559796,-0.7898296483288985,-1.0030969190222077,-1.0040002087517346,-0.9530936494972462,-0.3520597832635044,-1.0026668657945366,-1.1829051101762815,1
-0.8513753907804118,-0.658050243413298,-0.5233320728455391,-0.4946914327013627,0.1635272040511625,-0.4931527743184448,-0.590574013465548,-0.7104351054110989,-0.5285765140415951,-0.5302766788718355,-0.7613680355774701,-0.3229624758906016,0.4208573790559796,-0.6787009298784235,-1.0030969190222077,-1.0040002089792663,-0.6735486685553813,-0.3413315139857663,-1.0026668657945366,-0.652371062151611,1
-0.5351133250968018,-0.2156396249096303,-0.8674855978982927,-0.7813121885264734,0.5867350126983124,-0.7793681226435261,-0.765087075541702,-0.1935012524780638,-0.7686356115135861,-0.772166700187091,-0.5374665489599162,-0.3514264750910989,0.4208573790559796,-0.6314054640462082,0.9968262956829548,0.9960245785050964,-0.7764367518187066,-0.3842445910967188,0.9964931084729888,1.292920447272181,1
-0.2689387348321417,-0.4989944950830846,1.3244699197964267,-0.2198205530646595,-0.2596806045959874,-0.2186014102527557,1.2007040437144638,-0.5759642412664955,0.1145312669655987,1.37830888931199,-0.2076127880884928,-0.2557883691685219,0.4208573790559796,0.1912517644643083,-1.0030969190222077,-1.0040002090331734,-0.9996844796542236,1.677967170068497,-1.0026668657945366,-0.652371062151611,1
-0.6938434904196947,-0.6168135679202797,0.2048635113775378,0.2725253533494212,0.5867350126983124,0.2757417003707922,-0.0796925061645076,-0.6418017822058238,-0.1014622540406832,-0.7258410961048967,-0.6090015101496211,-0.1203024228087259,0.4208573790559796,0.2639919825641856,0.9968262956829548,0.9959765739844418,0.6212881528906182,-0.3770924115782267,0.9964931084729888,1.292920447272181,1
0.0073012811147952,-0.464237868596112,-0.9006147675481605,-0.7617263800492777,0.5867350126983124,-0.7596993513428305,-0.7775336499362795,-0.3423916845537937,-0.7239850171619192,-0.7935703020731683,0.0519315068784978,-0.3507730307610286,0.4208573790559796,-0.6490761543364936,0.9968262956829548,0.9959726200516924,0.9280111180907202,-0.3592119627819966,0.9964931084729888,-0.8734269154952237,1
0.598205676129108,-0.2745491613282279,0.7241841290928098,1.0067364145321376,0.5867350126983124,1.0090715966651764,0.4409902576208206,0.1879594840928054,1.0505031913261538,0.5652652176668947,0.7757408930112333,0.3011302530536997,0.4208573790559796,1.019430269823079,0.9968262956829548,0.9960453909586956,0.3106826185107683,-0.3413315139857663,0.9964931084729888,-0.652371062151611,1
-0.700394005546256,-0.5944279440812126,1.712091500695901,1.108171383492232,0.1635272040511625,1.1078468411292204,1.8141220869656496,-0.6590914027957225,1.0505031913261538,1.0405424595481425,-0.6181401800718231,0.4768188168415542,0.4208573790559796,0.3652370945811111,-1.0030969190222077,-1.004000209004399,-0.0523375997956814,1.3918799893288138,-1.0026668657945366,0.3202746925602845,1
-0.7576710707382611,-0.2981129758956669,-0.9659749269356828,-0.7881003773441271,0.1635272040511625,-0.7862206543616702,-0.7999689889076004,6.036756965801829,-0.763166162316834,-0.7808161009492729,-0.7305883417218717,-0.3512591926698653,0.4208573790559796,-0.7864309378161758,-1.0030969190222077,-1.004000208840063,-0.8870899734415282,-0.3604039927017452,-1.0026668657945366,0.5413305459038973,1
-0.2001583260032484,1.6800692570408386,-1.0350856646694224,-0.818048688666805,0.1635272040511625,-0.8161341531505294,-0.8229622925156858,2.072232818235472,-0.7901156301771942,-0.8140943038817354,-0.6616099089987112,-0.3521413736360648,-2.376101857220821,-0.7990621607944932,-1.0030969190222077,-1.004000208850752,-1.015214756373216,-0.3818605312572214,-1.0026668657945366,2.751889079340024,1
-0.6151574245701479,0.1655050757186957,-0.9091305204965926,-0.7708175976301724,0.1635272040511625,-0.7689579645067663,-0.7793019637379842,-0.1011737906259809,-0.7557078225030812,-0.7855073013626597,-0.7254551787731851,-0.3508979718265289,-2.376101857220821,-0.7781750663025128,-1.0030969190222077,-1.0040002085973714,-1.2559340455176,-0.3717282769393576,-1.0026668657945366,1.7350321539594062,1
-0.380936566630177,0.0824426293684731,-0.762121634575998,-0.7744723467505243,0.1635272040511625,-0.772608465271477,-0.7175964344139005,-0.1612998554920156,-0.7398961420979252,-0.7619046992828075,-0.4490300524949712,-0.3510306340259634,0.4208573790559796,-0.7625488110716047,-1.0030969190222077,-1.0040002087560416,-0.7181982141224847,-0.2662336290415995,-1.0026668657945366,-0.9618492568326688,1
-0.3123958107937188,-0.5266819771998255,1.4155018420431025,0.7135786270265166,-0.6828884132431379,0.7137127674096253,1.3530933791210018,-0.4661717624041416,0.8348577261778467,2.2290287642770985,-0.2181009528494113,0.5292913699478705,0.4208573790559796,0.3115218422248645,-1.0030969190222077,-1.004000209024719,-1.0210386101428384,0.9630472256992262,-1.0026668657945366,-0.652371062151611,1
-0.7970540458284404,-0.466594250052856,-0.8936933048623582,-0.6980976408389407,0.5867350126983124,-0.6955220345628366,-0.7720282124416552,-0.4538705663077846,-0.6584510713317444,-0.5785080831219683,-0.7538348571609802,-0.3447298994198003,0.4208573790559796,-0.6307283263195356,0.9968262956829548,0.9959911342028016,-1.015214756373216,-0.3949728603744569,0.9964931084729888,0.8065975699162331,1
-0.7492033316722185,-0.6179917586486517,-0.9883781301535208,-0.806091329276111,0.1635272040511625,-0.8041906932406339,-0.8074801509450559,-0.636450933925599,-0.7817622895857911,-0.8041255030032886,-0.6666256498265657,-0.3519554121128218,0.4208573790559796,-0.7930720962893117,-1.0030969190222077,-1.004000208919902,1.5783414556985311,-0.3770924115782267,-1.0026668657945366,-0.652371062151611,1
0.31821109663402,-0.3010584527165968,1.2129398337856965,-0.0866971427445883,0.5867350126983124,-0.0838401488392643,1.0452859506767247,-0.324907249569552,-0.1014622540406832,0.8817746455575837,0.3794608927571543,-0.2425827953939256,0.4208573790559796,1.8098453250404885,0.9968262956829548,0.995991779339108,-1.13169183176566,-0.1571628913845953,0.9964931084729888,-0.9176380861639462,1
2.3704395551871755,0.1684505525396255,0.4829695414168842,0.3489545977351337,0.5867350126983124,0.3518265449245336,0.1885513874676135,0.2709093013473933,-0.1014622540406832,1.1660320706062386,2.5188875244485573,-0.0884166930491703,0.4208573790559796,0.7100043724923805,0.9968262956829548,0.9960678058558144,-0.9996844796542236,-0.3770924115782267,0.9964931084729888,-0.652371062151611,1
-0.0727428183585508,-0.5237365003788955,1.3562956406223972,-0.6085976712526304,-2.375719647831738,-0.6069266059123045,1.2433721097952704,-0.4866785504812187,-0.1014622540406832,0.9235556492393096,0.0345081868639016,-0.3137371226763236,0.4208573790559796,0.1632156582041873,-1.0030969190222077,-1.0040002090255746,-1.0326863176820829,2.679272302657388,-1.0026668657945366,-0.1660481847956632,1
-0.3767026970971556,0.4429689922502901,-0.5137519223700813,-0.4056171782311984,0.1635272040511625,-0.4041820615960178,-0.5424932876621994,0.1935152332114723,-0.5043120485141859,-0.1085084417057808,-0.5427055487788117,-0.274142950365601,0.4208573790559796,-0.5961422147417923,-1.0030969190222077,-1.0040002087479944,0.4679266702905672,-0.3413315139857663,-1.0026668657945366,0.8065975699162331,1
-0.2314729836814438,-0.0135799149938408,0.1212118968094839,0.3225318970873023,0.5867350126983124,0.3250841056183334,-0.153373334680602,-0.3830803083178504,0.1396907332706582,-0.800020702641575,-0.2762462045737405,-0.0995729564594671,0.4208573790559796,0.1641141678799646,0.9968262956829548,0.9959954908610908,0.9377175410400906,-0.3592119627819966,0.9964931084729888,-0.1660481847956632,1
-0.5837628825611408,-0.6715994367895755,-1.0532828625543926,-0.8615970586759559,-2.375719647831738,-0.8596319016375729,-0.8287520120630477,-0.703734710573325,-0.8214406573949561,-0.8173195041659389,-0.4618828790234042,-0.3526370374135411,0.4208573790559796,-0.8025259807040113,-1.0030969190222077,-1.0040002090119833,1.918066258926492,-0.3520597832635044,-1.0026668657945366,-0.652371062151611,1
-0.4715253977706705,-0.5048854487249443,-0.7502482899314652,-0.7753735401210833,0.1635272040511625,-0.7735086110763034,-0.7123921202379245,-0.5602081881106576,-0.7463600366031776,-0.7636638994378275,-0.391713781510393,-0.3509310648095796,0.4208573790559796,-0.7606085510471001,-1.0030969190222077,-1.0040002089236406,-0.0911632915931626,-0.2546113373240499,-1.0026668657945366,-0.1660481847956632,1
0.3780444604120004,-0.3375823652961273,-0.920333207628266,-0.793430894187804,0.1635272040511625,-0.7915449749027947,-0.7836309541163892,-0.3196184552387844,-0.7686356115135861,-0.7881461015951897,0.4740559589662637,-0.3516427022731191,0.4208573790559796,-0.7817691050056216,-1.0030969190222077,-1.004000208995315,1.733644222888456,-0.3413315139857663,-1.0026668657945366,-0.1660481847956632,1
-0.4762385732885621,-0.6150462818277218,-1.0551604305097138,-0.8610531348108055,-2.375719647831738,-0.8590886100407245,-0.8293093378811006,-0.6810243471794706,-0.8214406573949561,-0.8208379044759789,-0.3437361941942591,-0.3526355152705895,0.4208573790559796,-0.8029947683609384,-1.0030969190222077,-1.0040002090187057,1.269677205908555,-0.3520597832635044,-1.0026668657945366,-0.652371062151611,1
1.2730685028265414,0.3887722187451804,-0.3577476478048778,-0.1750553045801103,0.1635272040511625,-0.1738881978149134,-0.4794844286906898,0.6272748263066861,-0.27767796270695,-0.58012068326407,1.3496945391285906,-0.2485496659197767,0.4208573790559796,-0.6341530805909762,-1.0030969190222077,-1.004000209010207,1.269677205908555,-0.3413315139857663,-1.0026668657945366,-0.1660481847956632,1
-0.8380347075348542,-0.612100805006792,-0.8607096861932106,-0.7628009353076939,0.1635272040511625,-0.7609506209176617,-0.756901588925912,-0.6053395365245046,-0.7398961420979252,-0.7926907019956582,-0.7595924277464786,-0.3505886205846247,-2.376101857220821,-0.781690973729467,-1.0030969190222077,-1.0040002087420157,-0.6366642613477741,-0.3273251624287193,-1.0026668657945366,2.486622055327689,1
-0.7919414486564902,-0.4512777705840207,-0.6781179918356409,-0.6155309421054808,0.1635272040511625,-0.6138518173883359,-0.672454938817664,-0.5607921318213668,-0.5937126817483698,-0.3267958609411842,-0.752697858241758,-0.3113291795430659,0.4208573790559796,-0.7196547404627618,-1.0030969190222077,-1.0040002089132722,0.9280111180907202,-0.2847100927977041,-1.0026668657945366,-0.4313152088079983,1
0.6138630049682056,-0.2356688672919535,0.7208344066910493,1.1369859564946514,0.5867350126983124,1.138442870848216,0.4306611681443544,-0.1474172049431976,1.3384945526678629,0.7495414339052439,0.6387562169510758,0.3675342312027019,0.4208573790559796,1.0077236002792571,0.9968262956829548,0.9960416923813792,-0.7512000521503438,-0.4009330099732003,0.9964931084729888,0.3202746925602845,1
-0.7584699140463783,-0.3281568394691517,-0.8063339778675359,-0.7622573749490086,0.1635272040511625,-0.7604076924047309,-0.7390514050241971,-0.3406728857470362,-0.7331836362655476,-0.6940288933016177,-0.7483684874556612,-0.3502766612648211,-2.376101857220821,-0.7535637143138325,-1.0030969190222077,-1.004000208803017,-0.0833981532336663,-0.3076566687528662,-1.0026668657945366,2.751889079340024,1
-0.590632935010949,-0.5991407069947005,0.7050939726248578,0.4458939290820572,0.1635272040511625,0.446339231670593,0.4649108640706669,-0.6145350264636815,0.2985533713035934,0.7058546300555796,-0.5023091999833657,0.0238001753224857,0.4208573790559796,-0.0977167603932599,-1.0030969190222077,-1.0040002090133873,-0.665783530195885,-0.149712704386166,-1.0026668657945366,-0.652371062151611,1
0.5203184535876785,-0.3093057878152005,0.5125166979730744,0.6533652927049051,0.5867350126983124,0.6552043718832992,0.2075607367961992,-0.2686510475201084,0.6185161493135898,-0.3910066665994156,0.5634463326470325,0.0601031609418931,0.4208573790559796,0.6644929041323606,0.9968262956829548,0.9960364903232986,1.5938717324175231,-0.3770924115782267,0.9964931084729888,-0.652371062151611,1
-0.348343759658994,-0.5042963533607585,1.2603196028373465,1.568060627898508,0.5867350126983124,1.5686643488916594,1.1016914956770942,0.1148002578570363,1.4835344009126428,0.7608296348999559,-0.244490210436596,0.7106302204437697,0.4208573790559796,1.8814005521186885,0.9968262956829548,0.9960286652241828,-0.628899122988278,-0.3747083517387294,0.9964931084729888,1.292920447272181,1
0.412953912976723,0.5519516346246955,-0.2481977563828198,-0.0559621822690482,0.1635272040511625,-0.0549335118017571,-0.4048969599783522,0.3937019632392571,-0.2155748531911014,-0.5321824790397739,0.2181446491075894,-0.2190207416973959,0.4208573790559796,-0.6227459142724133,-1.0030969190222077,-1.0040002089713949,0.1340257208322287,-0.3264311399889079,-1.0026668657945366,1.292920447272181,1
-0.6279389175000235,-0.6356646195742309,-0.9760779525236962,-0.7666254411245296,0.5867350126983124,-0.764555280324766,-0.8042111799862656,-0.4221554306427039,-0.7239850171619192,-0.7909315018406382,-0.5177994275020481,-0.3509475009934183,0.4208573790559796,-0.6831413907398732,0.9968262956829548,0.9959699222237594,0.2912697726120276,-0.3770924115782267,0.9964931084729888,0.3202746925602845,1
-0.5478948180266774,-0.1773484262375419,1.0933355755179206,0.035997075073645,0.1635272040511625,0.0369188502064475,0.8962341887484865,-0.3345881673517215,-0.1014622540406832,0.8958482467977442,-0.5274054688574538,-0.188238006038156,0.4208573790559796,0.0476204351335446,-1.0030969190222077,-1.004000209007674,-0.9996844796542236,0.0901833169632557,-1.0026668657945366,-0.652371062151611,1
-0.8338008380018328,-0.5991407069947005,-0.7102523702296913,-0.6661989882129966,0.1635272040511625,-0.6644609659156293,-0.6865550213603206,-0.5047229220259445,-0.662826630689146,-0.7566270988177474,-0.7474914466117122,-0.3447102735435363,0.4208573790559796,-0.7582125252450277,-1.0030969190222077,-1.0040002089778794,-0.9589175032668684,-0.2760678758795261,-1.0026668657945366,0.8065975699162331,1
-0.1938474638691224,-0.4978163043547127,-0.816618787032497,-0.7875203809591451,-0.2596806045959874,-0.7856413321764304,-0.7422264679355683,-0.3092614656814795,-0.7600833818604829,-0.7561872987789924,-0.1149692012891896,-0.3513319759404665,0.4208573790559796,-0.7698150197539768,-1.0030969190222077,-1.0040002089332851,0.326212895229761,-0.275769868399589,-1.0026668657945366,-0.652371062151611,1
-0.8038442139474369,-0.4925144460770389,-0.8173226948799261,-0.7422543245313864,0.5867350126983124,-0.7401746760015877,-0.7449754003610549,-0.0721976457317975,-0.7398961420979252,-0.7248148960144684,-0.753661825837157,-0.3499946225507434,-2.376101857220821,-0.6024448043515919,0.9968262956829548,0.996066415892647,0.3766862945664865,-0.3770924115782267,0.9964931084729888,1.7792433246281287,1
-0.4698478268236243,-0.4147538580044901,-1.0151748298134702,-0.8170824696472173,0.5867350126983124,-0.8151466185295732,-0.8167724988941703,-0.5328489975104584,-0.7766906185124391,-0.798261502486555,-0.4099174989556756,-0.3522507324380327,0.4208573790559796,-0.7006688403572086,0.9968262956829548,0.9960095958809282,0.7474716512324323,-0.4009330099732003,0.9964931084729888,0.8065975699162331,1
-0.8285284721682592,-0.5814678460691212,-0.845913233077759,-0.6675973859611571,-0.2596806045959874,-0.6658577381374498,-0.7412536950552275,-0.591490106151806,-0.6717269162002243,-0.5475754803961992,-0.7576096307882138,-0.3369435965618631,0.4208573790559796,-0.7354112144872609,-1.0030969190222077,-1.0040002086369328,-1.2675817530568445,-0.3592119627819966,-1.0026668657945366,-0.6965822328203334,1
-0.7115778118598972,-0.150839134849173,-0.758763995154324,-0.7458211925738343,0.1635272040511625,-0.7439906157864263,-0.7157228054839072,5.608325027125024,-0.7120019511944896,-0.6676408909763171,-0.7468067209281075,-0.3486621785472756,0.4208573790559796,-0.7584338971941321,-1.0030969190222077,-1.00400020847464,-0.6871376606844999,-0.2623595318024163,-1.0026668657945366,-0.1660481847956632,1
-0.6912073075029079,-0.3293350301975237,-1.0168529045973975,-0.7586954334950864,0.5867350126983124,-0.8067162572317192,-0.8066616222692146,-0.1597258013934971,-0.7105600054971641,-0.6029902852793305,-0.6752342384750939,-0.3520966514496022,-2.376101857220821,-0.683532047120646,0.9968262956829548,0.9960468072915868,-1.009390902603594,-0.3890127107757135,0.9964931084729888,2.751889079340024,1
-0.5887955954022793,0.2568148571675219,-0.7117428057703163,-0.6704943765959992,0.5867350126983124,-0.6684847447240899,-0.6991886691216307,0.542873104903444,-0.6827155368591535,-0.7733395002904379,-0.71692275380456,-0.3459365190208006,0.4208573790559796,-0.5454480383968546,0.9968262956829548,0.9959768569371747,-0.6735486685553813,-0.3770924115782267,0.9964931084729888,0.3202746925602845,1
0.3452120004483822,0.8087972134097811,0.3852985347545003,0.3286362014866298,0.1635272040511625,0.3292178068724569,0.1359088393427399,-0.7122331333437845,0.0128989564368601,0.232336588329352,0.3436496124405909,-0.0618641463691726,0.4208573790559796,-0.2999335249605699,-1.0030969190222077,-1.0040002090374434,-0.5415413164439452,-0.2578894196033587,-1.0026668657945366,-0.652371062151611,1
0.1792123610216225,-0.2174069110021883,0.1535097842430003,-0.0456092168147239,0.1635272040511625,-0.0445925808476799,-0.054925077429673,0.0374986759308956,-0.2949315888094315,0.5224580138947406,0.2263902830656271,-0.1912126769044816,0.4208573790559796,-0.3244927894318138,-1.0030969190222077,-1.0040002090097673,-0.6366642613477741,-0.2963323845152537,-1.0026668657945366,-0.1660481847956632,1
2.282806444286716,8.675576706749297,-0.5540587125454253,-0.482067576623415,0.5867350126983124,-0.4818825025899703,-0.6180754356689586,1.1337853906571431,-0.4162041941810525,-0.6019640851889022,0.6359054978622556,-0.3267578640703691,0.4208573790559796,-0.4323269724044389,0.9968262956829548,0.9959632704256705,-0.7764367518187066,-0.3413315139857663,0.9964931084729888,-0.1218370141269404,1
-0.4440451879714379,0.2138108955819457,-0.9420543795601092,-0.7652059713417995,0.5867350126983124,-0.7635629583987787,-0.7917601148905536,-0.054884810651612,-0.7329350249384226,-0.7671822997478677,-0.5322325569590319,-0.3509101149521122,-2.376101857220821,-0.6660697069001061,0.9968262956829548,0.9960210852051395,-0.3241174423780501,-0.382754553697033,0.9964931084729888,-0.4313152088079983,1
-0.6729936800778351,-0.0212381547282584,-0.9489748184311788,-0.7924574515310014,0.5867350126983124,-0.7917412480437276,-0.793758870572467,0.2296751159942258,-0.7656522755880849,-0.7550144986756457,-0.7381935729228823,-0.3517398389957271,-2.376101857220821,-0.6692079798256468,0.9968262956829548,0.9960636600551144,-0.3629431341755313,-0.3770924115782267,0.9964931084729888,2.751889079340024,1
-0.1602960449281988,-0.515489165280292,-0.7830223521232939,-0.5591428165990556,-2.375719647831738,-0.5575292386002222,-0.6882445337254215,-0.5618823526137452,-0.6054471363886743,-0.178729847893664,-0.0422166676307672,-0.2964289391630709,0.4208573790559796,-0.6889231051753092,-1.0030969190222077,-1.004000209015978,1.2832661980376734,-0.3413315139857663,-1.0026668657945366,-0.652371062151611,1
0.1071566946294486,-0.2221196739156761,-1.0132137759986743,-0.8374748543862905,-1.5293040305374377,-0.8355377374949318,-0.8159779479208265,-0.3473013201417384,-0.7990656379536977,-0.7935703020731683,0.119263638116332,-0.3523943691184657,0.4208573790559796,-0.7935408839462391,-1.0030969190222077,-1.0040002089942184,0.5999340224020037,-0.3449076037450124,-1.0026668657945366,1.292920447272181,1
0.1560459050862229,0.518962294230281,-1.0102753044088788,-0.8326128029378839,-1.5293040305374377,-0.8306813377952551,-0.8149596198157746,-0.0898463548797684,-0.7990656379536977,-0.7891723016856181,-0.0011471784023397,-0.3522945196007532,0.4208573790559796,-0.7926814399085391,-1.0030969190222077,-1.0040002087127184,0.9377175410400906,-0.3413315139857663,-1.0026668657945366,-0.652371062151611,1
-0.4007478806714842,-0.5738096063347035,0.8201175345446273,4.350370143395045,0.5867350126983124,4.358054736816174,0.5608494665280589,-0.6531670536386273,5.179539556750568,-0.6710126912734387,-0.2578624299107085,4.5650563396713455,0.4208573790559796,1.0988246682754517,0.9968262956829548,0.99597401130909,1.918066258926492,-0.3413315139857663,0.9964931084729888,-0.652371062151611,1
3.075818196254687,0.4270634174172688,0.1587098754750223,0.0986493893163617,-0.6828884132431379,0.0994983361088649,0.0471378787816424,0.5797488947928177,-0.1014622540406832,0.8826542456350939,3.331261069033749,-0.1111129560136391,0.4208573790559796,-0.2175310723762478,-1.0030969190222077,-1.0040002090244429,-0.0271009001273186,-0.3413315139857663,-1.0026668657945366,-0.652371062151611,1
-0.4331010346502318,0.2344292333284549,-0.3366442386139067,-0.1300803457936737,0.1635272040511625,-0.1289655188467569,-0.3767015932977227,-0.3559305616474673,-0.2374029277126847,0.2711855917527112,-0.5544134535714674,-0.1550449229293493,0.4208573790559796,-0.4723822733130001,-1.0030969190222077,-1.0040002089321876,-0.0503963152058071,-0.338947454146269,-1.0026668657945366,-0.652371062151611,1
-0.1946463071772396,-0.1455372765714993,-1.051279135862516,-0.8635760622610429,-3.645343073773188,-0.8616086047881382,-0.8281499011346156,-0.345577746941399,-0.8214406573949561,-0.8155603040109187,-0.2046153474062968,-0.3526393757596571,0.4208573790559796,-0.802057193047084,-1.0030969190222077,-1.004000208986444,1.910301120566996,-0.3413315139857663,-1.0026668657945366,-0.652371062151611,1
1.3622993003432355,-0.0442128739315115,1.0249827050422669,0.1994371071221505,0.5867350126983124,0.1982438165351285,0.7949648887332545,0.486848504394185,-0.1014622540406832,0.040730371445086,1.4080275466565677,-0.1487473217179131,0.4208573790559796,1.4339297117022758,0.9968262956829548,0.996055166390633,0.2640917883537906,-0.3890127107757135,0.9964931084729888,-0.1660481847956632,1
-0.5566820944159669,0.374633930004717,-0.90748236364239,-0.8110574847296238,0.1635272040511625,-0.8091510759327774,-0.7797493409252649,0.3237911842738802,-0.776342562654464,-0.7561872987789924,-0.7131195028838592,-0.3519575374114889,0.4208573790559796,-0.7781880881818718,-1.0030969190222077,-1.0040002088499933,0.3106826185107683,-0.3365633943067717,-1.0026668657945366,0.0550076685479494,1
-0.8439461480149216,-0.633308238117487,-0.637200827370301,-0.7068823485237189,0.1635272040511625,-0.7050970350505179,-0.6617104221378676,0.3310210627833449,-0.7007149969430104,-0.6540070897749117,-0.7602229643545879,-0.3475620790917355,0.4208573790559796,-0.7187952964250619,-1.0030969190222077,-1.0040002087113853,-0.0251596155374444,-0.3306032447080282,-1.0026668657945366,-0.1660481847956632,1
1.372444610356324,9.65877686957569,-0.98613125683985,-0.8109649103739303,-0.2596806045959874,-0.8090586091874213,-0.8070334253929792,0.7918075077796337,-0.781265066931541,-0.8016333027836767,0.3267075661599462,-0.3520073049417306,0.4208573790559796,-0.7918480396295574,-1.0030969190222077,-1.0040002090046378,-1.0171560409630902,-0.3484836935042584,-1.0026668657945366,-0.9176380861639462,1
-0.3366806473604825,-0.5031181626323864,1.4791974500680674,0.5506447523112625,-0.2596806045959874,0.5509682903857019,1.439560157600999,-0.3885148050445566,0.4745204686427351,0.8987802470561109,-0.2060037088922652,0.1093410842075591,0.4208573790559796,0.2218792247168883,-1.0030969190222077,-1.0040002089845044,-0.3474128574565389,1.384727809810322,-1.0026668657945366,-0.652371062151611,1
-0.7452889994624441,-0.6327191427533011,0.0523025207490808,-0.1059197558636821,0.1635272040511625,-0.1048330136840487,-0.1150645496400189,-0.6919469544657212,-0.319941888318216,0.5998628207156222,-0.6530167175219788,-0.1995594436724266,0.4208573790559796,-0.3355613868870404,-1.0030969190222077,-1.0040002089838629,-1.1219854088162895,-0.2963323845152537,-1.0026668657945366,-0.1660481847956632,1
-0.5539660271683683,-0.1802939030584718,-1.051279135862516,-0.8635760622610429,-3.645343073773188,-0.8616086047881382,-0.8281499011346156,-0.5222499991303232,-0.8214406573949561,-0.8155603040109187,-0.5257338293078612,-0.3526393757596571,0.4208573790559796,-0.802057193047084,-1.0030969190222077,-1.0040002090278,1.910301120566996,-0.3413315139857663,-1.0026668657945366,-0.652371062151611,1
-0.4588237891716066,-0.4088629043626303,-1.0516790602966934,-0.8202638799036048,0.1635272040511625,-0.8183467694034172,-0.8274795462284628,0.0965190569911038,-0.7908117418931445,-0.8009003027190851,-0.4079853781259429,-0.3520515285813924,-2.376101857220821,-0.7977860166173024,-1.0030969190222077,-1.004000208904667,-0.3124697348388056,-0.3890127107757135,-1.0026668657945366,3.238211956695973,1
-0.1352922493841297,0.0435623353321988,1.3621985844092217,-0.4408081822130152,-1.1060962218902877,-0.4393321588301041,1.2554607129425202,-0.1215816924006859,0.0432295383461216,0.7489550338535708,-0.1676820168809929,-0.282319581725298,0.4208573790559796,0.1603508447451875,-1.0030969190222077,-1.0040002089323086,-0.7609064750997141,2.675696212898142,-1.0026668657945366,-0.9176380861639462,1
-0.8559287976366801,-0.681614057980737,0.0550339692923759,0.5686734758567787,0.5867350126983124,0.5716391479138092,-0.2086056858080957,-0.2187073693287518,0.5986272431435822,-0.7940101021119231,-0.7561039966685181,0.0172811664173637,0.4208573790559796,0.0919208687131691,0.9968262956829548,0.9960390954810292,-0.6444293997072704,-0.4009330099732003,0.9964931084729888,0.8065975699162331,1
-0.3638413198364683,1.0379553100781254,-0.9556832411448352,-0.810455600931718,0.1635272040511625,-0.8085498917769931,-0.7964734991945871,0.4540815173301191,-0.7811656224006909,-0.7984081024994732,-0.6798852307672001,-0.3520654218265608,0.4208573790559796,-0.7886967448246575,-1.0030969190222077,-1.004000209001624,1.1648478380553555,-0.3413315139857663,-1.0026668657945366,-0.652371062151611,1
-0.246970543858918,-0.488390778527737,1.1544863367693958,0.7408877301273045,0.5867350126983124,0.7442172792203056,0.9817848909343514,-0.5135015154112149,0.6185161493135898,-0.3467334626980779,-0.1683275021995836,0.112124995642896,0.4208573790559796,1.652163387881267,0.9968262956829548,0.9960404311045734,0.1961468277081985,-0.3592119627819966,0.9964931084729888,-0.9176380861639462,1
-0.4016266083104131,-0.51431097455192,2.1136740858902674,0.96373384050217,0.1635272040511625,0.9635771953135892,2.5318717247708573,-0.5129258327444478,1.3384945526678629,1.3036894827365566,-0.2591704420778389,0.3223933621099387,0.4208573790559796,0.5550309862398493,-1.0030969190222077,-1.0040002089971587,-0.9996844796542236,3.964280556146464,-1.0026668657945366,0.3202746925602845,1
0.0045852138671968,-0.0677766884989505,-0.895337812927037,-0.774382940649796,0.1635272040511625,-0.7725191630982413,-0.773845229779831,-0.3410157379434817,-0.7456639248872273,-0.7586794989986042,0.0176131542777211,-0.3506997959997636,0.4208573790559796,-0.7786959414768764,-1.0030969190222077,-1.004000209022759,1.5938717324175231,-0.314510840791421,-1.0026668657945366,-0.8734269154952237,1
0.4576092539004761,-0.1720465679598682,-0.8582926285591241,-0.7642041382660673,0.1635272040511625,-0.7623521927640194,-0.7564413567532448,-0.1009177026528175,-0.7398961420979252,-0.7915179018923115,0.5237156499293272,-0.3506189609870297,0.4208573790559796,-0.7807013108981762,-1.0030969190222077,-1.0040002088033189,1.9724222274429652,-0.2924582872760705,-1.0026668657945366,-0.1660481847956632,1
1.6408559618837122,1.3395721365413449,-0.9454012160998528,-0.8077684533565992,0.1635272040511625,-0.8058658677975531,-0.7930727927839637,0.5440747734198084,-0.7811656224006909,-0.7828685011301297,1.2728971833880869,-0.3520083211757829,0.4208573790559796,-0.7854933625023214,-1.0030969190222077,-1.004000208846748,0.994014794146438,-0.3413315139857663,-1.0026668657945366,-0.1660481847956632,1
-0.3770222344204025,-0.1584973745835908,-0.142915095840939,0.27545542065798,0.5867350126983124,0.279493422062229,-0.333042383793028,-0.39377058592281,0.2732447382022588,0.2594575907192443,-0.3833742696505315,-0.058418682060105,0.4208573790559796,-0.0019408377071523,0.9968262956829548,0.9959879981402632,-0.1979339440362361,-0.3770924115782267,0.9964931084729888,0.3202746925602845,1
0.4346824509575117,1.1587198597362505,0.2281731403288452,1.5329079595134474,0.5867350126983124,1.538874726020631,0.0917487541045121,0.243240991366297,1.935261182298939,2.264652567416254,0.1271505030228139,1.1872255379259296,0.4208573790559796,0.6851195610371593,0.9968262956829548,0.9960157457553088,-0.6444293997072704,-0.3413315139857663,0.9964931084729888,-0.1660481847956632,1
-0.6888107775785562,-0.6303627612965571,1.4835064743778943,0.6551931204086273,0.1635272040511625,0.6553951293069842,1.4538258739645826,-0.561445294583135,0.5465183089781623,2.156315157869603,-0.5280124612465548,0.1146048308540102,0.4208573790559796,0.3858507296065506,-1.0030969190222077,-1.0040002090239433,-0.9996844796542236,0.0901833169632557,-1.0026668657945366,-0.652371062151611,1
1.0315781707827036,-0.1738138540524261,-0.6126644610141894,-0.3401636361944218,0.5867350126983124,-0.3377399000796752,-0.6508399745652058,-0.1477454517438691,-0.2178123551352273,-0.8155603040109187,1.171487971736647,-0.3031499420942499,0.4208573790559796,-0.4848442118596492,0.9968262956829548,0.995987616917831,2.24226078543546,-0.3770924115782267,0.9964931084729888,-0.652371062151611,1
2.854538599906215,0.3328081591475127,-0.2708143997425432,0.0282454362924131,-1.5293040305374377,0.0291762220897674,-0.305584911400213,0.5439839072032907,-0.1014622540406832,0.4581006082235905,2.789838358204897,-0.0676780363389451,0.4208573790559796,-0.4249435668078348,-1.0030969190222077,-1.004000209023708,0.6212881528906182,-0.3413315139857663,-1.0026668657945366,-0.652371062151611,1
-0.5494925046429119,-0.3364041745677554,-0.9722835020770452,-0.8090426893369709,0.1635272040511625,-0.8071386225797804,-0.8022331842830043,-0.5505476477457727,-0.7811656224006909,-0.8023663028482685,-0.4520694990536202,-0.3520309075986562,0.4208573790559796,-0.791509470766221,-1.0030969190222077,-1.0040002090291524,1.935537820235358,-0.3413315139857663,-1.0026668657945366,-0.652371062151611,1
-0.5141836304241304,0.5012894333047018,-0.8096144693998814,-0.695065251079771,0.5867350126983124,-0.6958969634056602,-0.7396260031625929,0.1582231980684338,-0.6394571659393872,-0.6865522926427824,-0.7059619108182168,-0.3477059596585505,0.4208573790559796,-0.594931179961397,0.9968262956829548,0.9960053865953866,-0.6521945380667665,-0.3592119627819966,0.9964931084729888,1.292920447272181,1
-0.7039888004327836,-0.443030435485417,-1.0537452256074795,-0.8368520336873936,0.5867350126983124,-0.8348188638871732,-0.8288686596818367,-0.2623964685957848,-0.7945906340654459,-0.8123351037267152,-0.6551970616892565,-0.352465869581877,-2.376101857220821,-0.7165815769340166,0.9968262956829548,0.9960487520155166,-0.7162569295326108,-0.3842445910967188,0.9964931084729888,2.2655662019840763,1
-0.8600827828388896,-0.6922177745360846,-0.776610949197866,-0.7528784837796757,0.5867350126983124,-0.7510766289427941,-0.7281773851707742,-0.572047793658546,-0.7170239000024166,-0.7167518953039599,-0.762538370121066,-0.3504440102343869,-2.376101857220821,-0.5805680470283205,0.9968262956829548,0.9959691998636248,0.1514972821410951,-0.3413315139857663,0.9964931084729888,1.0718645939285685,1
0.587261522807902,0.1784651737307872,0.7249869524753024,0.5039979352963138,0.5867350126983124,0.5044681398480297,0.4346248144641476,0.1077236545865753,0.2585269476364533,0.2604837908096727,0.6132327139314268,-0.0157856704282286,0.4208573790559796,1.0038430802302485,0.9968262956829548,0.9960209074161748,-0.5046569092363379,-0.3496757234240071,0.9964931084729888,-0.652371062151611,1
0.6116262437054775,-0.1773484262375419,-0.97540928512367,-0.7902068416498854,-2.375719647831738,-0.7883246700699403,-0.7998457113749294,-0.0162704374969871,-0.7538183764169305,-0.6886046928236391,0.6152896564936798,-0.3487681692370975,0.4208573790559796,-0.7789563790640581,-1.0030969190222077,-1.004000208949598,1.269677205908555,-0.3413315139857663,-1.0026668657945366,-0.1660481847956632,1
3.037553601795872,0.3357536359684426,-1.0497163275999852,-0.8619006950900165,-3.2221352651260378,-0.8599351850984128,-0.8276721932905702,0.6077196299967942,-0.8198495449013555,-0.810869103597532,2.961196996068822,-0.3526343561737403,0.4208573790559796,-0.8016404929075931,-1.0030969190222077,-1.004000209022673,1.935537820235358,-0.3413315139857663,-1.0026668657945366,-0.8734269154952237,1
-0.8532127303890815,-0.6668866738760877,-0.7922493396692136,-0.7524008810665229,0.1635272040511625,-0.7505626559137132,-0.7313833173817224,-0.6417842765349269,-0.7280125206613457,-0.6714524913121938,-0.760169597458169,-0.3497586809863423,0.4208573790559796,-0.7470137089962101,-1.0030969190222077,-1.0040002089757691,-0.6910202298642477,-0.3413315139857663,-1.0026668657945366,-0.1660481847956632,1
-0.3187066729278449,-0.393546424893795,1.628207774189172,0.2968416522003156,-0.2596806045959874,0.2974602162249911,1.6643197433187185,-0.4309010829945575,0.4745204686427351,0.9458388512028968,-0.2434309448118776,-0.0427906218694303,0.4208573790559796,0.350353086473671,-1.0030969190222077,-1.0040002089812987,-0.3474128574565389,2.376198695561286,-1.0026668657945366,-0.652371062151611,1
-0.735543111103414,-0.634486428845859,2.2813844835947337,1.485446318797439,0.1635272040511625,1.4846832242802572,2.7903688938182016,-0.7024775699061938,1.194498871997008,2.367712376497845,-0.620106084987244,0.7470106857142027,0.4208573790559796,0.8945634686487642,-1.0030969190222077,-1.004000209022967,-1.1239266934061638,1.8073024163612288,-1.0026668657945366,-0.9176380861639462,1
1.3448046318954685,0.085388106189403,1.848140167846488,0.5115848395367502,-0.2596806045959874,0.5119537816581745,2.008331296375734,0.1265349250605319,0.8345096703198717,1.9595779405331957,1.3561094045139603,0.0972059479139101,0.4208573790559796,0.6176401821983543,-1.0030969190222077,-1.0040002089433584,-0.9996844796542236,2.374112643201726,-1.0026668657945366,-0.652371062151611,1
-0.5021210964715602,-0.6244718076546975,0.7866196372843711,0.2883790695204275,0.5867350126983124,0.2889446716262067,0.5128932123330188,-0.6054096123154306,-0.1014622540406832,-0.7167518953039599,-0.42525876257441,-0.1139952674702354,0.4208573790559796,1.03730931018311,0.9968262956829548,0.9959699373415546,0.6678789830475959,-0.3413315139857663,0.9964931084729888,0.3202746925602845,1
-0.5133847871160132,-0.5726314156063316,0.3099921093278979,0.3343791756454309,0.5867350126983124,0.3363663358551966,0.0106402804993125,-0.5252669458083633,-0.1014622540406832,-0.1032308412407206,-0.428659220491187,-0.095156523498314,0.4208573790559796,0.4013337441645087,0.9968262956829548,0.9960295806544284,1.0017799325059342,-0.3413315139857663,0.9964931084729888,-0.1660481847956632,1
0.2473536952040219,0.837073790890708,-0.7239993315684674,-0.4997146061387469,0.5867350126983124,-0.4955384677234707,-0.6910068219606429,2.580714536051655,-0.4026300157200224,-0.1085084417057808,0.0665032108816452,-0.2929648567073376,0.4208573790559796,-0.5044812059331572,0.9968262956829548,0.9960360314491412,-0.819145012795936,-0.3413315139857663,0.9964931084729888,-0.1660481847956632,1
1.880908375972939,0.2862696253768206,1.325644294647401,-0.5782419845195654,-2.375719647831738,-0.5766062052546246,1.2034366463223658,0.2608098911577536,-0.1014622540406832,0.7139176307660882,1.9490504542235925,-0.3034789199304016,0.4208573790559796,0.1299577783210713,-1.0030969190222077,-1.004000208986791,-1.009390902603594,2.695364706573995,-1.0026668657945366,-0.1660481847956632,1
-0.5006032941861376,-0.6038534699081882,0.4639749292244569,0.3718802779736049,0.5867350126983124,0.3722420175111608,0.1692021974232469,-0.6824293715935333,-0.1014622540406832,0.0335469708120875,-0.3838416410837353,-0.0797298347480098,0.4208573790559796,0.6244896907412357,0.9968262956829548,0.9959716196580594,0.9454826793995864,-0.3413315139857663,0.9964931084729888,-0.652371062151611,1
1.3726842633487597,-0.0265400130059322,1.9052513498465424,0.1412468813336924,0.1635272040511625,0.1420463119242479,2.106174322245957,0.0188756437583386,0.6185161493135898,1.7317615204581,1.494167099012479,-0.1509220769404611,0.4208573790559796,0.5178404987902879,-1.0030969190222077,-1.0040002090364308,-0.9996844796542236,4.405331626453475,-1.0026668657945366,-0.652371062151611,1
0.6555626256519249,1.7472261285580402,-0.4425505865536633,-0.1567122862786474,0.5867350126983124,-0.1577971810043154,-0.5168802661361911,0.3071043389934246,-0.0636733323176688,0.4695354092312209,0.1823422632737626,-0.2003409900004666,0.4208573790559796,-0.2386265169379738,0.9968262956829548,0.996003606298248,-1.263699183877096,-0.3574239179023735,0.9964931084729888,-1.1829051101762815,1
1.937146944864392,0.5625553511800432,-0.0566458187150681,0.1479432543365812,0.5867350126983124,0.1491869988583236,-0.2434401537212345,0.3426368832256229,0.1434696254429596,1.1081250655034958,1.8824123168698612,-0.1257887470682785,0.4208573790559796,0.1584105847206831,0.9968262956829548,0.9960246105720224,-1.00744961801372,-0.3770924115782267,0.9964931084729888,-0.652371062151611,1
1.878352077386964,0.0794971525475433,1.3943180531427413,-0.0120324021678671,0.5867350126983124,-0.0089812499719442,1.2958133629667283,0.1687593081433293,0.4745204686427351,1.5194847017523485,1.961843784884309,-0.2209273545890728,0.4208573790559796,2.1688064514531664,0.9968262956829548,0.996066080016397,-0.9996844796542236,-0.3413315139857663,0.9964931084729888,-0.652371062151611,1
-0.7777220377720035,-0.6639411970551578,-0.3205469199773615,-0.6057838046099784,0.1635272040511625,-0.6041160101661849,-0.48174589904615,-0.4653833874818643,-0.5992815754759719,-0.5090196769986767,-0.6748389945699633,-0.3392113796271429,-2.376101857220821,-0.6348823058350853,-1.0030969190222077,-1.0040002088756357,-0.3881798338438941,-0.2343468286883223,-1.0026668657945366,1.558187471284516,1
-0.7154921440696715,-0.6274172844756273,1.6932313469898652,-0.0815109004679412,-0.6828884132431379,-0.0804525316444811,1.7531084165094497,-0.6892981974512248,0.4025226283073078,1.7317615204581,-0.5708624166368802,-0.195713488159562,0.4208573790559796,0.4801291361663629,-1.0030969190222077,-1.004000209019288,-0.9996844796542236,3.9738167955044537,-1.0026668657945366,-0.652371062151611,1
-0.1996790200183781,-0.4436195308496029,1.432288091810179,-0.2593267454605533,-1.5293040305374377,-0.2580616798370418,1.351610020438599,-0.1984115091146312,0.2585269476364533,1.1348062678546331,-0.1053715312116535,-0.2202262019588838,0.4208573790559796,0.2383128364680599,-1.0030969190222077,-1.0040002089443083,-1.1239266934061638,2.2406052921898736,-1.0026668657945366,-0.4313152088079983,1
0.0450066852579284,-0.4035610460849566,-1.0033253883919329,-0.8168940030792636,0.5867350126983124,-0.8148848130914881,-0.8131744005797669,-0.4977858936179785,-0.7766906185124391,-0.8155603040109187,0.1314531156171488,-0.3522455993931892,0.4208573790559796,-0.6965799702384542,0.9968262956829548,0.9959964049881362,2.24226078543546,-0.3592119627819966,0.9964931084729888,-0.652371062151611,1
-0.4422877326935799,-0.5743987016988895,3.05550421813392,6.598043283397952,0.5867350126983124,6.606310782787021,4.323185422482447,-0.5510205339178145,8.538278586210593,5.552744257161629,-0.328858340600451,10.195783932655806,0.4208573790559796,6.280881559225354,0.9968262956829548,0.996032062844852,-0.9996844796542236,-0.0254435852523662,0.9964931084729888,-0.652371062151611,1
-0.1068534276151564,-0.4330158142942554,-0.9372238050439472,-0.8090426893369709,0.1635272040511625,-0.8071386225797804,-0.7887976511692292,-0.4494205031894624,-0.7766906185124391,-0.8023663028482685,-0.0184263181043421,-0.3520309075986562,0.4208573790559796,-0.7903375016239029,-1.0030969190222077,-1.0040002090159188,1.918066258926492,-0.314510840791421,-1.0026668657945366,-0.652371062151611,1
-0.3049665680282287,0.1602032174410218,-1.0123675993973411,-0.8421798183068288,-0.6828884132431379,-0.8402372322685177,-0.81581349889118,-0.1340409982594247,-0.8032423082493992,-0.7929839020214949,-0.3935555373852651,-0.3524943834485372,0.4208573790559796,-0.7937492340159844,-1.0030969190222077,-1.004000208769144,0.2136183890170651,-0.3413315139857663,-1.0026668657945366,0.8065975699162331,1
-0.2885902802118255,1.365492332565528,-0.452927430912341,-0.7084036672056565,0.1635272040511625,-0.7066165853202906,-0.5627605642539858,0.7872748135934222,-0.684058038025629,-0.5922884843362919,-0.6859781756723508,-0.3477490692584672,-2.376101857220821,-0.6830241938256415,-1.0030969190222077,-1.0040002087986852,-0.0251596155374444,-0.2167643873720293,-1.0026668657945366,2.751889079340024,1
0.3250012647530164,0.6308904134256164,-1.0294713823782249,-0.8385135918903867,-1.9525118391845877,-0.8364175271503949,-0.8211524291990988,0.2364054436200027,-0.7925022989175952,-0.7742191003679477,0.1372950716733153,-0.3523387288276779,0.4208573790559796,-0.7046535354410901,0.9968262956829548,0.9960300056268836,1.116315723308504,-0.3413315139857663,0.9964931084729888,0.3202746925602845,1
1.730566065385277,0.061824291621964,0.7183184798055026,0.1639642021566493,0.1635272040511625,0.164737225665653,0.517549304209,0.2999918070726031,-0.1734600943761104,0.8826542456350939,1.7118795205164865,-0.1417861517059702,0.4208573790559796,-0.0666856218805482,-1.0030969190222077,-1.0040002090333404,-0.3474128574565389,-0.3413315139857663,-1.0026668657945366,-0.652371062151611,1
0.4699114408454815,-0.2621781586803224,0.3686690212844161,0.9260220624036156,0.5867350126983124,0.9073665983717936,0.0861557885297409,-0.1852612254360034,0.6185161493135898,0.0467409719747378,0.4887061436994386,0.2098180330797568,0.4208573790559796,0.5127098783228065,0.9968262956829548,0.9960343644997726,0.9571303869388312,-0.3413315139857663,0.9964931084729888,-0.652371062151611,1
-0.636167003573631,-0.4512777705840207,-0.873399305018387,-0.6923820470805304,0.5867350126983124,-0.6902623289141583,-0.7673711599058969,-0.56861757050366,-0.6349821620511354,-0.7661560996574392,-0.5956193497830385,-0.3473639555545735,0.4208573790559796,-0.6339577524005898,0.9968262956829548,0.99598278059395,-0.0581614535653035,-0.3592119627819966,0.9964931084729888,-0.652371062151611,1
-0.6832188744217357,-0.5649731758719139,-0.4024995744962005,-0.6748700869208647,-0.2596806045959874,-0.6731219851597919,-0.5279569649702931,-0.6317361592557811,-0.6555671799370931,-0.634949088095528,-0.6111574131752617,-0.3444885283346014,-2.376101857220821,-0.6825423842893551,-1.0030969190222077,-1.0040002087994984,-0.6094862770895373,-0.1136537993137685,-1.0026668657945366,1.0276534232598458,1
0.0651375366224825,0.4500381366205219,0.9548051224995658,0.1839105924467268,0.1635272040511625,0.1846604298608935,0.7198118953857735,-0.7143964734878788,-0.0346355293094578,0.8568526433614664,0.0474554144990253,-0.1321165663094708,0.4208573790559796,-0.071998548659057,-1.0030969190222077,-1.00400020903758,-0.5415413164439452,0.1652812019074225,-1.0026668657945366,-0.652371062151611,1
-0.8520144654269057,-0.6680648646044596,0.7593944027231808,1.8488462263524887,0.5867350126983124,1.8517919145121324,0.4728778915641165,-0.6475749760284019,1.5065558098044265,0.0979043764832373,-0.7604067587499579,0.9706813729669284,0.4208573790559796,1.0413460927844278,0.9968262956829548,0.996041400029596,0.792121196799536,-0.3413315139857663,0.9964931084729888,-0.1660481847956632,1
-0.6010977823472846,0.2096872280326438,-0.8208157964690475,-0.7235576459076658,0.1635272040511625,-0.7217529487253846,-0.7409240861211664,-0.1554190104617674,-0.7318908573644972,-0.6896308929140675,-0.7228867660818078,-0.3477089922465592,0.4208573790559796,-0.7473913434976237,-1.0030969190222077,-1.0040002089687956,-0.6580183918363889,-0.3413315139857663,-1.0026668657945366,0.3202746925602845,1
-0.5998196330542972,-0.3499533679440328,-1.0360619872458956,-0.8384936181285726,-1.1060962218902877,-0.8396064631063276,-0.822364268016744,-0.525192091234819,-0.7915078536090947,-0.7800831008846811,-0.5405341738378228,-0.3524945066476821,0.4208573790559796,-0.707101648760599,0.9968262956829548,0.9960754566090688,1.1532001305161117,-0.3413315139857663,0.9964931084729888,-0.1660481847956632,1
1.519192126057459,0.0105729949377841,0.8791168996333709,1.3227943764533088,0.5867350126983124,1.3250213049089954,0.6147019582309768,0.0795329307933043,1.3384945526678629,0.3399409978114113,1.5549159676413693,0.5062208104534945,0.4208573790559796,1.204588372429981,0.9968262956829548,0.9960652445404564,0.9843083711970676,-0.3186829455105414,0.9964931084729888,-0.652371062151611,1
-0.7222024278578563,-0.2126941480887005,-0.845467224394987,-0.7106339871476367,0.1635272040511625,-0.7088443126924403,-0.7527581368619354,0.8011133468670351,-0.704891667238712,-0.7605852991665425,-0.7308425445436094,-0.347486316471999,-2.376101857220821,-0.7637077583345636,-1.0030969190222077,-1.0040002089317464,-0.7512000521503438,-0.3818605312572214,-1.0026668657945366,3.724534834051921,1
-0.5304800339097218,0.4553399948981957,-0.7832478960245643,-0.757449453888759,0.5867350126983124,-0.755439446006104,-0.73083106433081,0.8697405175213603,-0.7295539108895213,-0.7237886959240399,-0.708640570249395,-0.3506137599964842,-2.376101857220821,-0.5847741140613067,0.9968262956829548,0.9960347972417494,0.3514495948981235,-0.3484836935042584,0.9964931084729888,1.0276534232598458,1
-0.7999298817376624,-0.5920715626244688,-0.8869579221264444,-0.6798788004922074,0.5867350126983124,-0.7180396235200566,-0.7613644200910596,-0.3243609633505639,-0.609971862542351,-0.5208942780450619,-0.7226880229759565,-0.3486185693680418,0.4208573790559796,-0.6194123131564864,0.9968262956829548,0.99597296918944,-0.628899122988278,-0.3890127107757135,0.9964931084729888,0.8065975699162331,1
-0.1403249622252682,-0.4919253507128529,-1.051279135862516,-0.8635760622610429,-3.645343073773188,-0.8616086047881382,-0.8281499011346156,-0.6043574062823202,-0.8214406573949561,-0.8155603040109187,-0.0093069320186612,-0.3526393757596571,0.4208573790559796,-0.802057193047084,-1.0030969190222077,-1.0040002090269582,2.24226078543546,-0.3413315139857663,-1.0026668657945366,-0.652371062151611,1
0.2308176387259953,-0.4324267189300693,-0.969612050981301,-0.7943886514733524,0.5867350126983124,-0.7923645118118573,-0.8019926934988131,-0.5174544802392799,-0.7478517045659282,-0.8072041032745735,0.3748986210617557,-0.3517752251587569,0.4208573790559796,-0.6819954653562733,0.9968262956829548,0.996071189539061,2.3063231769013046,-0.3413315139857663,0.9964931084729888,-0.652371062151611,1
2.908380638873316,0.7310366253372321,0.512004803579042,1.3971620593726792,0.5867350126983124,1.4003801874212218,0.2546373107040247,0.8349942932646888,1.6264859140095718,1.6014341089736983,2.9540851470572527,0.658909889876246,0.4208573790559796,0.8259902519437958,0.9968262956829548,0.996054180935109,-1.0268624639124606,-0.3890127107757135,0.9964931084729888,-0.1660481847956632,1
0.1558062520937878,-0.0400892063822097,0.8993129885709167,1.350745462532847,0.5867350126983124,1.3532847846681355,0.6450211095390459,-0.2749799872514033,1.3384945526678629,0.1137371778784176,0.173911564279964,0.5279058003540076,0.4208573790559796,1.214706372691994,0.9968262956829548,0.996040330473337,1.275501059678177,-0.3413315139857663,0.9964931084729888,-0.652371062151611,1
-0.7684554553978437,-0.36939351496217,-0.3799527985266187,-0.1739323143025753,0.5867350126983124,-0.1715752599562184,-0.5217641772722738,-0.0814469790504061,-0.0437844261476613,-0.6770232918030905,-0.7490047793173058,-0.2667572079059651,0.4208573790559796,-0.3100124595845056,0.9968262956829548,0.9960550808482432,0.3398018873588792,-0.3413315139857663,0.9964931084729888,0.8065975699162331,1
-0.5712210426237003,-0.1908976196138194,-0.8245964893425809,-0.736780043136904,0.1635272040511625,-0.7349599759677896,-0.7420557395121385,-0.2398260741998764,-0.7239850171619192,-0.7806695009363547,-0.5773186899502835,-0.3493680281408896,-2.376101857220821,-0.7749456402214584,-1.0030969190222077,-1.004000208939238,-0.7123743603528626,-0.3234510651895361,-1.0026668657945366,1.7792433246281287,1
-0.76086644397073,-0.6551047665923682,-0.919589917644077,-0.7746911379780641,-1.5293040305374377,-0.7728270021715884,-0.7796175921349429,-0.6951778166236612,-0.7496914283866539,-0.6990132937408411,-0.6681125980581595,-0.349650508611013,0.4208573790559796,-0.7665204842761272,-1.0030969190222077,-1.0040002088257631,1.3648001508123844,-0.3413315139857663,-1.0026668657945366,0.3202746925602845,1
-0.1339342157603304,-0.4742524897872736,-1.051279135862516,-0.8635760622610429,-3.645343073773188,-0.8616086047881382,-0.8281499011346156,-0.4508610340286029,-0.8214406573949561,-0.8155603040109187,-0.0723875005084545,-0.3526393757596571,0.4208573790559796,-0.802057193047084,-1.0030969190222077,-1.0040002090285436,2.261673631334201,-0.3413315139857663,-1.0026668657945366,-0.652371062151611,1
1.9495290161402088,0.1407630704228848,0.7972239060503545,0.3355854068974998,0.1635272040511625,0.3361589343838497,0.6345355951837932,0.7857621963458707,0.2748358506958595,1.1406702683713663,1.9682509516837807,-0.0213356033979492,0.4208573790559796,0.0474381288225174,-1.0030969190222077,-1.0040002090008089,-0.2581137663223319,0.1044876760002398,-1.0026668657945366,0.3202746925602845,1
-0.8457036032927796,-0.6745449136105053,1.0952307843903746,-0.3793713847946039,-1.5293040305374377,-0.3779667768102041,0.8987247977374743,-0.6957906020079733,-0.1621234178592062,0.3633969998783452,-0.5873461354541625,-0.2674923270034944,-2.376101857220821,-0.0397303316072317,-1.0030969190222077,-1.004000209021933,-1.0462753098112012,1.6469743921550315,-1.0026668657945366,3.238211956695973,1
-0.8608816261470069,-0.6957523467212005,-0.9060946921147764,-0.8051481870594882,0.1635272040511625,-0.803248647351946,-0.7788212939157393,-0.6975955216053052,-0.7673925548779607,-0.7594124990631959,-0.7631029081723995,-0.3517030202388875,-2.376101857220821,-0.7746461369961993,-1.0030969190222077,-1.0040002086674868,-0.7900257439478251,-0.3210670053500388,-1.0026668657945366,0.3644858632290077,1
-0.8586448648842787,-0.6922177745360846,0.4850258540532836,0.7314772293445365,0.1635272040511625,0.7315905640237176,0.3335538249853301,-0.7178277868793577,0.3880037268032024,0.9260478494589214,-0.7615258192166022,0.2247872013380058,0.4208573790559796,-0.1476556677353704,-1.0030969190222077,-1.0040002088305782,0.7552367895919286,-0.3770924115782267,-1.0026668657945366,-0.1660481847956632,1
-0.8383542448581011,-0.5873587997109809,-0.7012812474794959,-0.7243975029278256,0.1635272040511625,-0.7225918294784488,-0.6928556821471284,0.919132094020759,-0.7118527843982146,-0.7192440955235715,-0.7590051676552133,-0.3486855897829437,0.4208573790559796,-0.7396042596408878,-1.0030969190222077,-1.0040002088296882,-0.0659265919247999,-0.3335833195073999,-1.0026668657945366,0.3202746925602845,1
1.1359869911536251,-0.0713112606840663,1.549415489389652,0.2907852270210783,-0.2596806045959874,0.295137489287914,1.5244060475378705,0.1684039590441021,1.0505031913261538,1.5561347049819323,1.237865328836028,-0.051669270957242,0.4208573790559796,2.4667991387065835,0.9968262956829548,0.9960345978535986,-0.5046569092363379,1.967630440567426,0.9964931084729888,0.3202746925602845,1
-0.622027477019956,-0.6038534699081882,1.2497799185881469,-0.2316697871738973,-0.6828884132431379,-0.2304368705682491,1.096642581572256,-0.6949808897861934,-0.1014622540406832,1.0949310643408454,-0.4301195600181237,-0.2490633014671597,0.4208573790559796,0.1030155099271138,-1.0030969190222077,-1.0040002090309876,-0.6754899531452553,0.9532129788612996,-1.0026668657945366,-0.652371062151611,1
-0.2666220892386018,-0.1137261269054566,-0.3969525789905879,0.3902838523674926,0.5867350126983124,0.3934831763502042,-0.5306366234449527,-0.488865887241851,0.6185161493135898,-0.8155603040109187,-0.2653672057772835,-0.0682186873140005,0.4208573790559796,-0.3280607843762045,0.9968262956829548,0.9960432791099844,1.910301120566996,-0.3592119627819966,0.9964931084729888,-0.652371062151611,1
0.3517625155749435,0.8512120796311713,-0.8837174767898582,-0.7986574688609763,0.1635272040511625,-0.796765474097934,-0.7695987008745054,0.1658753755964676,-0.7766906185124391,-0.7891723016856181,0.1410693220956821,-0.3517972328574117,0.4208573790559796,-0.780961748485358,-1.0030969190222077,-1.0040002087604387,0.9299524026805942,-0.314510840791421,-1.0026668657945366,-0.652371062151611,1
0.4401944697835206,0.8388410769832657,-0.0624144553781793,-0.0426545314590117,-0.6828884132431379,-0.0416413300790721,-0.2114807313718892,-0.7121508670048037,-0.3337646781063713,0.2165037869341717,0.3474639254070482,-0.1801148677134741,0.4208573790559796,-0.41499485097749,-1.0030969190222077,-1.0040002090375937,-0.4270055256413754,-0.3055706163933059,-1.0026668657945366,-0.652371062151611,1
0.0085794304077829,-0.0830931679677859,-0.6926589156765055,-0.3756261316575289,0.5867350126983124,-0.372580630490982,-0.6686668048742443,0.0354274318112631,-0.3838847216547902,-0.2683024557867677,-0.0052396868708573,-0.2838967066549626,-2.376101857220821,-0.4687491689718139,0.9968262956829548,0.9960388980930344,-1.0385101714517049,-0.4009330099732003,0.9964931084729888,1.7792433246281287,1
-0.4775167225815497,-0.2851528778835756,-0.83017447201704,-0.7108219399544958,0.1635272040511625,-0.7090320470190863,-0.7446052918673001,-0.2984002109767009,-0.6909197106542816,-0.5480152804349543,-0.468713468047264,-0.3412968049964408,0.4208573790559796,-0.7511676885117599,-1.0030969190222077,-1.004000208810966,-0.4056513951527608,-0.3699402320597346,-1.0026668657945366,1.292920447272181,1
1.4913923789349794,0.3493028293447201,-0.0273314979706797,0.1946414401117598,0.5867350126983124,0.1972059746305905,-0.274593982650254,0.1606840626375833,-0.1014622540406832,-0.6318704878242428,1.4699187957404534,-0.1509849435979618,0.4208573790559796,0.0068619527395926,0.9968262956829548,0.9959728736891592,1.6016368707770197,-0.3413315139857663,0.9964931084729888,-0.652371062151611,1
-0.0484579817917871,-0.4565796288616944,1.122947654669232,0.998134373307276,0.5867350126983124,0.9992648851531593,0.9263132281559904,-0.4782738691848937,0.6185161493135898,-0.178729847893664,0.0780596104935709,0.2689115506198,0.4208573790559796,1.5858169125467028,0.9968262956829548,0.9960650258538702,1.609402009136516,-0.3413315139857663,0.9964931084729888,-0.652371062151611,1
-0.8585649805534669,-0.6898613930793407,-0.8533058224029701,-0.7160154951290819,0.1635272040511625,-0.7142195650981843,-0.7567073423955766,-0.7182532692658852,-0.70001888522706,-0.6843532924490073,-0.7622146557955893,-0.3465654393548241,-2.376101857220821,-0.7604522884947911,-1.0030969190222077,-1.0040002089706934,-0.9763890645757348,-0.3303052372280911,-1.0026668657945366,0.8065975699162331,1
-0.5661084454517501,-0.6156353771919078,-0.8741401903582255,-0.5534994005884786,-2.375719647831738,-0.5573990976691627,-0.7387773285045725,-0.6863967961013703,-0.4614514557178196,0.0335469708120875,-0.4414895492103454,-0.292236814433974,0.4208573790559796,-0.5652673387813897,0.9968262956829548,0.9960627369037174,1.269677205908555,-0.3413315139857663,0.9964931084729888,-0.652371062151611,1
-0.1507898095616039,0.5849409750191104,-0.5641176222920423,-0.2324312277869603,0.5867350126983124,-0.2299140660415444,-0.6258896448167247,-0.0836885941439578,-0.1014622540406832,-0.8013401027578401,-0.3228910396068972,-0.2806462812131451,0.4208573790559796,-0.4514821569416605,0.9968262956829548,0.995984231440572,-0.1591082522387548,-0.3592119627819966,0.9964931084729888,-0.652371062151611,1
-0.6758695159870571,-0.057172971943603,-0.7863608572486068,-0.7153439908300327,0.1635272040511625,-0.713548841369561,-0.7284094320296738,-0.313305783470177,-0.7167255664098664,-0.72642749615657,-0.7318598790354273,-0.3478934996614063,0.4208573790559796,-0.7481726562591692,-1.0030969190222077,-1.004000208899174,-1.0540404481706975,-0.3466956486246354,-1.0026668657945366,0.0550076685479494,1
-0.5518890345672636,-0.6462683361295785,-1.0424838963082932,-0.85388283609109,-2.7989274564788875,-0.8519266462239016,-0.825403081031355,-0.6933549748358964,-0.8124906496184527,-0.8032459029257785,-0.4453007229476013,-0.3525553325537859,0.4208573790559796,-0.7997913860386023,-1.0030969190222077,-1.004000209012753,1.485159795384576,-0.3431195588653893,-1.0026668657945366,-0.9176380861639462,1
-0.3910818766432657,-0.2056250037184688,-0.5596443364096481,-0.3742493888678557,0.5867350126983124,-0.3789714278321346,-0.5898162438717952,-0.4180003770316925,-0.4206791980693042,0.3068093948918671,-0.3802020037992544,-0.2833533201164159,0.4208573790559796,-0.3468513562913716,0.9968262956829548,0.9960283995430989,-0.2678201892717022,-0.3413315139857663,0.9964931084729888,0.8065975699162331,1
4.008547642812362,1.1622544319213663,0.0906241710558571,0.2079905188963305,0.5867350126983124,0.2103893362021829,-0.1795851277366028,1.6111521401523767,-0.1014622540406832,-0.7794967008330079,3.82631915840742,-0.1461480892401996,0.4208573790559796,0.1312990318950576,0.9968262956829548,0.9960595435045414,1.6540515547036192,-0.3890127107757135,0.9964931084729888,0.3202746925602845,1
-0.7898644560553855,-0.4389067679361151,-0.5468213535081077,-0.5502782945482458,0.1635272040511625,-0.548675020852395,-0.5958491189204965,-0.6225474178986704,-0.5643765451476087,-0.722469295807775,-0.7536894062079954,-0.3324850652765716,-2.376101857220821,-0.7293430187059249,-1.0030969190222077,-1.0040002089220998,-1.2889358835454592,-0.2033540507748567,-1.0026668657945366,0.5413305459038973,1
-0.5201749552350096,-0.4942817321695967,-0.3786906099919226,-0.113517078566187,0.5867350126983124,-0.1110328227362499,-0.520750196099966,-0.515115917480647,0.0685878937128812,-0.739914697345057,-0.4564884873590537,-0.2509763143287374,0.4208573790559796,-0.3100124595845056,0.9968262956829548,0.9960270195788408,1.2638533521389328,-0.3413315139857663,0.9964931084729888,0.8065975699162331,1
-0.1255463610250995,-0.5196128328295938,1.2602550167287312,1.2406525429182007,0.5867350126983124,1.2415454254328344,1.108862069007731,-0.2118077236588408,1.3384945526678629,0.3765910010409954,0.03754606380795,0.4402913230302094,-2.376101857220821,1.8315137322940147,0.9968262956829548,0.9959852414809712,-0.0989284299526587,-0.3890127107757135,0.9964931084729888,1.7792433246281287,1
1.1266405244486537,0.1961380346563665,2.708021604190879,7.064581358349311,0.5867350126983124,7.074785856062851,3.59794206462122,-0.0172371876785077,7.386313140843756,4.7191765837079656,1.1964004462153652,11.108307888989083,0.4208573790559796,5.345155352239859,0.9968262956829548,0.9959788088270468,-0.9996844796542236,-0.3770924115782267,0.9964931084729888,-0.652371062151611,1
-0.5914317783190662,0.2674185737228695,-0.8350394989108625,-0.7517390559772,0.5867350126983124,-0.7498626908991628,-0.7524033733442056,0.4157079043175245,-0.7398961420979252,-0.7385952972287919,-0.7222095894969963,-0.3503980376941132,0.4208573790559796,-0.613005548511814,0.9968262956829548,0.9960736444526718,-0.4833027787477233,-0.3431195588653893,0.9964931084729888,-0.4313152088079983,1
-0.6390428394828529,0.1077737300284702,-0.8869575101326606,-0.7688839856886482,0.5867350126983124,-0.7668540731426066,-0.7724666770782797,-0.1496239157874387,-0.7398961420979252,-0.7594124990631959,-0.7358444578142685,-0.3510262790154863,0.4208573790559796,-0.641054676651294,0.9968262956829548,0.996023082132504,-0.6949027990439959,-0.3592119627819966,0.9964931084729888,-0.1660481847956632,1
-0.7494429846646538,-0.683381344073295,-0.1619486601203674,0.6441135498470761,0.5867350126983124,0.6476827791056784,-0.3753477382904222,-0.7194365297255093,0.5668049932715701,-0.4062530679429226,-0.6000965633157973,0.0585022299668377,0.4208573790559796,-0.0980423073772372,0.9968262956829548,0.9960019236162448,0.0311376375689032,-0.3413315139857663,0.9964931084729888,-0.652371062151611,1
-0.709021513273922,-0.6203481401053955,0.66051126163428,0.3590862126176743,0.5867350126983124,0.3600830509827203,0.3736438388272271,-0.6708278282471212,-0.1114067071256869,0.0209393697011105,-0.6178891164792865,-0.0850524187856801,0.4208573790559796,0.894094680991837,0.9968262956829548,0.9960279035045432,-0.9239743806491352,-0.3574239179023735,0.9964931084729888,-0.9176380861639462,1
-0.1176378122747389,-0.3340477931110115,-0.6239359436730166,-0.2117781117946649,0.5867350126983124,-0.2143317073123906,-0.6158714355404012,-0.2158891182697696,-0.0939541919615054,0.2697195916235279,-0.0630831988741176,-0.2193880498925535,0.4208573790559796,-0.3803175862442331,0.9968262956829548,0.9959758176804536,-1.0579230173504457,-0.3413315139857663,0.9964931084729888,-0.1660481847956632,1
-0.661490336440947,-0.6268281891114413,-0.0551442507187131,-0.0050237537063098,-0.2596806045959874,-0.0040542951173755,-0.1892552317527264,-0.6980991709709998,-0.3174557750469651,0.2440645893628189,-0.5449781264897603,-0.1643483521440813,0.4208573790559796,-0.3884823046023826,-1.0030969190222077,-1.004000209008032,0.1825578355790802,-0.3699402320597346,-1.0026668657945366,-0.8292157448265013,1
-0.7286730586536058,-0.2185851017305602,-0.8990758383919765,-0.7799566146300224,0.1635272040511625,-0.7780863581250522,-0.7737930397239526,1.56398599417553,-0.7651550529338348,-0.739914697345057,-0.742896213009702,-0.3509211935539478,0.4208573790559796,-0.7678226722120362,-1.0030969190222077,-1.004000208702604,1.5026313566934426,-0.3735163218189807,-1.0026668657945366,0.3202746925602845,1
0.2557415499392528,0.5342787736991164,1.242892048358411,-0.2247202151210114,0.1635272040511625,-0.2271472228614373,1.0803827859573745,-0.001240112355178,-0.1014622540406832,0.1421775803845749,0.1095629714235783,-0.2620652646546828,0.4208573790559796,1.8182183934683835,0.9968262956829548,0.9960094838322716,-0.7609064750997141,0.6647417382821194,0.9964931084729888,0.0550076685479494,1
2.990421846616956,0.8565139379088449,-1.0469731944400769,-0.8588640920925311,-3.2221352651260378,-0.8569021119107858,-0.8268063478232381,0.6823430435379363,-0.8169656535067045,-0.8023663028482685,2.9863285438996465,-0.3525996700507448,0.4208573790559796,-0.8008852239047658,-1.0030969190222077,-1.0040002090073363,1.918066258926492,-0.3413315139857663,-1.0026668657945366,-0.652371062151611,1
0.2964825586532314,-0.007688961351981,-1.0216218491519466,-0.8396541893402006,0.1635272040511625,-0.8377145391450116,-0.8186587159102342,0.0961459796968442,-0.8023473074717489,-0.7787637007684162,0.3238426457961686,-0.3523783159518702,0.4208573790559796,-0.7959889972657479,-1.0030969190222077,-1.0040002088480355,0.8600661574451282,-0.3541458356230647,-1.0026668657945366,-0.4313152088079983,1
0.7412785126129033,-0.0889841216096456,1.2445104525702413,0.3923617033619794,0.5867350126983124,0.396203816964686,1.0869079372804826,-0.1686786052815578,0.6185161493135898,1.1081250655034958,0.8892400237516831,-0.0682976137648916,0.4208573790559796,1.871048158028212,0.9968262956829548,0.9960751599139602,-0.6735486685553813,-0.3413315139857663,0.9964931084729888,-0.652371062151611,1
0.1320007215118945,0.3911286002019243,0.085821470639318,0.568248692994989,0.5867350126983124,0.5711094732131323,-0.1835577959255881,0.1640188075767091,0.5986272431435822,-0.7267206961824066,0.033591232962967,0.016970075909705,0.4208573790559796,0.1254522080628261,0.9968262956829548,0.9959876558567684,0.9396588256299644,-0.3642780899409285,0.9964931084729888,-0.3871040381392759,1
-0.7714111756378774,-0.633308238117487,1.2186557231204476,2.2113011773755007,0.5867350126983124,2.217425691011029,1.078652372948065,-0.6935914108994592,1.9144772753512809,2.793145613986858,-0.6628413837681764,1.3964862400516684,0.4208573790559796,1.942954975849108,0.9968262956829548,0.996057802544076,-0.9996844796542236,-0.3413315139857663,0.9964931084729888,-0.652371062151611,1
-0.332526662158273,-0.5555476500449382,-0.8158178163343491,-0.7434653298591859,0.5867350126983124,-0.7414800982200662,-0.7435154847014079,-0.5737383117105272,-0.7398961420979252,-0.8023663028482685,-0.2511952302924114,-0.3500504733743227,0.4208573790559796,-0.6054268147248235,0.9968262956829548,0.996052292269359,1.918066258926492,-0.3592119627819966,0.9964931084729888,-0.652371062151611,1
0.2980802452694658,-0.0141690103580268,0.1428858935620099,0.5302742882788993,0.5867350126983124,0.5330750456387034,-0.1356530778208346,-0.0713740031480118,0.6185161493135898,-0.7639570994636642,0.326332577757518,-0.0025213671474128,0.4208573790559796,0.1895589201476266,0.9968262956829548,0.9959722123150546,0.9571303869388312,-0.3413315139857663,0.9964931084729888,-0.1660481847956632,1
-0.6921659194726485,-0.6757231043388773,0.461064266113349,0.0501136129851796,0.1635272040511625,0.0510189787636062,0.2876733750678362,-0.7083338890021376,-0.240982930823286,0.6835714280919923,-0.5889043142912006,-0.1685127364077072,0.4208573790559796,-0.131560624847535,-1.0030969190222077,-1.00400020901065,-0.6832550915047516,-0.3413315139857663,-1.0026668657945366,-0.652371062151611,1
0.315335260724798,4.1477897376158905,0.071673229471779,-0.0742810754514325,0.1635272040511625,-0.0732311107254582,-0.1418940296936453,1.3402782931687252,-0.151184519465702,-0.4563902723609938,-0.2033129410055969,-0.2257491447750579,0.4208573790559796,-0.5698119746777122,-1.0030969190222077,-1.0040002089664115,-0.1396954063400142,0.0687267784077794,-1.0026668657945366,0.3202746925602845,1
-0.60876667810521,0.2143999909461317,-0.9621904365490118,-0.7679503387932697,0.5867350126983124,-0.7659042491684603,-0.7995773355625934,0.2098889747439651,-0.7434761452085266,-0.7756851004971311,-0.7261171824168579,-0.3509899892680245,-2.376101857220821,-0.6773075887870008,0.9968262956829548,0.9959898410384131,-0.6366642613477741,-0.3890127107757135,0.9964931084729888,2.751889079340024,1
-0.6189918724491106,0.1684505525396255,-0.8987815147563974,-0.7730779203043077,0.5867350126983124,-0.7710188723774531,-0.7768263131287991,0.9820031661485183,-0.7435755897393767,-0.7577998989210941,-0.7272983547755528,-0.3511558456276415,0.4208573790559796,-0.6460550783251846,0.9968262956829548,0.9960478082370036,0.3398018873588792,-0.3770924115782267,0.9964931084729888,0.0550076685479494,1
0.4350019882807586,1.6046650504250335,0.9444188144056463,1.1992278515918713,0.5867350126983124,1.200267961355386,0.6902151089541032,-0.7082877870047614,0.5668049932715701,0.4369902063633501,0.5006186963385861,0.4096305300164491,0.4208573790559796,1.3326976215647093,0.9968262956829548,0.99597194670661,-0.5415413164439452,-0.2578894196033587,0.9964931084729888,-0.652371062151611,1
-0.5124261751462724,0.5643226372726012,-0.9159078421477316,-0.8064110251823939,0.1635272040511625,-0.8045100175258116,-0.7822892964710595,0.5841193574727489,-0.7795745099070902,-0.7849209013109864,-0.7136027199501733,-0.3519846722432361,-2.376101857220821,-0.7842041964457714,-1.0030969190222077,-1.0040002088339472,-0.6754899531452553,-0.3508677533437558,-1.0026668657945366,1.0718645939285685,1
0.2630909083739313,-0.2945784037105511,-0.1767624643961228,1.0235769383005198,0.5867350126983124,1.021685407177504,-0.3750564594961184,-0.4121284439394554,1.3384945526678629,-0.6100270858994107,0.3270693996971507,0.2877649277310774,0.4208573790559796,-0.1205441149097448,0.9968262956829548,0.9960643831755768,1.4696295186655832,-0.3449076037450124,0.9964931084729888,-0.9176380861639462,1
-0.2534411746546675,0.7428185326209517,-0.9750368505549118,-0.7581775263245709,0.5867350126983124,-0.7560238398575871,-0.8035102017608687,0.934089518149038,-0.7007647192084353,-0.7635172994249092,-0.4828062901101367,-0.3502038742286351,0.4208573790559796,-0.6807844305758779,0.9968262956829548,0.9960448785782908,-0.3280000115577983,-0.3890127107757135,0.9964931084729888,1.292920447272181,1
-0.8294870841379999,-0.6639411970551578,-0.9805802485955616,-0.8058590923842348,0.5867350126983124,-0.8038711073585713,-0.8057831304073768,-0.7046176551808684,-0.7766906185124391,-0.8006071026932483,-0.7430814275325677,-0.3520408794777034,0.4208573790559796,-0.6857978541291275,0.9968262956829548,0.9960020670217108,0.0330789221587774,-0.3449076037450124,0.9964931084729888,-0.6965822328203334,1
-0.7155720284004833,-0.1667447096821944,-0.7897657345199013,-0.5982589541973695,0.1635272040511625,-0.5956723653307513,-0.7278167410666136,1.9934874369549305,-0.5543823697971798,-0.5033022764948616,-0.7388850255262037,-0.3361299403619013,0.4208573790559796,-0.5663090891301168,0.9968262956829548,0.9960147352726136,-0.5143633321857082,-0.3413315139857663,0.9964931084729888,-0.1660481847956632,1
1.5582555638243916,0.3987868399363419,-1.051279135862516,-0.8635760622610429,-3.645343073773188,-0.8616086047881382,-0.8281499011346156,0.0699402203495203,-0.8214406573949561,-0.8155603040109187,1.449735271079002,-0.3526393757596571,0.4208573790559796,-0.802057193047084,-1.0030969190222077,-1.0040002090267373,1.9083598359771217,-0.3413315139857663,-1.0026668657945366,-0.652371062151611,1
-0.5089911489213684,0.5313332968781864,-0.9117420238777542,-0.732135175035161,-1.1060962218902877,-0.7303205071563817,-0.776730255785889,-0.0352737067985622,-0.7058861125472123,-0.7180712954202249,-0.6845794248325977,-0.3461230750607189,0.4208573790559796,-0.7657391715145817,-1.0030969190222077,-1.004000208947894,-0.3202348731983019,-0.3413315139857663,-1.0026668657945366,-0.1660481847956632,1
-0.4070587428056103,0.9148343789632568,-0.8445475742199137,-0.6853243723100392,0.5867350126983124,-0.6832311723528055,-0.756098124447056,0.6282719003393353,-0.6349821620511354,-0.7554542987144007,-0.7001790769120046,-0.3469286635825527,0.4208573790559796,-0.6179799064269865,0.9968262956829548,0.9959717730741212,-0.7473174829705956,-0.3770924115782267,0.9964931084729888,-0.1660481847956632,1
-0.7833938252596359,-0.6274172844756273,1.1692054735234425,1.4186411130681007,0.5867350126983124,1.389077911379831,1.0138277631022536,-0.7030113166487492,1.3384945526678629,0.4581006082235905,-0.6718763843831892,0.5568431436053795,0.4208573790559796,1.7351257812780296,0.9968262956829548,0.9959790159091408,0.9454826793995864,-0.3413315139857663,0.9964931084729888,-0.652371062151611,1
0.5360556667575879,1.4355946809036588,1.46039935159855,0.6407154690614421,0.1635272040511625,0.640934307079869,1.4391102923520307,-0.7109217828126987,0.5668049932715701,0.8216686402610656,0.5249110983065322,0.1038084915006216,0.4208573790559796,0.143227073387984,-1.0030969190222077,-1.0040002090368512,-0.3124697348388056,0.9067238119911012,-1.0026668657945366,-0.652371062151611,1
-0.789385150070515,-0.4371394818435572,-0.6792994521403964,-0.6549974137006488,0.5867350126983124,-0.6529085136332599,-0.6830066339063554,0.8020268159046617,-0.6349821620511354,-0.695055093392046,-0.7533929732791473,-0.3448233254230585,0.4208573790559796,-0.5222170056202379,0.9968262956829548,0.99596512766922,-0.3299412961476722,-0.3413315139857663,0.9964931084729888,1.292920447272181,1
-0.8306853491001758,-0.6875050116225968,-0.156614314999806,0.1733903616042614,0.1635272040511625,0.1741524279514066,-0.2891638227402826,-0.7142237377012531,-0.0519885999427894,0.0194733695719272,-0.7350228766862058,-0.0086584612690295,0.4208573790559796,-0.4584618842781328,-1.0030969190222077,-1.0040002089840432,1.6501689855238713,-0.3106367435522378,-1.0026668657945366,0.3202746925602845,1
4.815539152672384,0.7492985816269974,1.6934316955127284,0.1319283065800054,-0.2596806045959874,0.132738569273755,1.7515591834318858,1.1886973656609163,0.4745204686427351,1.5206575018556951,4.627814227401022,-0.1208816015021875,0.4208573790559796,0.461481804924146,-1.0030969190222077,-1.004000209015594,-0.6754899531452553,3.113171193445907,-1.0026668657945366,-0.652371062151611,1
0.0835109327091788,1.6028977643324762,1.3857013735780204,0.3012118079622025,0.5867350126983124,0.2942745421060586,1.2740060986305075,0.6293869819494806,0.6185161493135898,0.6407642243198383,-0.3462636474189171,-0.1127565531966292,0.4208573790559796,2.099556097021525,0.9968262956829548,0.9960540036892248,-0.6851963760946256,-0.3413315139857663,0.9964931084729888,-0.652371062151611,1
-0.3056855270055342,-0.5685077480570297,-1.051279135862516,-0.8635760622610429,-3.645343073773188,-0.8616086047881382,-0.8281499011346156,-0.6247657157984884,-0.8214406573949561,-0.8155603040109187,-0.2415829852221558,-0.3526393757596571,0.4208573790559796,-0.802057193047084,-1.0030969190222077,-1.0040002090168136,2.261673631334201,-0.3413315139857663,-1.0026668657945366,-0.652371062151611,1
-0.5365512430514128,-0.6156353771919078,-1.0592939409576487,-0.8560490390776462,0.5867350126983124,-0.8540748303082482,-0.8305459812233915,-0.6849076619531212,-0.8214406573949561,-0.8155603040109187,-0.4102029445823196,-0.352629137810311,0.4208573790559796,-0.719238040323271,0.9968262956829548,0.9960434914877688,2.24226078543546,-0.3890127107757135,0.9964931084729888,-0.652371062151611,1
1.4933096028744608,0.0029147552033664,1.131557815562257,2.747073908983258,0.5867350126983124,2.7513602362480043,0.9416547544374164,0.0571934550035476,3.0196043466877502,-0.8155603040109187,1.4978826010026534,1.9959236151056752,0.4208573790559796,1.5922757647088113,0.9968262956829548,0.9960138431664254,2.24226078543546,-0.3413315139857663,0.9964931084729888,-0.652371062151611,1
-0.1172383906206803,0.1696287432679976,-0.103080914924931,0.5417542172887256,0.5867350126983124,0.5452779494267901,-0.3287943023850637,-0.0583743011568697,0.7728540611928483,0.0033473681509101,-0.1822360066622195,0.0256212377541058,0.4208573790559796,-0.0322297290963958,0.9968262956829548,0.9960587743100162,0.3708624407968641,-0.3592119627819966,0.9964931084729888,0.3202746925602845,1
-0.8588046335459022,-0.6851486301658528,-0.990901993043487,-0.7974153953078893,0.1635272040511625,-0.7955248443567237,-0.8076261172307364,0.1203273979210189,-0.7729117263401377,-0.7824287010913746,-0.7602912799614884,-0.3514227043451707,-2.376101857220821,-0.787029944266694,-1.0030969190222077,-1.0040002089410058,0.7552367895919286,-0.3830525611769701,-1.0026668657945366,1.7792433246281287,1
-0.8597632455156426,-0.6928068699002705,-0.6063606322559179,-0.6629987126357414,0.1635272040511625,-0.6612644104046097,-0.6415295168303838,-0.6158867829009589,-0.6767488650081512,-0.7201236956010815,-0.7629854860515674,-0.3446132762198169,-2.376101857220821,-0.7318432195428702,-1.0030969190222077,-1.0040002088994415,-0.7181982141224847,-0.2608694944027305,-1.0026668657945366,1.7792433246281287,1
-0.8252532146049786,-0.6315409520249291,0.286058791871357,0.305226002082114,0.5867350126983124,0.3065730398324194,-0.0115957136300435,-0.6819728679380244,-0.1114067071256869,0.2785155923986281,-0.7356852540476406,-0.1078065659906107,0.4208573790559796,0.407011283565072,0.9968262956829548,0.9959879762249296,-0.7143156449427366,-0.3413315139857663,0.9964931084729888,-0.652371062151611,1
-0.8600827828388896,-0.6945741559928286,-0.7101230622761595,-0.7026203538190069,0.1635272040511625,-0.7008399945762195,-0.6962177643620278,-0.667458366031627,-0.7036486106030866,-0.7183644954460615,-0.7626692460813315,-0.3474348562458009,0.4208573790559796,-0.7464537681837693,-1.0030969190222077,-1.004000208760779,-0.9666826416263646,-0.3210670053500388,-1.0026668657945366,0.0550076685479494,1
-0.797773004805746,-0.633308238117487,1.140025537565088,-0.1181244152938599,-0.6828884132431379,-0.1170234861667697,0.9567372141630625,-0.6954095028722448,-0.1014622540406832,0.4581006082235905,-0.7010558187817441,-0.2089129896124553,0.4208573790559796,-0.0101185779446608,-1.0030969190222077,-1.0040002089956994,0.29709362638165,0.9532129788612996,-1.0026668657945366,-0.652371062151611,1
0.6061941092102803,-0.3104839785435724,1.1729151113452934,0.6338959098343302,0.1635272040511625,0.6341226750488403,1.0191510709538183,-0.2092557505983749,0.5227510661050034,1.80579452698186,0.6856233393090923,0.2826963933962754,0.4208573790559796,0.1564833465755378,-1.0030969190222077,-1.004000209008486,-1.0307450330922088,0.1235601547162186,-1.0026668657945366,-0.3871040381392759,1
-0.72515814809789,-0.2174069110021883,-0.8565565386627414,-0.6926270062222676,0.5867350126983124,-0.6903877893160606,-0.7595918333146842,-0.5494404536725888,-0.6228996515528559,-0.6916832930949243,-0.742541779084186,-0.3466385416318354,0.4208573790559796,-0.6193211600009727,0.9968262956829548,0.9960450190907136,0.4193945555437156,-0.3413315139857663,0.9964931084729888,-0.652371062151611,1
1.1261612184637833,0.6008465498521316,0.991691486779656,0.275495440926653,0.5867350126983124,0.27884366109335,0.7590494136229022,0.0590942719695972,0.1145312669655987,1.307207883046597,0.9533190913580876,-0.1184599613050971,0.4208573790559796,1.4549991125052837,0.9968262956829548,0.9959964621661658,-1.00744961801372,-0.3890127107757135,0.9964931084729888,-0.652371062151611,1
-0.2914661161210475,1.3513540438250644,-0.9038887094927148,-0.7786793079566401,0.5867350126983124,-0.7768141768230952,-0.7788932389631031,1.6502964617776266,-0.7462605920723276,-0.7243750959757134,-0.6874293217423414,-0.3513455703576523,-2.376101857220821,-0.6477479226418663,0.9968262956829548,0.9960386538653,-0.3260587269679241,-0.3604039927017452,0.9964931084729888,2.751889079340024,1
-0.3499414462752285,0.1171992558554457,-0.7394442894319054,-0.576412275885957,0.5867350126983124,-0.5869159213437143,-0.6940626419943343,-0.3077302968557039,-0.5483659756807526,-0.1142258422095959,-0.4355170909116755,-0.3253445025617809,0.4208573790559796,-0.5120859834788657,0.9968262956829548,0.9960092527310036,-0.3959449722033905,-0.3592119627819966,0.9964931084729888,0.5855417165726204,1
-0.7122967708372027,-0.6568720526849261,1.4209204328112237,-0.8635760622610429,-3.645343073773188,-0.8616086047881382,1.33347809317053,-0.6866261912730557,-0.1014622540406832,1.307207883046597,-0.6264442634878434,-0.3526393757596571,0.4208573790559796,0.235005279110851,-1.0030969190222077,-1.004000209030948,-0.9996844796542236,3.9738167955044537,-1.0026668657945366,-0.652371062151611,1
2.326263520248293,0.4859729538358664,-1.0283558882439046,-0.841712857366419,-2.375719647831738,-0.8397708141331215,-0.8207611872759353,0.7304271375638554,-0.8027450855951491,-0.777737500677988,2.2764345386363685,-0.3523372934449564,0.4208573790559796,-0.7960931723006207,-1.0030969190222077,-1.004000209004317,1.613284578316264,-0.3484836935042584,-1.0026668657945366,-0.1660481847956632,1
-0.0727428183585508,-0.0883950262454597,0.8331685171679604,0.3192619044625638,0.5867350126983124,0.3196199481590352,0.5634127349495098,0.3164395341494719,-0.1014622540406832,-0.1667086468343604,-0.0734370494713599,-0.1017609689857537,0.4208573790559796,1.1180449622094684,0.9968262956829548,0.9959881471188252,-0.3590605649957832,-0.3890127107757135,0.9964931084729888,0.3202746925602845,1
0.5370941630581402,-0.2185851017305602,0.708774484695439,0.5557387461236205,0.5867350126983124,0.5588251441687021,0.4365018987489381,-0.3470436376317223,0.4025226283073078,1.5905857080177417,0.5741020724524486,0.0120216162583172,0.4208573790559796,1.0555920288032723,0.9968262956829548,0.9959969009050954,-0.9996844796542236,-0.3413315139857663,0.9964931084729888,-0.652371062151611,1
-0.594067961235853,0.2526911896182201,-0.8114592732248038,-0.773398306708068,0.1635272040511625,-0.7715356737152841,-0.7419090623516901,-0.2485694499586513,-0.7546139326637308,-0.7355166969575069,-0.7246350177726181,-0.3509792649841262,-2.376101857220821,-0.7623404610018591,-1.0030969190222077,-1.0040002087036215,-0.3784734108945238,-0.3323912895876512,-1.0026668657945366,1.7792433246281287,1
-0.6351285072730786,-0.6368428103026028,0.9006510446507148,0.8245738504712068,0.5867350126983124,0.8255053280060235,0.6419905738077514,0.0857494330729495,0.6185161493135898,0.0528981725173079,-0.5300110290943776,0.1582482656493384,0.4208573790559796,1.2284704991745523,0.9968262956829548,0.9959774585432922,-0.7084917911731144,-0.3770924115782267,0.9964931084729888,0.8065975699162331,1
-0.3424323191789266,-0.538463884483545,-1.0318751791858976,-0.8399638561943894,-3.2221352651260378,-0.838023846036072,-0.8214172062076017,-0.5740134832131026,-0.7990159156882727,-0.7494436981847489,-0.2675637692954337,-0.3516423163894749,0.4208573790559796,-0.7961843254561343,-1.0030969190222077,-1.0040002090280042,1.935537820235358,-0.3413315139857663,-1.0026668657945366,-0.652371062151611,1
-0.5653096021436329,-0.6038534699081882,2.527474111289642,0.3937734694568875,-0.2596806045959874,0.3942793579410286,3.2381983159302825,-0.6900093371867211,1.194498871997008,2.3685919765753547,-0.4072351770904294,0.0099713398245487,0.4208573790559796,1.0269438942132745,-1.0030969190222077,-1.0040002090334186,-0.9996844796542236,5.699876119300541,-1.0026668657945366,-0.652371062151611,1
0.4278123985077036,0.8818450385688419,0.7324346595545992,0.8453912907776615,0.5867350126983124,0.8466210007361099,0.4433785989100556,-0.7140622001015965,0.5668049932715701,0.2299909881226587,0.350734852747503,0.1712748468036471,0.4208573790559796,0.9836591672236588,0.9968262956829548,0.995971949611253,-0.5415413164439452,-0.3031865565538086,0.9964931084729888,-0.652371062151611,1
-0.7571118804225792,-0.3169640275496181,-0.9449272409816212,-0.8270526278184638,0.1635272040511625,-0.8251276259378967,-0.7931347573679012,-0.5857659878986322,-0.7859886821469177,-0.7485640981072389,-0.7503357377550254,-0.3521782864516488,-2.376101857220821,-0.7836182118746123,-1.0030969190222077,-1.004000208803468,-0.5861908620110485,-0.324941102589222,-1.0026668657945366,1.7792433246281287,1
1.6287934279311425,0.4176378915902932,0.9224350320312532,0.5696793365394783,0.5867350126983124,0.5703594484401633,0.6713589077788068,0.1879916561670796,0.6185161493135898,-0.2411814533968755,1.5289582793257852,0.0151681283324014,0.4208573790559796,1.254800739238633,0.9968262956829548,0.9960607240762755,0.4970459391386781,-0.3538478281431275,0.9964931084729888,-0.9176380861639462,1
-0.3231003111224897,-0.488390778527737,1.243602280146159,-0.1775569169983065,0.5867350126983124,-0.1746637668817952,1.0878903972557283,-0.5009813037748897,-0.1014622540406832,0.7099594304172929,-0.2531712255874072,-0.2611247942657602,0.4208573790559796,1.8485463504957045,0.9968262956829548,0.9960389974395462,-0.6366642613477741,0.2683917899656833,0.9964931084729888,-0.1660481847956632,1
-0.5924702746196187,-0.5932497533528407,1.505660922434586,-0.5601862849530038,-0.2596806045959874,-0.5585714940050673,1.4585553830351483,-0.6361003978434725,0.139342677412683,1.5905857080177417,-0.5187150360190393,-0.3286594177095295,0.4208573790559796,0.304385852336083,-1.0030969190222077,-1.004000209032029,-0.9996844796542236,3.9738167955044537,-1.0026668657945366,-0.652371062151611,1
0.6462960432777651,-0.3057712156300847,-0.970266316346402,-0.7920065670163662,-0.6828884132431379,-0.7901223033985927,-0.8013259896000045,-0.1413348421436132,-0.7643594966870345,-0.7915179018923115,0.8122999825696331,-0.3513107275126127,0.4208573790559796,-0.7871080755428485,-1.0030969190222077,-1.0040002090031206,2.3063231769013046,-0.3413315139857663,-1.0026668657945366,-0.1660481847956632,1
0.8412936947891804,-0.2598217772235785,-1.051279135862516,-0.8635760622610429,-3.645343073773188,-0.8616086047881382,-0.8281499011346156,-0.1922424466105971,-0.8214406573949561,-0.8155603040109187,0.9289383425111956,-0.3526393757596571,0.4208573790559796,-0.802057193047084,-1.0030969190222077,-1.004000208997174,2.2558497775645785,-0.3413315139857663,-1.0026668657945366,-0.652371062151611,1
-0.1874567174041846,-0.5508348871314505,-1.051279135862516,-0.8635760622610429,-3.645343073773188,-0.8616086047881382,-0.8281499011346156,-0.5484579802077733,-0.8214406573949561,-0.8155603040109187,-0.0783983769930618,-0.3526393757596571,0.4208573790559796,-0.802057193047084,-1.0030969190222077,-1.0040002090212807,2.261673631334201,-0.3413315139857663,-1.0026668657945366,-0.652371062151611,1
0.6139428892990174,-0.1643883282254505,1.8947117878247428,0.6264525726474648,-0.2596806045959874,0.626687990150405,2.0924180661327205,-0.2481626947117962,0.9785053509907262,1.6578751139472585,0.72218609130156,0.154895821030771,0.4208573790559796,0.6273805479589538,-1.0030969190222077,-1.0040002090061713,-1.00744961801372,3.1107871336064097,-1.0026668657945366,-0.652371062151611,1
-0.7345046148028616,-0.3417060328454291,1.0441321853532184,-0.0225091693997837,-0.2596806045959874,-0.0215193854035631,0.8337756653264787,-0.4868750713328375,-0.1014622540406832,0.9198906489163512,-0.7006966012688738,-0.1936087175954257,0.4208573790559796,-0.0235050699258054,-1.0030969190222077,-1.0040002090048277,-0.628899122988278,0.7362635334670401,-1.0026668657945366,-0.1660481847956632,1
-0.7263564130600658,-0.6297736659323712,-0.8446497271624044,-0.7663242225819497,0.1635272040511625,-0.7644698126502334,-0.7542956997453923,-0.6883714656239989,-0.7536194873552303,-0.7391816972804652,-0.6369402763217648,-0.3507472341179454,0.4208573790559796,-0.7659996091017636,-1.0030969190222077,-1.0040002085277735,0.7047633902552032,-0.3413315139857663,-1.0026668657945366,0.8065975699162331,1
-0.2196501027213088,0.1554904545275341,0.070908560237079,-0.0090253053581689,0.1635272040511625,-0.0080511952831888,-0.0915934789483243,-0.1194041282680637,-0.1408422882572981,0.7140642307790066,-0.2783946332441404,-0.1440420908295246,0.4208573790559796,-0.3147784674299326,-1.0030969190222077,-1.0040002086536253,-0.6366642613477741,-0.2924582872760705,-1.0026668657945366,-0.3871040381392759,1
-0.6866539006466397,-0.0942859798873194,-0.961291890636426,-0.7581867820583497,0.5867350126983124,-0.7561119284632086,-0.7991551098340557,0.1301624797220235,-0.7398961420979252,-0.8140943038817354,-0.7302421295871203,-0.3506377223597273,-2.376101857220821,-0.6781670328247007,0.9968262956829548,0.996058426906676,-1.015214756373216,-0.3890127107757135,0.9964931084729888,2.751889079340024,1
-0.178110250699213,-0.4942817321695967,1.281556976243877,-0.3170098728227398,-1.1060962218902877,-0.3156777551440912,1.149384690947578,-0.3779891026912099,0.0432295383461216,0.5233376139722504,-0.1027445943187412,-0.2439572953057586,0.4208573790559796,0.0828836844379606,-1.0030969190222077,-1.0040002090131317,-1.0268624639124606,2.2310690528318844,-1.0026668657945366,0.8065975699162331,1
-0.7005537742078793,-0.1066569825352249,-0.6488703568396481,-0.6796842665791016,0.5867350126983124,-0.6778966420406323,-0.6698021622141775,1.160581485468599,-0.6593957943748198,-0.6866988926557008,-0.737512210699136,-0.346572861766501,-2.376101857220821,-0.5030357773242982,0.9968262956829548,0.996030667720617,0.2252660965563094,-0.3502717383838814,0.9964931084729888,0.76238639924751,1
0.2892929688801763,1.748993414650598,-1.020787152060176,-0.8273449430189915,-1.1060962218902877,-0.8254196013452155,-0.8185086620946381,1.0813426022740646,-0.7945906340654459,-0.7979683024607184,-0.2078651223214204,-0.352245752999949,0.4208573790559796,-0.7961973473354934,-1.0030969190222077,-1.004000208874807,0.2893284880221537,-0.3651721123807399,-1.0026668657945366,0.8065975699162331,1
-0.7825150976207069,-0.4088629043626303,-0.9591495056178354,-0.8030482153583508,0.5867350126983124,-0.8010310254280784,-0.798410533609687,0.609133492174156,-0.7712211693156871,-0.7932771020473315,-0.7540677580702818,-0.3519785082276648,0.4208573790559796,-0.67703412932046,0.9968262956829548,0.9959668594469072,-1.0928661399681787,-0.3592119627819966,0.9964931084729888,0.5855417165726204,1
-0.2387424577853106,-0.5520130778598225,0.5880909864431564,0.6650289180403187,0.5867350126983124,0.6668811430451849,0.2872548124596581,-0.5442032388563791,0.6185161493135898,-0.1297654435789396,-0.0493138669060644,0.0667206954269922,0.4208573790559796,0.7633289684678544,0.9968262956829548,0.9960117617959552,0.992073509556564,-0.3413315139857663,0.9964931084729888,-0.1660481847956632,1
1.0014617780666843,-0.2533417282175328,0.2515905777705067,0.6549889066982467,0.5867350126983124,0.6593276483265307,0.0231183299654309,0.0827980476231968,0.4025226283073078,1.7624009231580324,1.0640081635022265,0.1098412221140913,0.4208573790559796,0.5441186513369316,0.9968262956829548,0.996043828694134,-0.7512000521503438,-0.3770924115782267,0.9964931084729888,-0.1660481847956632,1
-0.5988610210845564,-0.6156353771919078,0.5444332347341395,0.8299085473104483,0.1635272040511625,0.8299074633985909,0.401474354686687,-0.4146594571575322,0.5707827745055717,-0.4012686675036991,-0.4903553889032894,0.2340880907440374,0.4208573790559796,-0.4347881076033069,-1.0030969190222077,-1.0040002087113589,-0.2154055053451024,0.4895133400790634,-1.0026668657945366,-1.1386939395075588,1
1.0952459824396463,0.2002617022056682,0.500999971100333,0.3643052008426084,0.1635272040511625,0.3648453438490386,0.3017128555365275,0.2232484232097065,0.2679741780672068,-0.3590478637832182,1.1372078130911505,-0.0475698016883333,0.4208573790559796,-0.4333296571150889,-1.0030969190222077,-1.0040002087884232,0.3048587647411458,0.49934758691699,-1.0026668657945366,0.8065975699162331,1
-0.7069445206728172,-0.5649731758719139,-0.2708143997425432,0.0282454362924131,-1.5293040305374377,0.0291762220897674,-0.305584911400213,-0.6479005209383865,-0.1014622540406832,0.4581006082235905,-0.6043253292803538,-0.0676780363389451,0.4208573790559796,-0.4249435668078348,-1.0030969190222077,-1.0040002090130704,-0.0348660384868147,-0.3413315139857663,-1.0026668657945366,-0.652371062151611,1
-0.3358818040523653,-0.1579082792194048,-0.1453471381953902,0.2984097501145453,0.1635272040511625,0.2990264913499124,-0.3228854706271941,0.3491367508995316,0.1710157604884201,-0.237076653035162,-0.2817246827345496,0.0468632482506065,0.4208573790559796,-0.5209929489604834,-1.0030969190222077,-1.0040002089738609,-0.5473651702135673,-0.2656376140817252,-1.0026668657945366,0.5413305459038973,1
-0.8588845178767138,-0.6875050116225968,-0.8588593698346215,-0.7061836629598599,0.5867350126983124,-0.7040272098067576,-0.7612725170711897,-0.2389163533991674,-0.6961902707893337,-0.6757038916868255,-0.761782040114255,-0.3480263084032231,-2.376101857220821,-0.6225245423233089,0.9968262956829548,0.9960611280382624,-0.3920624030236423,-0.3770924115782267,0.9964931084729888,0.76238639924751,1
-0.8615207007935006,-0.6963414420853864,-0.8687002881309588,-0.7592477508680627,0.1635272040511625,-0.7574015667727951,-0.7616044994322452,-0.694679015387357,-0.7478517045659282,-0.774365700380866,-0.7625973427839156,-0.3504551657140298,-2.376101857220821,-0.7791386853750853,-1.0030969190222077,-1.0040002088975934,0.4174532709538417,-0.3377554242265203,-1.0026668657945366,3.238211956695973,1
-0.8563282192907387,-0.681614057980737,-0.6462796460977059,-0.2718640721251757,0.5867350126983124,-0.2670736900190135,-0.6515725557820999,-0.5003383020708357,-0.1007661423247328,-0.1230218429846961,-0.7619545482332114,-0.2370285644077701,0.4208573790559796,-0.4492684374506152,0.9968262956829548,0.99598148944308,-0.6716073839655071,-0.3770924115782267,0.9964931084729888,-0.652371062151611,1
-0.4822298980994413,0.6037920266730615,-0.8250588848501895,-0.6895200947090934,0.5867350126983124,-0.6876939403794323,-0.74720686926007,0.3044299421072355,-0.6349821620511354,-0.7042908942059012,-0.697678830340423,-0.3472092591829987,0.4208573790559796,-0.6053617053280281,0.9968262956829548,0.9959760551210244,-0.5687193007021819,-0.3413315139857663,0.9964931084729888,0.8065975699162331,1
1.6147337857082793,0.061824291621964,1.2846301782507594,-0.5296179572215158,-1.9525118391845877,-0.52803869952724,1.149641375978363,0.1704353243807911,-0.1014622540406832,0.5876950196434003,1.750704610353223,-0.2983598133550181,0.4208573790559796,0.0902931337932828,-1.0030969190222077,-1.0040002088082025,-0.2348183512438431,2.511196083972824,-1.0026668657945366,-0.1660481847956632,1
-0.8568874096064207,-0.683381344073295,-0.7640896189930102,-0.624261499615238,0.5867350126983124,-0.632562880145338,-0.7175505213386931,-0.7189501415613954,-0.5567193162721559,-0.6129590861577774,-0.7624900857862108,-0.3431802572069978,0.4208573790559796,-0.5678977584119259,0.9968262956829548,0.995958034161466,-0.9996844796542236,-0.3413315139857663,0.9964931084729888,-0.652371062151611,1
2.963980133118276,0.3328081591475127,-1.051279135862516,-0.8635760622610429,-3.645343073773188,-0.8616086047881382,-0.8281499011346156,0.5848418863182893,-0.8214406573949561,-0.8155603040109187,2.832966135379521,-0.3526393757596571,0.4208573790559796,-0.802057193047084,-1.0030969190222077,-1.0040002090366809,2.24226078543546,-0.3413315139857663,-1.0026668657945366,-0.652371062151611,1
0.8383379745491464,-0.0159362964505847,-1.0424838963082932,-0.85388283609109,-2.7989274564788875,-0.8519266462239016,-0.825403081031355,-0.0223913592963286,-0.8124906496184527,-0.8032459029257785,0.8922231884153691,-0.3525553325537859,0.4208573790559796,-0.7997913860386023,-1.0030969190222077,-1.004000208992197,1.4696295186655832,-0.3431195588653893,-1.0026668657945366,-0.9176380861639462,1
-0.8479403645555077,-0.6533374804998102,-0.9884345132088624,-0.8162909689284725,-0.2596806045959874,-0.8143784766218182,-0.8078601135085115,-0.6932766647741493,-0.7856406262889426,-0.7975285024219634,-0.7603492062146041,-0.352131893748157,-2.376101857220821,-0.7920694115786618,-1.0030969190222077,-1.0040002089784257,-1.1239266934061638,-0.3550398580628761,-1.0026668657945366,0.5413305459038973,1
-0.8604023201621366,-0.6951632513570145,-0.8886903291017435,-0.6928162944851611,0.5867350126983124,-0.6906831048104222,-0.7722385284466391,0.1127781454864713,-0.6736660845518001,-0.6746776915963971,-0.7567584512133977,-0.3468541536823213,-2.376101857220821,-0.6356245529585536,0.9968262956829548,0.9959661317571108,-0.5803670082414264,-0.3890127107757135,0.9964931084729888,2.751889079340024,1
0.3733312848941086,-0.1614428514045207,0.0863561445715799,-0.0179199762732609,-0.2596806045959874,-0.0169355268496376,-0.0313185258551245,-0.1956654023993376,-0.3182513312937653,0.6680318267226488,0.4783376433659246,-0.1698350936409523,0.4208573790559796,-0.2760774419747169,-1.0030969190222077,-1.00400020900621,-1.009390902603594,-0.3651721123807399,-1.0026668657945366,0.3202746925602845,1
0.0289499347647722,0.5054131008540037,-1.0121416232558835,-0.8313516572737661,-1.1060962218902877,-0.8294216581128286,-0.8157255281386493,-0.1995225835347226,-0.7945906340654459,-0.7975285024219634,-0.1170244247497373,-0.3523262994692129,0.4208573790559796,-0.7941659341554753,-1.0030969190222077,-1.004000208848296,0.6135230145311219,-0.3413315139857663,-1.0026668657945366,0.8065975699162331,1
-0.2425769056642732,0.349891924708906,0.972945267431676,1.009858826735349,0.5867350126983124,1.013957533566644,0.7360891810012892,-0.7174737773139799,0.5668049932715701,0.8216686402610656,-0.144484234238054,0.2785157858217538,0.4208573790559796,1.4107768102018137,0.9968262956829548,0.996001907354016,-0.3124697348388056,-0.3413315139857663,0.9964931084729888,-0.652371062151611,1
-0.6419985597228867,-0.6480356222221364,-1.008775079856294,-0.8373849084627815,0.1635272040511625,-0.8354478961264166,-0.8147557172365082,-0.4491910680775474,-0.8091095355695515,-0.8079371033391651,-0.5111331995499323,-0.3525009078771454,-2.376101857220821,-0.7967963537860117,-1.0030969190222077,-1.004000208967634,0.5067523620880484,-0.3770924115782267,-1.0026668657945366,1.0276534232598458,1
0.9722241129895935,0.1060064439359122,0.6977205692081195,0.3196759952125902,0.1635272040511625,0.3202680161267116,0.5482934531304599,0.128932799498802,0.057251217195977,1.3289046849585109,0.9702106109973048,-0.0319165652698516,0.4208573790559796,0.0468651661307173,-1.0030969190222077,-1.0040002088706828,-0.3124697348388056,-0.2972264069550652,-1.0026668657945366,-0.1660481847956632,1
-0.8549701856669393,-0.6633521016909718,-1.0151845676380078,-0.8132092289278271,0.1635272040511625,-0.811300318899213,-0.8165208192852649,-0.10856061053639,-0.7858395153506427,-0.8041255030032886,-0.7599165157897174,-0.3520427152209026,-2.376101857220821,-0.7944524155013754,-1.0030969190222077,-1.0040002089288256,-0.6813138069148774,-0.3830525611769701,-1.0026668657945366,1.558187471284516,1
-0.3828537905696583,1.0409007868990554,-0.7162938212699059,-0.7337165040288822,0.1635272040511625,-0.7318999979807157,-0.6980640246134561,1.1849870184150026,-0.7229905718534188,-0.6922696931465976,-0.6987623876196738,-0.3492608023012299,0.4208573790559796,-0.7468053589264647,-1.0030969190222077,-1.0040002088342532,-0.2658789046818283,-0.2823260329582067,-1.0026668657945366,0.3202746925602845,1
0.8693330949040949,-0.0530493043943011,-1.0518749291301517,-0.8629477995719079,-3.2221352651260378,-0.8609810724044912,-0.8283290415761326,0.0189133223174334,-0.8214406573949561,-0.8173195041659389,0.8453586820816871,-0.3526386698803875,0.4208573790559796,-0.802213455599393,-1.0030969190222077,-1.0040002090291895,1.9083598359771217,-0.3449076037450124,-1.0026668657945366,-0.652371062151611,1
-0.5491729673196649,-0.3959028063505389,-0.9252397515482907,-0.7770488004446741,0.5867350126983124,-0.7750222197194488,-0.7864392964980116,-0.4940307847863455,-0.7274655757416705,-0.8173195041659389,-0.5061572970355109,-0.3512911296403047,0.4208573790559796,-0.6618375961084018,0.9968262956829548,0.9959968871352796,0.4931633699589302,-0.3627880525412426,0.9964931084729888,-0.652371062151611,1
-0.8385140135197245,-0.6568720526849261,0.2715574069862217,-0.1597227665707518,0.1635272040511625,-0.1585734826634859,0.0081224057375605,-0.3889179731321227,-0.3278477285207939,-0.2140604510069832,-0.745766888627015,-0.253966785766094,0.4208573790559796,-0.4022464310849408,-1.0030969190222077,-1.0040002089882312,1.7355855074783302,-0.1363023677889934,-1.0026668657945366,0.3202746925602845,1
-0.132016991820849,-0.4029719507207706,0.7768301466248326,-0.0952370054685323,-0.2596806045959874,-0.0941626811379523,0.5496731425758733,-0.2339718535021415,-0.1014622540406832,-0.1332838438889797,-0.0591839772321257,-0.2064880813677782,0.4208573790559796,-0.2765201858729259,-1.0030969190222077,-1.0040002087470736,0.0233724992094071,1.00268222053087,-1.0026668657945366,-0.1660481847956632,1
-0.3802176076528714,-0.5679186526928437,-0.1678997708003869,-0.1444241891846027,0.1635272040511625,-0.1432926886587401,-0.2539084033020096,-0.5208034013264389,-0.3875144470308166,0.4638180087274058,-0.2698284989333795,-0.1989471400784388,0.4208573790559796,-0.4020641247739135,-1.0030969190222077,-1.0040002086572066,-1.252051476337852,-0.3413315139857663,-1.0026668657945366,0.3202746925602845,1
-0.8113533410437388,-0.5213801189221517,1.6677688137698576,1.639126206444804,0.5867350126983124,1.641921441085251,1.7231998770736134,-0.7160830409683734,1.3086611934128514,3.161991246489393,-0.6590659374489711,0.7722274814793576,0.4208573790559796,2.8197441568553616,0.9968262956829548,0.9960443935313484,2.55286631981531,-0.3413315139857663,0.9964931084729888,-0.652371062151611,1
-0.4321424226804911,-0.1219734620040603,1.1578967665642816,0.8997205350321813,0.5867350126983124,0.8975716076976739,0.9602166464054251,-0.7180433636094605,0.5668049932715701,1.026322258295064,-0.3454978997245028,0.2027511804310703,0.4208573790559796,1.70163350756645,0.9968262956829548,0.9959719460707817,-0.1979339440362361,-0.3413315139857663,0.9964931084729888,-0.652371062151611,1
-0.7120571178447676,-0.0389110156538377,-0.8625554032009283,-0.7364481828077056,0.5867350126983124,-0.7343649950290403,-0.7630294251887186,13.232959782585892,-0.6888810977718558,-0.7405010973967303,-0.7455466193780703,-0.3496957593958682,-2.376101857220821,-0.6287490006569538,0.9968262956829548,0.9959594546313648,-0.5493064548034412,-0.3770924115782267,0.9964931084729888,1.292920447272181,1
-0.6344894326265847,-0.6132789957351639,0.5182275865393652,0.9591642540004944,0.5867350126983124,0.9016674754292878,0.2739480646260028,-0.5850182984641525,0.8345096703198717,2.366832776420335,-0.4727183023288078,0.2194842359461538,0.4208573790559796,0.8669831281662116,0.9968262956829548,0.9960225650922356,-0.7046092219933662,-0.3592119627819966,0.9964931084729888,-0.652371062151611,1
0.5525917232356145,0.614984838592595,0.2289880862783271,0.3140373927564825,0.1635272040511625,0.3146359680982166,0.0282994604733843,0.2313478505493183,0.047008430518423,0.28892419331583,0.3674979629636843,-0.0359910372684009,0.4208573790559796,-0.2967301426382338,-1.0030969190222077,-1.004000208839347,-1.1685762389732672,-0.3610000076616195,-1.0026668657945366,-0.9176380861639462,1
-0.7814766013201545,-0.4230011931030937,-0.9949487613360944,-0.778425615530559,0.5867350126983124,-0.7763801835237271,-0.8104441787177137,0.4037309114027848,-0.7398961420979252,-0.8246495048118557,-0.7416749033633643,-0.3513307596602424,-2.376101857220821,-0.693532850468427,0.9968262956829548,0.9959725454112426,-1.13169183176566,-0.3890127107757135,0.9964931084729888,2.2655662019840763,1
3.2081066480789,0.4005541260288999,-0.9934477123451724,-0.8291088156104947,-0.2596806045959874,-0.8271814235748942,-0.8096657354190401,1.1065433741564643,-0.7967784137441468,-0.7988479025382283,3.2082319858742445,-0.3523708797836291,0.4208573790559796,-0.7919261709057118,-1.0030969190222077,-1.0040002090321731,2.325736022800045,-0.3413315139857663,-1.0026668657945366,-0.1660481847956632,1
0.1113106798316582,-0.4212339070105358,-0.6383738107070632,-0.2404655607367738,0.5867350126983124,-0.2379017994458112,-0.6637189050423756,-0.4761729762479004,-0.1014622540406832,-0.8155603040109187,0.2499044551659067,-0.2824222597082287,0.4208573790559796,-0.5016424362328755,0.9968262956829548,0.9960605300381088,2.24226078543546,-0.3770924115782267,0.9964931084729888,-0.652371062151611,1
-0.2185317220899447,0.3657974995419273,-0.8542602675039167,-0.6673274263564088,0.5867350126983124,-0.6842429345866115,-0.7468583248185788,0.5285713540656416,-0.628319378484183,-0.3253298608120008,-0.3418332233499654,-0.3405419713087922,0.4208573790559796,-0.5935248169906151,0.9968262956829548,0.9960345831749088,-0.7686716134592102,-0.3520597832635044,0.9964931084729888,-0.4313152088079983,1
0.961200075337576,0.0924572505596347,-0.901523686089072,-0.6146780010347143,0.1635272040511625,-0.612999867793835,-0.7456393776963743,-0.0169673475382085,-0.6058449145120743,-0.1816618481520308,1.0184592931780203,-0.2943886525092554,0.4208573790559796,-0.7290304936013067,-1.0030969190222077,-1.0040002089666302,0.5669321843741443,-0.3854366210164675,-1.0026668657945366,0.3202746925602845,1
-0.8481800175479429,-0.6769012950672493,1.2209596065784691,0.6312029935964677,0.1635272040511625,0.6314328891122695,1.1781782587454173,-0.3625797333604229,0.6185161493135898,0.0634533734474282,-0.7483358992668115,0.100834404792063,-2.376101857220821,-0.0937711309474556,-1.0030969190222077,-1.004000208996444,-1.0249211793225863,1.3513509720573589,-1.0026668657945366,2.751889079340024,1
-0.4958102343374341,-0.5685077480570297,1.202260828946437,2.503239715394421,0.5867350126983124,2.5068877166650423,1.0305692300469964,-0.4856018404589849,2.058472956022136,1.817522528015327,-0.3831919701262097,1.6967873714712312,-2.376101857220821,1.8108610316304972,0.9968262956829548,0.9959847410679928,-0.6366642613477741,-0.3890127107757135,0.9964931084729888,1.7792433246281287,1
-0.4822298980994413,-0.6067989467291182,2.0525606133072976,0.3717444691988094,0.1635272040511625,0.3722759646465026,2.353192877936493,-0.5941359132950702,0.5465183089781623,1.9575255403523384,-0.3771572504483845,-0.0392322419999353,0.4208573790559796,0.7458926720060326,-1.0030969190222077,-1.0040002089972009,-0.665783530195885,3.137607806800755,-1.0026668657945366,-0.652371062151611,1
-0.6901688112023554,-0.0989987428008072,-0.6800688129019842,-0.6473554395522907,0.1635272040511625,-0.6456393213839393,-0.6815255231376901,-0.3471052026425467,-0.6369710526681361,-0.6817144922164773,-0.736585839110598,-0.3421010748892083,0.4208573790559796,-0.7317390445079974,-1.0030969190222077,-1.0040002088871718,-0.9123266731098908,-0.2936503171958192,-1.0026668657945366,0.0992188392166722,1
0.3238029997908406,-0.3093057878152005,1.3260599046454895,0.7612900688551446,0.5867350126983124,0.7655129833892299,1.204654688273549,-0.2535212339001603,1.0505031913261538,1.944038339163852,0.4043750115940254,0.1353858916151244,0.4208573790559796,2.0755697952420813,0.9968262956829548,0.9959759793149102,-0.9996844796542236,-0.3413315139857663,0.9964931084729888,-0.652371062151611,1
-0.6636472133728636,-0.5732205109705175,1.0422412199491116,2.672897221578739,0.5867350126983124,2.677236625796596,0.8247853113703666,-0.6055276282320949,3.0196043466877502,-0.7789103007813346,-0.5951014517084072,1.9019129537733732,0.4208573790559796,1.442367889526966,0.9968262956829548,0.9959890700262894,0.8270643194172688,-0.3413315139857663,0.9964931084729888,0.3202746925602845,1
1.3165255787881185,0.4512163273488938,0.09767673878282,0.5434677899085111,0.5867350126983124,0.5464944625288808,-0.1713538000792173,0.3751010913104908,0.5465183089781623,0.1794139836658326,1.2636564885168484,0.013909644369549,0.4208573790559796,0.1739326649167185,0.9968262956829548,0.9960687935766492,0.3359193181791313,-0.3413315139857663,0.9964931084729888,-0.1660481847956632,1
-0.2419378310177795,-0.1702792818673103,-0.7119657957750279,-0.5217908682903607,0.1635272040511625,-0.5202207089654448,-0.6623278168738101,-0.2808091579639113,-0.5785971130591642,-0.1655358467310138,-0.2308194652141682,-0.2968186831752533,0.4208573790559796,-0.6783753828944462,-1.0030969190222077,-1.0040002088471311,-1.061805586530194,-0.3413315139857663,-1.0026668657945366,-0.652371062151611,1
-0.5637119155273984,0.3858267419242505,-0.7777066197260855,-0.7591065761795557,0.1635272040511625,-0.7572605561886535,-0.7257618381961026,0.7513580649823816,-0.7398961420979252,-0.7261342961307333,-0.7255699848696829,-0.3504281497329046,0.4208573790559796,-0.7603350915805593,-1.0030969190222077,-1.0040002088273918,1.0095450708654308,-0.3246430951092848,-1.0026668657945366,0.3202746925602845,1
-0.8547305326745042,-0.6786685811598072,-0.423333500127309,-0.0160648340299841,0.5867350126983124,-0.0134181424072472,-0.5470014206053777,-0.4221131435955956,0.1526185222811631,-0.7859471014014147,-0.7621653997945528,-0.2228489670389384,0.4208573790559796,-0.3479061285194579,0.9968262956829548,0.995956343542962,-0.0212770463576962,-0.3770924115782267,0.9964931084729888,-0.1660481847956632,1
-0.2531216373314207,-0.5072418301816883,-1.0502980583103347,-0.8625289577791513,-3.2221352651260378,-0.8605627174820599,-0.8278513337320872,-0.5606021102545578,-0.8204462120864557,-0.812628303752552,-0.1080190973250303,-0.3526374149839083,0.4208573790559796,-0.8017967554599021,-1.0030969190222077,-1.0040002090112974,2.0597800339872983,-0.3413315139857663,-1.0026668657945366,-0.1660481847956632,1
-0.5277639666621232,-0.5985516116305145,0.0301438901588597,0.30249859436216,0.5867350126983124,0.2375531297852061,-0.1942828072385894,-0.690605281839121,0.0425334266301713,1.0969834645217018,-0.3735298711064984,-0.134489335914619,0.4208573790559796,0.1881525571768448,0.9968262956829548,0.9959738331642224,-0.3474128574565389,-0.3413315139857663,0.9964931084729888,-0.652371062151611,1
-0.8523340027501525,-0.6503920036788804,-0.5342234200725666,-0.5702107065856996,0.1635272040511625,-0.5685842630436203,-0.5932893181207641,0.0317970536827818,-0.5807848927378649,-0.6496090893873616,-0.7609641214202602,-0.3350631084104905,-2.376101857220821,-0.721412694176239,-1.0030969190222077,-1.0040002089900266,-0.4503009407198642,-0.2078241629739142,-1.0026668657945366,1.558187471284516,1
-0.6654046686507215,-0.6020861838156304,-1.051279135862516,-0.8635760622610429,-3.645343073773188,-0.8616086047881382,-0.8281499011346156,-0.6108979638330626,-0.8214406573949561,-0.8155603040109187,-0.5825470761847372,-0.3526393757596571,0.4208573790559796,-0.802057193047084,-1.0030969190222077,-1.0040002089684483,1.9277726818758625,-0.3413315139857663,-1.0026668657945366,-0.652371062151611,1
4.795727838631077,0.8276482650637322,-0.6925795052042331,-0.3922559667597275,0.5867350126983124,-0.3972104792845302,-0.6494398775638974,1.3198881349506797,-0.4390764362765612,0.245823789517839,4.797817914146905,-0.2802363097557243,0.4208573790559796,-0.4278083802668346,0.9968262956829548,0.9960331660038078,0.6309945758399885,-0.3890127107757135,0.9964931084729888,-0.652371062151611,1
-0.4829488570767468,0.3180807750428633,-0.4062113448463876,-0.6365897994093225,0.1635272040511625,-0.6348861954427742,-0.5324043752371214,-0.3342280438589126,-0.6484071737158905,-0.6054824854989422,-0.6234672277954546,-0.3423356550422649,-2.376101857220821,-0.6787009298784235,-1.0030969190222077,-1.0040002088123494,-0.6910202298642477,-0.1839835645789406,-1.0026668657945366,1.292920447272181,1
-0.8470616369165789,-0.6498029083146943,0.4978742225902126,0.6431698944949372,0.1635272040511625,0.6433858794386949,0.2827987883050493,-0.5420818886216422,0.3296297871942302,0.0759143745454868,-0.7591101823463459,0.15130358112887,0.4208573790559796,-0.2294200482310971,-1.0030969190222077,-1.0040002089525442,1.7200552307593373,-0.2963323845152537,-1.0026668657945366,-0.1660481847956632,1
1.0030594646829187,5.7342235533687225,-0.8931155338441932,-0.7799759373777603,-0.2596806045959874,-0.7781056584116302,-0.7728232288218114,4.077724833468388,-0.7619728279466336,-0.7446058977584438,-0.4501068828545054,-0.3510534589856052,0.4208573790559796,-0.7697629322365406,-1.0030969190222077,-1.004000208666098,-1.0249211793225863,-0.3449076037450124,-1.0026668657945366,-0.4313152088079983,1
-0.5917513156423131,0.2756659088214732,-0.7237506087284591,-0.7133314319577745,0.1635272040511625,-0.7115386219371811,-0.7022774978420732,0.0446534725147407,-0.7073777805099629,-0.6843532924490073,-0.7271848193194459,-0.3480541305225307,0.4208573790559796,-0.7443702674863149,-1.0030969190222077,-1.0040002088992652,-0.318293588608428,-0.2924582872760705,-1.0026668657945366,0.8065975699162331,1
-0.7905834150326909,-0.3493642725798468,-0.8323449015490554,-0.7757655460991517,0.1635272040511625,-0.77390016137855,-0.7489552530513587,3.148357055996723,-0.7611772716998333,-0.7384486972158736,-0.7551605835500312,-0.3511008746303209,-2.376101857220821,-0.7618456295862137,-1.0030969190222077,-1.0040002086682502,-0.5046569092363379,-0.3699402320597346,-1.0026668657945366,0.0992188392166722,1
-0.5188169216112103,0.2385529008777566,-0.7097368475732561,-0.5486417332917725,0.5867350126983124,-0.6338830594579681,-0.6769132598696871,0.2238017380312705,-0.5217148414129426,-0.2970360583187618,-0.6320353801821306,-0.3433171334152279,0.4208573790559796,-0.5045593372093117,0.9968262956829548,0.9960006355875036,0.398040425055101,-0.3592119627819966,0.9964931084729888,0.3202746925602845,1
-0.5548447548072972,-0.225065150736606,0.0994361520731608,1.2605409414432975,0.1635272040511625,1.2600392815683177,0.10522387074571,0.8558695106466861,1.0328020648348468,0.8857328459063788,-0.524830179759255,1.3094014915772152,-2.376101857220821,-0.1465357861104886,-1.0030969190222077,-1.0040002089198643,-0.6366642613477741,-0.3842445910967188,-1.0026668657945366,2.2655662019840763,1
0.4580086755545347,3.816718142943372,0.3278245994190755,0.0561962473783573,-0.2596806045959874,0.0570945425773033,0.1486785197572255,1.5352176525894297,-0.2613690596475437,0.3194169960028442,-0.5376626760414334,-0.1631919172039318,0.4208573790559796,-0.2269328692735108,-1.0030969190222077,-1.0040002089387583,-1.0229798947327124,-0.3413315139857663,-1.0026668657945366,-0.652371062151611,1
0.4476237125490108,-0.1614428514045207,0.7035959246632758,0.2048464068090761,0.1635272040511625,0.2055719080014888,0.4862537534258875,-0.112491588926498,-0.0249894098170042,1.114868666097739,0.4759936855624269,-0.1241021816098677,0.4208573790559796,-0.0501738788532219,-1.0030969190222077,-1.0040002089803688,-0.9996844796542236,-0.1780234149801972,-1.0026668657945366,-0.652371062151611,1
-0.2914661161210475,0.0677152452638237,-0.313582987271696,0.0598617422441536,0.5867350126983124,0.0624719493835479,-0.4796514787000283,0.7532655783009665,0.0273184134101156,-0.7492970981718305,-0.35085058448661,-0.1985586034227482,0.4208573790559796,-0.2572478044214726,0.9968262956829548,0.9959862426385104,1.0308992013540452,-0.4009330099732003,0.9964931084729888,0.3202746925602845,1
0.93356009687672,0.7322148160656042,-0.5214156428428567,-0.4971606427574198,0.1635272040511625,-0.4956191141138834,-0.578825504655186,0.8013904925580948,-0.5539348694083547,-0.124781043139716,0.7858227518212647,-0.2983175777042979,0.4208573790559796,-0.64712287243263,-1.0030969190222077,-1.0040002088316915,-0.4347706640008717,-0.3151068557512954,-1.0026668657945366,0.0550076685479494,1
-0.8620000067783711,-0.6975196328137584,-1.0168545252771086,-0.776282487740888,0.5867350126983124,-0.7742208144925022,-0.8175483758906582,-0.586061891013714,-0.7458628139489275,-0.8079371033391651,-0.749786821106145,-0.3512621833277439,-2.376101857220821,-0.7015022406361903,0.9968262956829548,0.9959856295905236,-0.382355980074272,-0.3890127107757135,0.9964931084729888,2.972944932683637,1
-0.7362620700807194,-0.4854453017068071,-0.9688738178711233,-0.770048631396514,0.5867350126983124,-0.7680043379026228,-0.8018599912726605,-0.4644024431572621,-0.7294544663586713,-0.7897587017372915,-0.6809768603501108,-0.3510658232397077,-2.376101857220821,-0.6800942709698462,0.9968262956829548,0.996038159602603,-0.4347706640008717,-0.3860326359763418,0.9964931084729888,2.0002991779717414,1
-0.5260863957150771,0.5277987246930707,-0.9173424990722652,-0.7956117018161138,0.5867350126983124,-0.7936197886923224,-0.7837278364845991,2.1442674136350286,-0.7680389443284859,-0.7850675013239048,-0.7231987456695566,-0.3518007010045068,-2.376101857220821,-0.656238187983993,0.9968262956829548,0.9959644903968038,-0.8696184121326616,-0.3735163218189807,0.9964931084729888,1.5139763006157936,1
-0.8272503228752717,-0.5743987016988895,-0.7809346214989827,-0.6780236631133659,0.5867350126983124,-0.6758006520458203,-0.7294615552812291,0.1436002711672835,-0.6438824475622137,-0.6979870936504127,-0.7592532415056537,-0.3463928281850357,0.4208573790559796,-0.5820004537578204,0.9968262956829548,0.9959665919522528,0.116554159523362,-0.3413315139857663,0.9964931084729888,0.8065975699162331,1
1.091651187553119,0.1607923128052079,0.9689165571939924,0.0833296902945117,-0.2596806045959874,0.0841964450206423,0.7421184347284797,-0.0276063805120723,-0.1014622540406832,0.6703774269293421,1.1142423334090938,-0.1518490631814607,0.4208573790559796,-0.0855413031925107,-1.0030969190222077,-1.004000208995555,-0.3610018495856572,0.5216981479122778,-1.0026668657945366,-0.652371062151611,1
-0.3836526338777755,-0.370571705690542,0.792083162061957,2.22819702194612,0.5867350126983124,2.0437920119992814,0.6667312436035444,-0.3436654113887374,2.130470796357563,4.323796348867211,-0.2871861941089622,1.4334853214270054,0.4208573790559796,1.4688934577814328,0.9968262956829548,0.9960119074440572,-0.0562201689754296,-0.3592119627819966,0.9964931084729888,-0.4313152088079983,1
0.4609643957945685,0.0329586187768512,0.1587570222682809,0.1039329651033082,0.5867350126983124,0.1060760262832475,-0.1255123412454108,-0.1585410289109011,0.0123022892517599,-0.3267958609411842,0.4608996736150563,-0.1836027662029128,0.4208573790559796,0.2214234589393202,0.9968262956829548,0.9960614579472667,0.6154642991209959,-0.3592119627819966,0.9964931084729888,-0.652371062151611,1
-0.1515087685389093,-0.515489165280292,-0.780991953141818,-0.511079169967881,-1.9525118391845877,-0.5095214621416856,-0.7029985025754407,-0.5876563216517101,-0.533449296053247,-0.3910066665994156,-0.0682242846393594,-0.2966145234341797,0.4208573790559796,-0.7077787864872717,-1.0030969190222077,-1.0040002090352922,1.5938717324175231,-0.3413315139857663,-1.0026668657945366,-0.652371062151611,1
-0.7223621965194797,-0.1867739520645176,-1.006764049888256,-0.8294164251553233,0.1635272040511625,-0.8274886755480532,-0.8141400404479215,4.030564972591385,-0.7980711926451972,-0.8060313031712268,-0.7482502431557526,-0.3523861072023547,0.4208573790559796,-0.7956243846436934,-1.0030969190222077,-1.0040002088875204,-1.2151670691302447,-0.3642780899409285,-1.0026668657945366,-0.652371062151611,1
-0.8546506483436925,-0.6780794857956212,-0.6389101960440587,-0.6654654258970443,0.1635272040511625,-0.6637282563076196,-0.6594691524737293,6.482649457400183,-0.6916655446356569,-0.6246870871912443,-0.7521176240444191,-0.3448128227811319,-2.376101857220821,-0.715930482966062,-1.0030969190222077,-1.0040002088258675,0.2194422427866872,-0.3449076037450124,-1.0026668657945366,1.0276534232598458,1
2.2225736588546776,0.2845023392842628,1.367680572089074,-0.6828732730507633,-2.375719647831738,-0.6811158682213204,1.2596834275431206,0.3679950253178041,-0.1014622540406832,0.8693136444595251,2.2199577124888785,-0.3262860613217472,0.4208573790559796,0.1735029428978685,-1.0030969190222077,-1.0040002089453772,-0.6754899531452553,3.0836684529321268,-1.0026668657945366,-0.652371062151611,1
0.0204023113679178,-0.129631701738478,0.77964457080792,-0.0542350613669146,-0.6828884132431379,-0.0532083985405276,0.5576689434863614,-0.3202441584344501,-0.1014622540406832,-0.1546874457750569,0.0300685693380037,-0.1844896390249094,0.4208573790559796,-0.2780046801198623,-1.0030969190222077,-1.0040002089508508,0.994014794146438,1.0020862055709956,-1.0026668657945366,-0.1660481847956632,1
0.3333092351574356,3.813772666122442,-0.8377160160435172,-0.6843176506776721,-0.2596806045959874,-0.6825585668739312,-0.7478609205857027,0.2614570391843089,-0.6701358037066237,-0.7013588939475345,-0.2026657365853008,-0.3435351854119407,0.4208573790559796,-0.751193732270478,-1.0030969190222077,-1.004000208909676,-0.9200918114693872,-0.3413315139857663,-1.0026668657945366,-0.8734269154952237,1
-0.8568874096064207,-0.6751340089746912,-0.921237149642156,-0.7773168789367231,0.5867350126983124,-0.775390103285604,-0.785202051482777,0.6843397648951615,-0.7667461654274353,-0.7859471014014147,-0.7596392919538381,-0.3513058417674163,-2.376101857220821,-0.6583737761988838,0.9968262956829548,0.9960591291325522,-1.061805586530194,-0.3890127107757135,0.9964931084729888,3.238211956695973,1
-0.2194903340596854,-0.4436195308496029,0.9882741049107838,0.2362087393800449,0.5867350126983124,0.2382610442486044,0.7578924814342247,-0.5039597063758956,-0.1014622540406832,0.2440645893628189,-0.0542500805941574,-0.1345250454434463,0.4208573790559796,1.398458112328114,0.9968262956829548,0.9960706290187956,-0.2697614738615764,-0.3466956486246354,0.9964931084729888,-1.1829051101762815,1
-0.6884912402553094,-0.0966423613440634,-0.7437303983784653,-0.6167455281982155,0.5867350126983124,-0.6146414417350208,-0.7137999557546895,-0.442623868638147,-0.5643765451476087,-0.7558940987531556,-0.7354412910925827,-0.3416866730396508,0.4208573790559796,-0.5629364223761125,0.9968262956829548,0.996042094729108,-1.0753945786593122,-0.3449076037450124,0.9964931084729888,-0.4313152088079983,1
-0.7388183686666946,-0.6527483851356242,0.7143053873070961,0.3516844338809105,0.5867350126983124,0.3506499135562951,0.4232417473475709,-0.6721516818256394,-0.1014622540406832,0.7414784331947354,-0.6613009938966111,-0.0891115818455362,0.4208573790559796,0.9977879063282716,0.9968262956829548,0.9959691433908666,-1.06957072488969,-0.3413315139857663,0.9964931084729888,-0.652371062151611,1
-0.3732676708722516,-0.1496609441208012,-0.4685538428754915,-0.3292608629497037,0.1635272040511625,-0.3279145044678421,-0.552151765415299,-0.3495028251501387,-0.4013372368189719,-0.579680883225315,-0.3649502082127518,-0.2875075820911499,-2.376101857220821,-0.6585039949924747,-1.0030969190222077,-1.0040002087964008,-0.5201871859553303,-0.3413315139857663,-1.0026668657945366,1.7792433246281287,1
-0.0519728923475029,-0.104300601078481,-0.8872008996065973,-0.6493033693728589,0.5867350126983124,-0.6471334122732019,-0.7725218699845661,-0.3536082387616904,-0.5773043341581136,-0.800020702641575,0.0693368136969641,-0.3443393750123225,0.4208573790559796,-0.6425131271395121,0.9968262956829548,0.9960543221707578,1.918066258926492,-0.3413315139857663,0.9964931084729888,-0.652371062151611,1
-0.8566477566139856,-0.6916286791718986,0.6130094026737375,0.8774098686412645,-0.2596806045959874,0.8773535682152785,0.4813487175272076,-0.7170976535896915,0.3305247879718807,0.5486994162071227,-0.7616718681180064,0.3263205552170343,0.4208573790559796,-0.0603700103913895,-1.0030969190222077,-1.004000208986361,-1.1103377012770457,-0.3413315139857663,-1.0026668657945366,-0.1660481847956632,1
-0.7631032052334583,-0.3411169374812431,-0.9017706675925372,-0.7889160649573835,-0.2596806045959874,-0.7870353938028474,-0.775797173413424,0.0982706063471069,-0.7703261685380368,-0.7101548947226347,-0.7472966649141384,-0.3513412295067352,0.4208573790559796,-0.7690988163892268,-1.0030969190222077,-1.004000208993701,0.0078422224904146,-0.3413315139857663,-1.0026668657945366,-0.652371062151611,1
-0.4000289216941787,-0.4995835904472706,-0.972432729897307,-0.666412614155076,-1.5293040305374377,-0.7284163922106215,-0.7781774953908482,-0.5162625786451787,-0.5809837817995649,-0.1582058460850969,-0.3454981986987124,-0.3409764317976678,0.4208573790559796,-0.6311059608209492,0.9968262956829548,0.9960759816357706,1.3240331744250284,-0.3556358730227505,0.9964931084729888,-0.1660481847956632,1
-0.0885599158592719,-0.3187313136421761,1.174974502988866,1.7399149971755277,0.5867350126983124,1.7420519093164923,0.9939419140318264,-0.432691078990991,2.058472956022136,-0.178729847893664,-0.0098248300932925,0.8647875878502169,0.4208573790559796,1.6765794116795607,0.9968262956829548,0.9960247760813772,-0.848264281644047,-0.3651721123807399,0.9964931084729888,-1.7134391582009518,1
-0.8528133087350229,-0.6733667228821334,0.0869192190613798,0.5560622821928511,0.5867350126983124,0.5596561028417584,-0.180953255313113,-0.7106438795739903,0.5986272431435822,-0.723348895885285,-0.7600062827961587,0.0112170048680319,0.4208573790559796,0.132080344656603,0.9968262956829548,0.9959649054722302,0.4019229942348489,-0.3413315139857663,0.9964931084729888,-0.1660481847956632,1
0.0314263490199355,2.545450347030037,-0.9799014717840618,-0.8105181380828169,0.1635272040511625,-0.8086123562336197,-0.8049709407329738,1.33060297930798,-0.7856406262889426,-0.786093701414333,-0.6497341301873483,-0.3520171249418389,0.4208573790559796,-0.7888790511356848,-1.0030969190222077,-1.0040002087595763,-0.784201890178203,-0.3681521871801116,-1.0026668657945366,-0.4313152088079983,1
-0.2031140462432822,0.7062946200414213,-0.6513318065100527,-0.5201351371203099,0.5867350126983124,-0.516783401051335,-0.6623298082415923,0.287570423803372,-0.4840253642207782,-0.3163872600239822,-0.4218725059325903,-0.314598316094467,0.4208573790559796,-0.4704810789265728,0.9968262956829548,0.996024962869205,-0.6754899531452553,-0.3413315139857663,0.9964931084729888,0.8065975699162331,1
0.1838456522087024,-0.2462725838473011,-1.0312586809058817,-0.8318143023865489,-1.5293040305374377,-0.8318625950308176,-0.8208696965503663,-0.2437720560713419,-0.7846461809804421,-0.772166700187091,0.1759993759293614,-0.3523218536138929,0.4208573790559796,-0.7045493604062173,0.9968262956829548,0.9960268903946596,1.6326974242150043,-0.3413315139857663,0.9964931084729888,-0.1660481847956632,1
-0.1768321014062255,-0.4559905334975083,1.6457641790848048,0.7892901980634501,0.5867350126983124,0.7936459963957548,1.671293985864053,-0.4645288934847983,1.3384945526678629,1.0925854641341517,-0.0888197210181281,0.1393218183190394,0.4208573790559796,2.6405110093568456,0.9968262956829548,0.9959935023639376,-1.0423927406314533,-0.0385559143696017,0.9964931084729888,-0.1660481847956632,1
0.7829781332966228,-0.2350797719277676,1.2939404892378898,-0.4648352374913456,-1.9525118391845877,-0.4633312845645803,1.1595048226228808,-0.1790405632278447,-0.1014622540406832,0.8871988460355622,0.8275925881357502,-0.2810824227357256,0.4208573790559796,0.104630222967641,-1.0030969190222077,-1.0040002090315825,-0.3280000115577983,2.256995703586418,-1.0026668657945366,-0.652371062151611,1
-0.7146134164307426,-0.1685119957747523,-0.2387431419814028,0.1792211398946491,0.5867350126983124,0.1830387953555949,-0.4156403088760074,-0.2857393250243116,0.3050669880742708,0.0624271733569998,-0.7423638146859037,-0.1354540697736821,0.4208573790559796,-0.1201274147702539,0.9968262956829548,0.9960509548493254,-0.0271009001273186,-0.3592119627819966,0.9964931084729888,0.3202746925602845,1
0.4061637448577266,-0.2527526328533469,-1.0497163275999852,-0.8619006950900165,-3.2221352651260378,-0.8599351850984128,-0.8276721932905702,-0.380931318127623,-0.8198495449013555,-0.810869103597532,0.4598537870862187,-0.3526343561737403,0.4208573790559796,-0.8016404929075931,-1.0030969190222077,-1.004000209004603,1.935537820235358,-0.3413315139857663,-1.0026668657945366,-0.8734269154952237,1
0.8973724950190095,-0.1143152222696426,0.5189646836132891,0.3133654474798901,0.5867350126983124,0.3160754354382945,0.224093242117788,-0.2647052434046092,-0.1014622540406832,1.1660320706062386,0.9133750905418114,-0.1037636601523556,0.4208573790559796,0.7563622630107412,0.9968262956829548,0.9959960719907112,-0.9996844796542236,-0.3592119627819966,0.9964931084729888,-0.652371062151611,1
-0.7578308393998846,-0.6692430553328315,1.0056157465586266,2.360319056263272,0.5867350126983124,2.364291811197219,0.7794146141143186,-0.4384146828491218,2.7784513593764086,-0.6123726861061041,-0.6367730749950292,1.5193001014337428,-2.376101857220821,1.3800451749143612,0.9968262956829548,0.9959847486954684,-1.1239266934061638,-0.3830525611769701,0.9964931084729888,2.2655662019840763,1
0.2862573643093309,-0.3505424633082188,-1.051279135862516,-0.8635760622610429,-3.645343073773188,-0.8616086047881382,-0.8281499011346156,-0.4722041402260206,-0.8214406573949561,-0.8155603040109187,0.3850437876606765,-0.3526393757596571,0.4208573790559796,-0.802057193047084,-1.0030969190222077,-1.0040002090369229,2.261673631334201,-0.3413315139857663,-1.0026668657945366,-0.652371062151611,1
2.8401594203601053,12.811615258699034,-0.6628461567739928,-0.6955506737183754,0.1635272040511625,-0.6937785324173258,-0.6719952990406368,2.4744062790955,-0.6811244243655529,-0.537020279466079,0.923650684639683,-0.3453450305009559,0.4208573790559796,-0.7185348588378802,-1.0030969190222077,-1.0040002089263538,0.0272550683891552,-0.2996104667945625,-1.0026668657945366,-0.1660481847956632,1
-0.7388982529975063,-0.2615890633161365,-0.7646527662426665,-0.6927696979297217,0.5867350126983124,-0.6908581207710999,-0.7218017499150269,-0.2368536095259499,-0.6767488650081512,-0.6850862925135991,-0.7442554245102315,-0.3473874339490589,-2.376101857220821,-0.5710230094581076,0.9968262956829548,0.9960212188049592,0.1049064519841177,-0.3770924115782267,0.9964931084729888,2.751889079340024,1
1.4758149344266935,0.7599022981823451,-0.9372238050439472,-0.8090426893369709,0.1635272040511625,-0.8071386225797804,-0.7887976511692292,0.1541011859997681,-0.7766906185124391,-0.8023663028482685,1.387516196774257,-0.3520309075986562,0.4208573790559796,-0.7903375016239029,-1.0030969190222077,-1.004000209000596,1.918066258926492,-0.314510840791421,-1.0026668657945366,-0.652371062151611,1
2.196850904333302,0.8541575564521011,-0.7896831915751475,-0.3937225828198236,-2.7989274564788875,-0.3923012927072993,-0.6696305148855716,0.330036888128097,-0.3894536153823923,0.0335469708120875,2.014172717590948,-0.1552018804142717,0.4208573790559796,-0.6700674238633468,-1.0030969190222077,-1.0040002089848443,1.2599707829591849,-0.3413315139857663,-1.0026668657945366,-0.652371062151611,1
0.9771769414999204,0.3840594558316925,-0.6607716137857346,-0.4664412807830344,0.5867350126983124,-0.4734912997927751,-0.6505755842330844,0.1600443878229714,-0.4636889576619455,0.084710375320587,0.8756896903921836,-0.3050978041791743,0.4208573790559796,-0.4425361258219655,0.9968262956829548,0.995977308384446,-1.0656881557099418,-0.3770924115782267,0.9964931084729888,-0.652371062151611,1
1.270032898255696,0.1260356863182354,-1.0515763492363908,-0.8632619309164754,-3.2221352651260378,-0.8612948385963147,-0.828239471355374,0.1686598113260213,-0.8214406573949561,-0.8164399040884288,1.3190005013840511,-0.3526391992898397,0.4208573790559796,-0.8021353243232385,-1.0030969190222077,-1.0040002089258435,1.4773946570250795,-0.3431195588653893,-1.0026668657945366,-0.9176380861639462,1
-0.5157813170403649,-0.609744423550048,-0.7269586868385843,-0.2875305438560478,0.1635272040511625,-0.3055931344433742,-0.6924294260582083,-0.6841565495093066,-0.1734600943761104,-0.3910066665994156,-0.3796851521343569,-0.2907328893991258,0.4208573790559796,-0.5275559761574647,0.9968262956829548,0.9960565117826536,1.5938717324175231,-0.3413315139857663,0.9964931084729888,-0.652371062151611,1
-0.8125516060059146,-0.6857377255300389,-0.9524359570422384,-0.7436250409592782,0.5867350126983124,-0.7415429697435313,-0.7961436723288551,-0.7184555722337983,-0.6871905407474053,-0.8041255030032886,-0.7166968040456323,-0.3500426104736385,0.4208573790559796,-0.6736093750490192,0.9968262956829548,0.9959719123687406,0.6969982518957067,-0.3520597832635044,0.9964931084729888,-1.4039609635198942,1
0.4221406110200711,0.468889188274473,-1.0458764559286733,-0.8554135977509701,-2.7989274564788875,-0.8533567390315697,-0.8265258516055997,-0.060211070234315,-0.8108995371248521,-0.800020702641575,0.3702035300737293,-0.352578347293416,0.4208573790559796,-0.7133521508529622,0.9968262956829548,0.996072364730516,0.9377175410400906,-0.3413315139857663,0.9964931084729888,-0.652371062151611,1
-0.5049170480499705,0.2090981326684579,-0.4941308386446495,-0.4939740607471167,0.1635272040511625,-0.4924362362521315,-0.5773850946566789,0.029120849830388,-0.5430954155457006,-0.6035766853310038,-0.6168430057197918,-0.3246062189508454,0.4208573790559796,-0.6821387060292232,-1.0030969190222077,-1.0040002089761184,-0.6366642613477741,-0.3699402320597346,-1.0026668657945366,0.3202746925602845,1
0.0218402293225288,-0.3157858368212462,2.315785617863978,1.726101669157944,0.1635272040511625,1.7250588319055915,2.8491131558173675,-0.2891492229914435,1.650601212740706,3.540659079857457,0.0789145272460074,1.291809807527209,0.4208573790559796,1.036345691110537,-1.0030969190222077,-1.004000208991779,-0.628899122988278,1.6404182275964136,-1.0026668657945366,-0.1660481847956632,1
0.5597813130086695,0.0818535340042872,1.4223904968938137,0.729768574962469,0.5867350126983124,0.7336016519104697,1.3359271680332756,-0.2328524429855893,0.8596691366249312,1.320401884209247,0.5757293890754636,0.1050865312302683,0.4208573790559796,2.2252432765954624,0.9968262956829548,0.9960232952099712,-0.9996844796542236,-0.3413315139857663,0.9964931084729888,-0.652371062151611,1
-0.2978568625859853,-0.4459759123063468,0.9674856783552652,-0.1045460197741792,-0.6828884132431379,-0.1034608744536662,0.7504298047963621,-0.4810074127229589,-0.1014622540406832,0.5511916164267344,-0.2895779877860006,-0.2040929729223765,0.4208573790559796,-0.1319773249870259,-1.0030969190222077,-1.0040002089128277,-1.00744961801372,1.056919581879435,-1.0026668657945366,-0.1660481847956632,1
-0.6798637325276432,-0.6274172844756273,1.5480238493918144,1.0342758840228885,0.5867350126983124,1.0389505054190775,1.5204263498465798,-0.6650033810153753,1.3384945526678629,1.7317615204581,-0.5920499714378207,0.2975697066049094,0.4208573790559796,2.4633613625557844,0.9968262956829548,0.9960542184857516,-1.009390902603594,-0.3413315139857663,0.9964931084729888,-0.652371062151611,1
-0.3143130347332002,-0.1773484262375419,0.4619399139027699,0.0429889962381319,-0.2596806045959874,0.0439026438177853,0.2339648906850843,-0.374911974426557,-0.1014622540406832,-0.3704826647908484,-0.3254369544889999,-0.1680221772793969,0.4208573790559796,-0.4374185272338431,-1.0030969190222077,-1.0040002089586264,0.9571303869388312,0.5365985219091363,-1.0026668657945366,-0.652371062151611,1
-0.0053204431534568,0.1077737300284702,-0.4311995486208024,0.1071250966856091,0.5867350126983124,0.1117456129120416,-0.5201686304768255,-0.1201734784740141,0.3278397856389295,0.0383847712383926,-0.0382767854962656,-0.0744702476297105,0.4208573790559796,-0.2526901466457911,0.9968262956829548,0.9960068750907136,-1.0540404481706975,-0.3592119627819966,0.9964931084729888,-0.9618492568326688,1
-0.507633115297569,0.6403159392525919,-0.8664080275462194,-0.7759659863608933,0.1635272040511625,-0.7741003686444038,-0.7629136937965064,5.626411557557002,-0.7582933803051822,-0.754721298649809,-0.7203152889047819,-0.3511009775059071,-2.376101857220821,-0.7698150197539768,-1.0030969190222077,-1.0040002088247588,-0.6541358226566407,-0.3532518131832531,-1.0026668657945366,2.2655662019840763,1
0.4674350265903179,-0.081914977239414,1.0588865472475435,0.0752509637923884,0.5867350126983124,0.0740796233388987,0.8417025982257362,0.0568155484527534,-0.1014622540406832,-0.379865065617622,0.4879476461296078,-0.1745416857145084,0.4208573790559796,1.4782301452819004,0.9968262956829548,0.9959932426039954,1.327915743604777,0.0919713618428787,0.9964931084729888,-0.1660481847956632,1
-0.695201524043494,-0.0931077891589474,-0.9142399413034332,-0.7777917082523604,0.1635272040511625,-0.7759239682791466,-0.7809628633936762,-0.4319546452398549,-0.7579950467126321,-0.7665958996961943,-0.7439526383794289,-0.3510719941006466,0.4208573790559796,-0.7748935527040219,-1.0030969190222077,-1.0040002089056224,-1.067629440299816,-0.3770924115782267,-1.0026668657945366,-0.652371062151611,1
2.222733427516301,0.3599065459000676,1.3539599785546246,1.2789053817847214,0.5867350126983124,1.2788291857517209,1.2351933045946792,0.4570038280484465,1.3384945526678629,0.0335469708120875,2.15530072773526,0.4689154521888184,0.4208573790559796,2.0133252119056304,0.9968262956829548,0.996004575597664,0.9474239639894608,-0.314510840791421,0.9964931084729888,-0.652371062151611,1
-0.2317925210046907,-0.0530493043943011,0.5546056176551041,0.2179491427344519,0.1635272040511625,0.2186594130367949,0.3317859979166297,-0.300942913514898,0.0667978921575806,-0.3235706606569807,-0.2304117391357856,-0.1033754776688985,0.4208573790559796,-0.3980143202932365,-1.0030969190222077,-1.0040002088110165,0.1728514126297099,0.5073937888752935,-1.0026668657945366,-0.9176380861639462,1
-0.5751353748334748,-0.609744423550048,1.0540349836874736,-0.0482543880108902,-0.6828884132431379,-0.0472346772423745,0.8489505905182371,-0.6530587813823343,-0.1014622540406832,0.4724674094895876,-0.478925081664275,-0.1824563122519542,0.4208573790559796,-0.0648886025289937,-1.0030969190222077,-1.0040002090235245,-0.3765321263046499,0.9532129788612996,-1.0026668657945366,-0.652371062151611,1
-0.8528931930658346,-0.6780794857956212,-0.562117152510482,-0.0942102466151236,0.1635272040511625,-0.0931371158101793,-0.514359056211611,-0.5942271161506646,-0.2464523800200381,-0.0404860357116724,-0.7611090491683783,-0.0885872995824075,0.4208573790559796,-0.5621030220971308,-1.0030969190222077,-1.004000208969504,0.9513065331692088,-0.3890127107757135,-1.0026668657945366,-0.1660481847956632,1
1.522067961966681,0.014696662487086,-0.338908930604113,0.1051364080108826,0.5867350126983124,0.1021502529068239,-0.4838445049536682,0.0457625156888772,0.0425334266301713,-0.178729847893664,1.6125414527022572,-0.180117223934091,0.4208573790559796,-0.2447207564780279,0.9968262956829548,0.9960588004708076,1.5938717324175231,-0.3413315139857663,0.9964931084729888,-0.652371062151611,1
-0.7158915657237301,-0.5425875520328468,0.9333784082915176,-0.0565761554782948,-0.6828884132431379,-0.0555467713159018,0.7045136334217799,-0.7209019420108865,-0.127317832061693,0.42643500543323,-0.6427012851106739,-0.1859717746771116,0.4208573790559796,-0.1421604346458343,-1.0030969190222077,-1.00400020903758,-0.3124697348388056,0.9317564403058234,-1.0026668657945366,-0.652371062151611,1
-0.487502263933015,-0.177937521601728,0.5707232535713938,0.0142055998975042,-0.2596806045959874,0.0151527058898121,0.3255159639844068,-0.1848800481754305,-0.1014622540406832,-0.2403018533193655,-0.4975498295402687,-0.179141133156008,0.4208573790559796,-0.3764240443158652,-1.0030969190222077,-1.0040002090095153,-0.6677248147857592,0.5216981479122778,-1.0026668657945366,-0.1660481847956632,1
1.4521691725064236,0.3139571074935616,0.9650700852518558,0.5133218739939089,0.5867350126983124,0.5047643506883787,0.7365969084600805,0.3309546505209378,0.6185161493135898,0.6410574243456747,1.4568569114959369,-0.0177778686206931,0.4208573790559796,1.3737686290632796,0.9968262956829548,0.9960483003082105,-1.2539927609277255,-0.2447770904861232,0.9964931084729888,-0.652371062151611,1
-0.031202966336455,-0.4294812421091394,-1.0765734847187491,-0.8531717465685633,0.1635272040511625,-0.8512163832864797,-0.8355339943073045,-0.2555729665593506,-0.8214406573949561,-0.8202515044243056,0.0325490088681974,-0.3526175339402475,0.4208573790559796,-0.8044532188491564,-1.0030969190222077,-1.0040002089877735,0.9454826793995864,-0.3890127107757135,-1.0026668657945366,0.8065975699162331,1
-0.5927099276120538,0.2756659088214732,-0.8392317166060561,-0.7113343429397022,0.5867350126983124,-0.7089174635483001,-0.7531708714251448,0.6270345542254813,-0.6445288370127391,-0.6916832930949243,-0.729158647051422,-0.3469451985325931,0.4208573790559796,-0.6104793039161506,0.9968262956829548,0.9960430892824226,0.7144698132045735,-0.3663641423004886,0.9964931084729888,-0.8734269154952237,1
-0.0765772662375135,0.9437000518083694,1.1118458874582184,0.7299600047214163,0.5867350126983124,0.7335784582815609,0.9114848086702728,0.0308058662254884,0.6185161493135898,0.8571458433873032,-0.3649889253728989,0.1038858801710231,0.4208573790559796,1.633711384829436,0.9968262956829548,0.9960234919935366,-0.6483119688870186,-0.3770924115782267,0.9964931084729888,-0.1660481847956632,1
-0.4833482787308054,0.4034996028498298,-1.0013275385059748,-0.8173663046102697,0.5867350126983124,-0.8164086892964236,-0.8118632783338008,-0.1124741640138672,-0.7766906185124391,-0.8019265028095135,-0.6514396285661815,-0.3522708179983636,0.4208573790559796,-0.6944704257822816,0.9968262956829548,0.9959745885110508,-0.7880844593579508,-0.3770924115782267,0.9964931084729888,-0.652371062151611,1
0.4878055309473073,-0.3116621692719444,-0.9966582361703326,-0.8017322002270733,-2.375719647831738,-0.7998366313329719,-0.8093339346211113,-0.3455453198641215,-0.7655031087918099,-0.7605852991665425,0.703515974089255,-0.350355834630817,0.4208573790559796,-0.7874075787681076,-1.0030969190222077,-1.004000208998163,1.1862019685439702,-0.3413315139857663,-1.0026668657945366,-0.652371062151611,1
-0.6159562678782651,-0.5284492632923834,0.8147643503592288,0.4420946204658428,0.5867350126983124,0.4460059606664206,0.5512717028899556,-0.6460087102746261,0.1145312669655987,1.5350243031216924,-0.5036838086556912,-0.0432892633290047,0.4208573790559796,1.2007338961396905,0.9968262956829548,0.9960532696946086,-0.9996844796542236,-0.3413315139857663,0.9964931084729888,-0.652371062151611,1
-0.140085309232833,1.817917572260357,0.0019832120327025,0.205442443784026,0.5867350126983124,0.2079995252564278,-0.2512639585843552,1.0245636212446343,-0.1213511602106907,-0.8017799027965952,-0.5995249246269851,-0.1469543980451012,0.4208573790559796,0.0364476626434452,0.9968262956829548,0.9960331796438636,-0.941445941958002,-0.3890127107757135,0.9964931084729888,-0.2102593554643856,1
-0.525527205399395,-0.1885412381570755,0.8884720247447399,0.0579072243936064,-0.2596806045959874,0.058803530717635,0.6583963437274387,-0.438244795546992,-0.1014622540406832,0.0493797722072678,-0.5047350019767495,-0.1611896394219965,-2.376101857220821,-0.1909403947249859,-1.0030969190222077,-1.0040002089775637,-1.1239266934061638,0.576531524220717,-1.0026668657945366,1.0276534232598458,1
0.0207218486911646,-0.4206448116463498,-1.035630295309154,-0.8474141996494988,-2.375719647831738,-0.8454655290585213,-0.8232326618857532,-0.2760037273124099,-0.8068223113600005,-0.8011935027449218,0.0638817302680585,-0.3524834210645362,0.4208573790559796,-0.7982287605155115,-1.0030969190222077,-1.0040002089760152,1.2832661980376734,-0.3413315139857663,-1.0026668657945366,-0.652371062151611,1
-0.2178127631126392,-0.56261679441517,-0.8361672736642469,-0.5348529258121806,0.5867350126983124,-0.5325604299278172,-0.7524737049974464,-0.6745606570142753,-0.4445458854733132,-0.8155603040109187,0.0372119601286887,-0.3330887197869862,0.4208573790559796,-0.6174069437351865,0.9968262956829548,0.996047563945318,2.24226078543546,-0.3413315139857663,0.9964931084729888,-0.652371062151611,1
1.151564435661911,0.3121898214010036,-1.0460969836599248,-0.8465535289831283,0.5867350126983124,-0.8448523178063406,-0.826238087455677,0.2924179883246182,-0.8035406418419493,-0.7966489023444533,1.121312326031315,-0.3525433804718261,0.4208573790559796,-0.7126359474882124,0.9968262956829548,0.9960112737348888,0.8251230348273948,-0.3592119627819966,0.9964931084729888,-0.9176380861639462,1
-0.5629130722192812,-0.609744423550048,0.3112142887992919,0.4016714530921147,0.1635272040511625,0.4021681607974318,0.2130264890728132,-0.6160732225753224,0.1879710529983514,0.8869056460097254,-0.4690934642677035,0.0586496117319768,0.4208573790559796,-0.1396602338088891,-1.0030969190222077,-1.0040002090140745,-1.0851010016086824,-0.3890127107757135,-1.0026668657945366,-0.1660481847956632,1
-0.0979862668950551,-0.4801434434291334,1.829015447791821,0.3416664798783704,-0.6828884132431379,0.3422329386002573,1.9815375970187592,-0.5317513070173655,0.8345096703198717,2.156315157869603,0.0676705556831448,0.0282095261699339,0.4208573790559796,0.6309745866620625,-1.0030969190222077,-1.0040002090353164,-0.9996844796542236,3.9738167955044537,-1.0026668657945366,-0.652371062151611,1
0.6777704696175838,-0.1961994778914932,-0.8633045265532817,-0.7427926595770468,0.1635272040511625,-0.7409656032187621,-0.7605281757940433,-0.1547376099577779,-0.7315428015065221,-0.772166700187091,0.69007319670167,-0.3496642780251767,0.4208573790559796,-0.7703098511696223,-1.0030969190222077,-1.0040002089449989,1.6404625625745008,-0.3711322619794833,-1.0026668657945366,-0.652371062151611,1
-0.5822450802757182,0.3133680121293755,-0.797212147191408,-0.7199527253597144,0.5867350126983124,-0.7179804683288782,-0.7365094484094348,0.9728560583110254,-0.7050905563004121,-0.8164399040884288,-0.718345347837531,-0.348939205678928,-2.376101857220821,-0.5965198492432059,0.9968262956829548,0.9960376723152464,-1.00744961801372,-0.3890127107757135,0.9964931084729888,3.238211956695973,1
-0.5703423149847714,-0.3246222672840358,-0.1712435707312345,0.0168473677650765,0.5867350126983124,0.0194427414746139,-0.382584420585091,-0.3548757906615995,-0.1014622540406832,-0.1982276496118028,-0.531360673420199,-0.2127622464426101,0.4208573790559796,-0.1180439140727995,0.9968262956829548,0.9959931984640948,-0.9375633727782536,-0.3520597832635044,0.9964931084729888,-0.9176380861639462,1
1.4051971859891306,-0.1425917997505694,-0.0996458701727976,0.1500551387090966,0.5867350126983124,0.1446473763620895,-0.3207194005536249,-0.1627894509279695,-0.1014622540406832,-0.3669642644808084,1.504808562799385,-0.1707005643291353,0.4208573790559796,-0.0393136314677408,0.9968262956829548,0.9960603237732925,1.3415047357338952,-0.3413315139857663,0.9964931084729888,-0.652371062151611,1
-0.7016721548392436,-0.1090133639919688,-0.846579745253495,-0.7806056618234862,0.1635272040511625,-0.7787346508526922,-0.7554625414373767,-0.3660498717272528,-0.760381715453033,-0.7318516966345484,-0.7465145483817468,-0.3512282579785931,0.4208573790559796,-0.7667548781045906,-1.0030969190222077,-1.0040002087423945,-0.6619009610161368,-0.3270271549487822,-1.0026668657945366,-0.4313152088079983,1
-0.3326864308198964,0.3068879631233298,0.3933657923677671,0.5785564697170932,0.5867350126983124,0.5807362817555951,0.0893979721853208,-0.0936252729160937,0.5787383369735747,-0.0130718332959436,-0.4483695437223465,0.0209533903088213,0.4208573790559796,0.510782640177661,0.9968262956829548,0.9959788866874352,-0.3590605649957832,-0.3890127107757135,0.9964931084729888,0.3202746925602845,1
-0.3357220353907419,-0.5196128328295938,-0.5151463267506066,-0.3983729224152005,-0.2596806045959874,-0.3969462266521642,-0.532953466755779,-0.3461320690467718,-0.5100798313034881,0.0863229754626887,-0.2279270392231046,-0.2701919285081777,0.4208573790559796,-0.5836021449189887,-1.0030969190222077,-1.004000208643045,-1.2481689071581037,-0.3592119627819966,-1.0026668657945366,-0.6965822328203334,1
1.2718702378643656,0.2332510426000828,0.8612358229045556,0.0138053154506929,0.1635272040511625,0.0147528867418849,0.7003441159496459,0.0854816764081359,-0.1734600943761104,1.0949310643408454,1.2512822449544805,-0.1951359650135679,0.4208573790559796,0.0464484659912265,-1.0030969190222077,-1.0040002089495113,-1.00744961801372,-0.3413315139857663,-1.0026668657945366,-0.652371062151611,1
-0.2012767066346125,-0.1243298434608041,-0.6386827024435079,-0.7059698252666488,0.1635272040511625,-0.7041855725292737,-0.6607551249289049,0.9222213759655628,-0.6815719247543781,-0.4824850746604577,-0.2231351553347105,-0.3416943297877838,0.4208573790559796,-0.718365574406212,-1.0030969190222077,-1.0040002089864342,-0.9996844796542236,-0.2695117113209084,-1.0026668657945366,-0.1660481847956632,1
-0.8433869576992395,-0.6456792407653925,-0.37513083187019,-0.283273332186685,0.1635272040511625,-0.2819804305576217,-0.4686921056827504,-0.586621011652368,-0.3208368890958664,0.1533191813663685,-0.7517374783368748,-0.2109352697532718,0.4208573790559796,-0.563001531772908,-1.0030969190222077,-1.004000208951323,1.0017799325059342,-0.2972264069550652,-1.0026668657945366,-0.1660481847956632,1
-0.8509759691263532,-0.6692430553328315,-0.2166592749408639,-0.420702093589538,0.1635272040511625,-0.4192494419380953,-0.390134816068502,-0.7117519150254145,-0.4435514401648128,-0.5851050837032934,-0.7583228337652858,-0.3128637419434982,0.4208573790559796,-0.646250406515571,-1.0030969190222077,-1.0040002089356574,0.8464771653160094,-0.1148458292335172,-1.0026668657945366,-0.1660481847956632,1
-0.642797403031004,-0.6315409520249291,0.8901932064141029,0.799151890113599,0.5867350126983124,0.8021901841770519,0.6363337767748931,-0.6889394437766148,0.6185161493135898,0.6801996277948706,-0.5374292519272648,0.1441267292040691,0.4208573790559796,1.2654786803130866,0.9968262956829548,0.9960392638453,0.3495083103082495,-0.3413315139857663,0.9964931084729888,-0.1660481847956632,1
-0.8601626671697012,-0.6945741559928286,-0.811105094969223,-0.7489447825530284,0.5867350126983124,-0.747005530868949,-0.7425546578826998,-0.7060264190537764,-0.7239850171619192,-0.7655696996057659,-0.763033471412213,-0.3502836484497481,-2.376101857220821,-0.6019499729359465,0.9968262956829548,0.9959664421037236,-0.4735963557983529,-0.3413315139857663,0.9964931084729888,1.292920447272181,1
-0.8385140135197245,-0.6132789957351639,-0.8859420651619151,-0.7551772541960619,0.5867350126983124,-0.7531178645718591,-0.7714655709022983,-0.6636292615608347,-0.7293550218278212,-0.723348895885285,-0.759773531373962,-0.3505026603803542,0.4208573790559796,-0.6390753509887124,0.9968262956829548,0.9960639072160594,-0.5803670082414264,-0.3663641423004886,0.9964931084729888,-0.2102593554643856,1
1.3071791120831469,-0.1266862249175481,0.6204381392704326,0.6769624912166519,0.5867350126983124,0.6790809199182631,0.3283580883811748,-0.1576085031169831,0.6185161493135898,-0.8155603040109187,1.5011855185835388,0.0730298393419836,0.4208573790559796,0.7923417156799071,0.9968262956829548,0.9960753362754856,2.24226078543546,-0.3413315139857663,0.9964931084729888,-0.652371062151611,1
-0.6888107775785562,-0.0730785467766243,-0.7788840255938455,-0.7202747572148116,0.1635272040511625,-0.7184738761299528,-0.7254798578714924,-0.6205131852046298,-0.7054386121583872,-0.6548866898524217,-0.6876587844482324,-0.3476447767396843,0.4208573790559796,-0.7429899482742512,-1.0030969190222077,-1.0040002088584148,-0.6793725223250034,-0.3413315139857663,-1.0026668657945366,-0.652371062151611,1
-0.2697375781402589,-0.5272710725640114,-0.4516068355658013,-0.2136510571535381,-1.1060962218902877,-0.2124390858907321,-0.5057928375394276,-0.6215452534618322,-0.3894536153823923,-0.3910066665994156,-0.1319664830550635,-0.2262617381623907,0.4208573790559796,-0.594644698615497,-1.0030969190222077,-1.0040002090290898,1.5938717324175231,-0.3413315139857663,-1.0026668657945366,-0.652371062151611,1
1.2685949803010848,0.9737439153818542,-0.548617284901019,-0.1064746855150599,0.5867350126983124,-0.1063467683471707,-0.5693040947188358,0.8475658697917017,-0.0643694440336191,0.514834813222987,1.015935278156773,-0.1657756127097689,0.4208573790559796,-0.3076424775411512,0.9968262956829548,0.996014152009309,-0.6813138069148774,-0.3770924115782267,0.9964931084729888,0.3202746925602845,1
-0.3666372714148785,1.07389012729347,-0.7667627228553295,-0.5495032817003893,0.5867350126983124,-0.5459971472129619,-0.7188608617805526,0.4711578364662828,-0.4448939413312884,-0.4786734743245809,-0.6957164383719653,-0.3131659540951557,0.4208573790559796,-0.554914944690913,0.9968262956829548,0.9960024807040267,0.3320367489993828,-0.3449076037450124,0.9964931084729888,-0.652371062151611,1
-0.5880766364249739,-0.5755768924272614,-0.9719328964819112,-0.8043145235799093,0.1635272040511625,-0.8024159529399637,-0.8006467487592526,-0.6209473442768277,-0.77867950912944,-0.809989503520022,-0.4872300620029242,-0.3519123951627327,-2.376101857220821,-0.7956504284024116,-1.0030969190222077,-1.0040002089430555,0.089376175265125,-0.3586159478221222,-1.0026668657945366,1.7792433246281287,1
0.2106069030306295,-0.4718961083305298,0.155953534069507,0.3195117260472226,0.5867350126983124,0.3214579002216447,-0.0842939820860532,-0.3720784903396237,0.2729961268751337,1.3101398833049636,0.300793303848311,-0.0624600818894625,0.4208573790559796,0.3768656328487785,0.9968262956829548,0.99599210079516,-0.9996844796542236,-0.3413315139857663,0.9964931084729888,-0.8734269154952237,1
2.087808792775301,0.1949598439279944,2.360043521663433,1.4990951338228529,0.1635272040511625,1.49831617364201,2.9245532003347017,0.4268239469629432,1.194498871997008,2.8630738201489048,2.282499006248052,0.7604311136529652,0.4208573790559796,1.058417776624195,-1.0030969190222077,-1.0040002090228335,-0.9996844796542236,2.391993091997956,-1.0026668657945366,-0.1660481847956632,1
0.0918189031135978,0.4677109975461012,0.7810915987463604,0.2848404482048837,0.5867350126983124,0.2856143675134817,0.5075083043082409,-0.0568791645627092,-0.1014622540406832,-0.7806695009363547,-0.0533701994952168,-0.1149445100180054,0.4208573790559796,1.0274126818702014,0.9968262956829548,0.9960434569280314,1.6326974242150043,-0.3413315139857663,0.9964931084729888,-0.1660481847956632,1
-0.6454335859477908,0.0541660518875463,-1.0470395153483971,-0.8126565742401326,0.5867350126983124,-0.8106284197653895,-0.8269264574641451,0.8654547070604899,-0.7766906185124391,-0.8013401027578401,-0.6518517645141563,-0.3521714056950963,-2.376101857220821,-0.7136256103195032,0.9968262956829548,0.996032500670292,-1.0229798947327124,-0.3890127107757135,0.9964931084729888,1.7792433246281287,1
-0.7651801978345631,-0.3493642725798468,-0.7411812933012065,-0.7897359257727319,0.1635272040511625,-0.7878543015951002,-0.7110046704096276,-0.3941780205924693,-0.749940039713779,-0.7299458964666101,-0.7497674625260715,-0.3515135303127624,-2.376101857220821,-0.7531079485362644,-1.0030969190222077,-1.0040002088775295,-0.1940513748564879,-0.2534193074043012,-1.0026668657945366,1.7792433246281287,1
-0.2926643810832234,0.5761045445563208,-0.9680998515849578,-0.8110440725608862,0.5867350126983124,-0.8090851503747488,-0.8015909633762289,0.3382757832377206,-0.7766906185124391,-0.7894655017114549,-0.4930060942458673,-0.3521439521471274,0.4208573790559796,-0.6798989427794598,0.9968262956829548,0.9960626855926128,-0.5007743400565897,-0.3592119627819966,0.9964931084729888,-0.4313152088079983,1
0.8502407398400931,-0.2680691123221822,-1.051279135862516,-0.8635760622610429,-3.645343073773188,-0.8616086047881382,-0.8281499011346156,-0.2138964067360198,-0.8214406573949561,-0.8155603040109187,0.986366130875966,-0.3526393757596571,0.4208573790559796,-0.802057193047084,-1.0030969190222077,-1.0040002090179214,2.24226078543546,-0.3413315139857663,-1.0026668657945366,-0.652371062151611,1
0.5342183271489183,-0.2869201639761334,1.634703779507796,0.3201495670349735,0.1635272040511625,0.3207410374594558,1.7040380937895858,-0.0222126552982735,0.6185161493135898,0.9430534509574484,0.6121679172838301,-0.0694087140852408,0.4208573790559796,0.2351094541457236,-1.0030969190222077,-1.0040002090045692,-0.9996844796542236,2.411661585673809,-1.0026668657945366,-0.652371062151611,1
-0.1229900624391243,2.3357323973798296,-0.8073711688774077,-0.6540357083984601,0.5867350126983124,-0.6520236433395218,-0.740082602342571,0.4953887371235174,-0.5887404552058679,-0.693295893237026,-0.4224658949951531,-0.3447336294584941,0.4208573790559796,-0.5958947990339696,0.9968262956829548,0.9959623448846404,-0.5143633321857082,-0.3764963966183524,0.9964931084729888,-0.1660481847956632,1
-0.4375745571756884,-0.22447605537242,-0.9784946805033896,-0.7982349410261899,-0.6828884132431379,-0.796343437418204,-0.8041582923941082,-0.1062333258451853,-0.7699283904146367,-0.8010469027320034,-0.4350077136020187,-0.3515374947170682,-2.376101857220821,-0.7891004230847893,-1.0030969190222077,-1.004000208963021,0.3825101483361083,-0.3627880525412426,-1.0026668657945366,2.2655662019840763,1
0.5467601670863586,-0.3022366434449688,-0.9072838082941213,-0.6892896015887868,0.5867350126983124,-0.6870696999737864,-0.7793911269680991,-0.0940017249402901,-0.6146954777577278,-0.7321448966603852,0.66068373292085,-0.3461947165754777,0.4208573790559796,-0.6481646227813572,0.9968262956829548,0.996020018083388,1.7705286300960628,-0.3592119627819966,0.9964931084729888,-0.1660481847956632,1
-0.0884001471976484,0.5331005829707445,0.9673013746513566,0.934918129768748,0.5867350126983124,0.9347010191534711,0.7194882810482359,-0.7135154499614818,0.5668049932715701,0.8251870405711058,-0.0074000745096423,0.2274079305325462,0.4208573790559796,1.3996300814704323,0.9968262956829548,0.995971946365905,-0.4270055256413754,-0.3413315139857663,0.9964931084729888,-0.652371062151611,1
-0.80352467662419,-0.4989944950830846,-0.8486823742123709,-0.711446299255172,0.5867350126983124,-0.7120715168483066,-0.7553130950822177,-0.6131511286753836,-0.6728208060395748,-0.739914697345057,-0.7524503823397369,-0.3486181832005918,-2.376101857220821,-0.6189435254995591,0.9968262956829548,0.99606693857195,-0.2658789046818283,-0.3913967706152108,0.9964931084729888,2.044510348640464,1
-0.5483741240115477,-0.0247727269133743,0.4769381991811418,0.7431599509373162,-0.2596806045959874,0.7432597053803308,0.2917517820905478,-0.7192858624518175,0.2919403100020658,0.4346446061566567,-0.4233694698002067,0.2267160664061324,0.4208573790559796,-0.1729962449681597,-1.0030969190222077,-1.0040002090372726,-0.5415413164439452,-0.2817300179983323,-1.0026668657945366,-0.652371062151611,1
-0.5937484239126062,0.2361965194210127,-0.8782684084517288,-0.8052095960838885,-0.2596806045959874,-0.8033099849932319,-0.76861236213401,-0.3663948095937021,-0.7770883966358393,-0.7513494983526873,-0.7194019226943628,-0.3518769645923967,-2.376101857220821,-0.7711432514486041,-1.0030969190222077,-1.004000208825499,-0.7667303288693362,-0.3216630203099132,-1.0026668657945366,1.292920447272181,1
-0.7598279476701777,-0.5791114646123773,1.1018771813247037,0.8893649330657619,0.5867350126983124,0.8905899649519984,0.8941368019993777,-0.5409516485971617,0.6185161493135898,-0.00280983239166,-0.6762564312978182,0.1978688901607423,-2.376101857220821,1.5653725619529315,0.9968262956829548,0.9959951013186266,-0.6716073839655071,-0.3866286509362162,0.9964931084729888,2.2655662019840763,1
-0.4215976910133438,0.8241136928786162,-0.6945644796832042,-0.735190604378676,0.5867350126983124,-0.733486245699555,-0.6915493396114406,1.1005044825659562,-0.7099136160466388,-0.6874318927202925,-0.6906902334467737,-0.3496909429738273,0.4208573790559796,-0.5304338114958237,0.9968262956829548,0.9960461557478464,-0.628899122988278,-0.3770924115782267,0.9964931084729888,0.3202746925602845,1
0.8608653558380523,-0.0094562474445389,-1.0487635070131855,-0.8517133101070463,0.1635272040511625,-0.8497596421415399,-0.8273013536199697,0.0517133728690263,-0.8126895386801528,-0.8052983031066352,0.897993315917672,-0.3525512652459941,0.4208573790559796,-0.8004424800065568,-1.0030969190222077,-1.0040002089994704,1.2192038065718296,-0.3568279029424992,-1.0026668657945366,0.3202746925602845,1
-0.4413291207238393,0.4199942730470372,-1.0088787760355804,-0.8111981729406529,0.5867350126983124,-0.81009568341892,-0.814278986067404,0.7026817258226785,-0.7766906185124391,-0.7970887023832083,-0.6044688369009761,-0.3521608974133033,-2.376101857220821,-0.6974394142761541,0.9968262956829548,0.9960110267672568,-0.8055560206668175,-0.3747083517387294,0.9964931084729888,1.5139763006157936,1
-0.7676566120897265,-0.3788190407891456,-0.1885992441340653,0.1879328869467724,0.1635272040511625,0.1886780487629792,-0.2900264692711589,-0.5511937731268927,0.0482017648886235,-0.1195034426746561,-0.7467576144141758,-0.0253440196299708,0.4208573790559796,-0.4601937942328917,-1.0030969190222077,-1.0040002089008349,-1.0928661399681787,-0.338947454146269,-1.0026668657945366,0.3202746925602845,1
-0.571061273962077,-0.4200557162821638,-0.7658049280693516,-0.446091072681777,0.5867350126983124,-0.4464646573879406,-0.6990846236526818,-0.5130284870344004,-0.3242180031447676,0.0841239752689137,-0.5237820509238453,-0.2499833206455035,0.4208573790559796,-0.5151982126456883,0.9968262956829548,0.9960458077070826,-0.2949981735299392,-0.3413315139857663,0.9964931084729888,-0.1660481847956632,1
-0.8548903013361276,-0.6798467718881791,-0.6609955503702869,-0.6928420472995958,0.5867350126983124,-0.6919069399814408,-0.6735500769286932,0.5985597197795994,-0.6732683064284,-0.695055093392046,-0.7582336647072636,-0.3474743399213224,-2.376101857220821,-0.5089737543120433,0.9968262956829548,0.9959672225945202,-0.4444770869502421,-0.3592119627819966,0.9964931084729888,1.0718645939285685,1
-0.7364218387423429,-0.248039869939859,-0.4919226052229145,-0.1056358865555642,0.5867350126983124,-0.1026614433919184,-0.5783804507973311,0.3382076517898326,0.062720666392729,-0.362859464119095,-0.7459393220024191,-0.2298273445104525,0.4208573790559796,-0.3643918277880659,0.9968262956829548,0.9960743697041166,-0.2678201892717022,-0.3592119627819966,0.9964931084729888,-0.4313152088079983,1
-0.6917664978185899,-0.0860386447887157,-0.8468212484552552,-0.6724938152804967,0.5867350126983124,-0.6703704275552622,-0.7567439487177605,0.683355853143182,-0.6051488027961242,-0.8132147038042253,-0.7441223062433939,-0.3460472193040265,0.4208573790559796,-0.6229282205834407,0.9968262956829548,0.995965693610402,-0.6813138069148774,-0.3770924115782267,0.9964931084729888,-0.652371062151611,1
0.2096482910608888,0.5590207789949274,-0.2108663936053229,-0.026503606291805,0.5867350126983124,-0.0236674662306442,-0.4093997293855917,0.0888491337118925,-0.1014622540406832,-0.752082498417279,0.0315891521681809,-0.2262035403247302,0.4208573790559796,-0.1667717866345146,0.9968262956829548,0.9960417044950698,0.6989395364855807,-0.3413315139857663,0.9964931084729888,0.3202746925602845,1
-0.8566477566139856,-0.6769012950672493,-0.8982345784906955,-0.7902253978210138,0.1635272040511625,-0.7883432046709933,-0.7743843690517378,0.3832025384845635,-0.766050053711485,-0.7072228944642679,-0.7613264034187792,-0.3511634584813441,-2.376101857220821,-0.7676794315390861,-1.0030969190222077,-1.0040002087894777,0.2097358198373169,-0.3329873045475256,-1.0026668657945366,1.7792433246281287,1
-0.1373692419852344,-0.4730742990589017,0.5245964103507258,0.6810594019316307,0.5867350126983124,0.6830090231456495,0.2195959791113234,-0.5632477181355783,0.6185161493135898,0.0646261735507748,-0.0327372418531397,0.0756230143302833,0.4208573790559796,0.6864738364905046,0.9968262956829548,0.9960223135700056,0.180616550989206,-0.3484836935042584,0.9964931084729888,-0.9176380861639462,1
-0.766618115789174,-0.6274172844756273,1.1730485219988285,0.0545034786208226,0.5867350126983124,0.0489038358830735,0.9811571193914024,-0.7000893983102583,-0.1014622540406832,0.6703774269293421,-0.6352242391020421,-0.2030804970414605,0.4208573790559796,1.7214788517097033,0.9968262956829548,0.9960017981570432,-0.0212770463576962,-0.3413315139857663,0.9964931084729888,-0.652371062151611,1
0.4577690225620996,-0.6174026632844657,0.8933789087984382,2.176673093718533,0.5867350126983124,2.17756848778746,0.6574648546105435,-0.684220648310731,1.9550506439380968,1.6402831123970578,1.131073833975728,1.308440577237436,0.4208573790559796,1.3562411794459446,0.9968262956829548,0.9959719617592594,-0.4270055256413754,-0.3413315139857663,0.9964931084729888,-0.652371062151611,1
-0.8344399126483267,-0.6050316606365602,-0.1531945781213133,0.6875667793989975,0.5867350126983124,0.6911622177104562,-0.368216398793711,-0.6368481109787476,0.9819859095704776,-0.7796433008459263,-0.757810167739323,0.0824463075680562,0.4208573790559796,-0.1149577286646952,0.9968262956829548,0.9960476801244882,-1.2889358835454592,-0.3592119627819966,0.9964931084729888,-1.1829051101762815,1
-0.8574465999221028,-0.6851486301658528,-0.8952878286672965,-0.8046420917026557,0.1635272040511625,-0.8027431402907785,-0.7743402948161265,6.142862811380876,-0.7800717325613404,-0.7485640981072389,-0.7586927396061502,-0.3518677024093531,-2.376101857220821,-0.7716511047436085,-1.0030969190222077,-1.0040002088053477,0.0175486454397849,-0.3437155738252637,-1.0026668657945366,2.751889079340024,1
4.429458181859328,0.9136561882348848,1.6924960285756327,0.2412777473697482,-0.2596806045959874,0.2419609000216476,1.7539057810408052,1.2514964106322537,0.4745204686427351,1.5411815036642622,4.389589185374314,-0.0763664366877902,0.4208573790559796,0.4331982829562023,-1.0030969190222077,-1.0040002089972555,-0.628899122988278,2.036768175912849,-1.0026668657945366,-0.1660481847956632,1
0.3849943971926201,1.866812487487793,2.259748256324301,2.096850509923237,-0.2596806045959874,2.095376706583403,2.781018817235253,0.4806325380158604,1.6264859140095718,1.965588541062847,-0.074177608588613,1.6189359286981913,0.4208573790559796,0.9515602346035016,-1.0030969190222077,-1.0040002088866171,-1.00744961801372,1.8430633139536887,-1.0026668657945366,-0.652371062151611,1
0.3731715162324852,0.9425218610799976,0.9641515429809822,-0.0587007700254944,-0.6828884132431379,-0.0576689161673986,0.7392114308441797,-0.7131586621361871,-0.127317832061693,0.4141206043480895,0.3245034535430029,-0.1867601366421407,0.4208573790559796,-0.1283572425251988,-1.0030969190222077,-1.0040002090373652,-0.3124697348388056,0.9102999017503474,-1.0026668657945366,-0.652371062151611,1
-0.3656786594451379,-0.1414136090221975,-0.7505734566353723,-0.5814879863085055,0.5867350126983124,-0.5806388576155858,-0.7040296903343505,-0.3578978180879485,-0.5483659756807526,-0.2392756532289371,-0.3934765334503703,-0.3249846650574634,0.4208573790559796,-0.5279205887795193,0.9968262956829548,0.9960138823039124,-0.3959449722033905,-0.4098732343713154,0.9964931084729888,0.0992188392166722,1
-0.6222671300123912,-0.296345689803109,0.8889019739343721,0.4267761132237521,0.5867350126983124,0.4253883342968567,0.6233565789480352,-0.2488615644576825,0.2585269476364533,0.2959609939359103,-0.5556571862835274,-0.0532685056988358,0.4208573790559796,1.2499956657551283,0.9968262956829548,0.9959962209340651,-0.0426311768463111,-0.3842445910967188,0.9964931084729888,0.3202746925602845,1
-0.1754740677824262,0.2232364214089213,-0.2740525012053973,0.3016193609119316,0.5867350126983124,0.3048259035400759,-0.4411141517649028,0.424107958691884,0.4789954725309869,-0.0957542405818854,-0.2881298314581063,-0.0827775617948488,0.4208573790559796,-0.1817990354149046,0.9968262956829548,0.9960717123828028,-0.0057467696387038,-0.3413315139857663,0.9964931084729888,-0.1660481847956632,1
-0.7030301884630428,-0.1414136090221975,0.8745426636139093,0.2480266051957971,0.5867350126983124,0.2485278745328243,0.612210778231538,-0.1889514801130815,-0.1014622540406832,-0.093408640375192,-0.7349719763270163,-0.1306734421231264,0.4208573790559796,1.1853941222546824,0.9968262956829548,0.9960538258085834,-0.7628477596895881,-0.3663641423004886,0.9964931084729888,-0.652371062151611,1
-0.2134191249179944,-0.2038577176259108,-0.0815380393792456,0.1259067721560994,0.5867350126983124,0.1109135606559939,-0.3032932541967783,-0.3258062554161778,-0.0699383377612212,-0.0245066343035738,-0.1995706808236606,-0.1825393000273816,0.4208573790559796,-0.000169862114316,0.9968262956829548,0.9960147762738112,-0.3202348731983019,-0.3413315139857663,0.9964931084729888,-0.1660481847956632,1
-0.8364370209186198,-0.5749877970630756,-0.6833515433393311,-0.6421258776976781,0.5867350126983124,-0.6400457507280888,-0.6858244705718191,1.966842174883831,-0.6349821620511354,-0.7402078973708937,-0.7579237031954299,-0.3438343972321734,-2.376101857220821,-0.5281289388492648,0.9968262956829548,0.995965394663715,-0.819145012795936,-0.3663641423004886,0.9964931084729888,2.0002991779717414,1
-0.2805219627998415,-0.2339015811993956,-1.019988730845517,-0.8192420293353987,0.5867350126983124,-0.8195635849284529,-0.8174217000226649,-0.3323365790512051,-0.7738067271177881,-0.7815491010138645,-0.2008506641586383,-0.3523192568403034,0.4208573790559796,-0.7011376280141357,0.9968262956829548,0.9960183335391676,1.5162203488225607,-0.3592119627819966,0.9964931084729888,-0.4313152088079983,1
-0.8201406174330282,-0.5467112195821486,-0.9855645305542364,-0.8274815159961297,0.1635272040511625,-0.8255560155671127,-0.8062756328903715,1.6236563778914397,-0.7931486883681204,-0.7585328989856858,-0.7560258149126998,-0.352109408116086,-2.376101857220821,-0.7865351128510486,-1.0030969190222077,-1.0040002087781446,-0.3512954266362868,-0.3401394840660177,-1.0026668657945366,1.292920447272181,1
0.0984493025709709,-0.0883950262454597,0.2841187438121206,0.2633290024498607,0.5867350126983124,0.2652100585083484,-0.0127568409427884,0.2579536793246487,-0.1014622540406832,-0.2740198562905829,0.0975468989643467,-0.1245998355851709,0.4208573790559796,0.3618514059477477,0.9968262956829548,0.9960251120945268,-0.3474128574565389,-0.3413315139857663,0.9964931084729888,-0.652371062151611,1
-0.0021250699209879,2.253259046393793,-0.7679029933003626,-0.7674310533559026,0.1635272040511625,-0.7655753568213012,-0.7215952234626044,1.0290312124179382,-0.744669479578727,-0.7586794989986042,-0.6144586863979941,-0.3507167356288104,0.4208573790559796,-0.7610903605833865,-1.0030969190222077,-1.004000208843476,-1.1782826619226374,-0.2870941526372014,-1.0026668657945366,-0.4313152088079983,1
0.3952994758673324,4.038807095241485,-0.970160841600326,-0.8046395183260645,0.1635272040511625,-0.8027405699055332,-0.8011266484671655,0.3501259141333281,-0.7797733989687904,-0.7758317005100495,-0.1856721172534949,-0.3518743661343269,0.4208573790559796,-0.7853891874674487,-1.0030969190222077,-1.0040002089565232,-0.5493064548034412,-0.3770924115782267,-1.0026668657945366,0.8065975699162331,1
0.2595759978182155,-0.3122512646361304,1.2769252391208352,-0.2450433786139209,0.5867350126983124,-0.2505739935852294,1.1236189772137446,-0.4317200811002327,-0.1014622540406832,0.4655772088824257,0.316068120448955,-0.2771016029794778,0.4208573790559796,1.8932244185767424,0.9968262956829548,0.9959738624367196,0.4213358401335896,0.5258702526313981,0.9964931084729888,-0.652371062151611,1
1.9502479751175144,0.1501885962498603,1.4209204328112237,-0.8635760622610429,-3.645343073773188,-0.8616086047881382,1.33347809317053,0.2432569323457874,-0.1014622540406832,1.307207883046597,2.092369646350281,-0.3526393757596571,0.4208573790559796,0.235005279110851,-1.0030969190222077,-1.0040002089143412,-0.9996844796542236,3.9738167955044537,-1.0026668657945366,-0.652371062151611,1
0.5621778429330212,-0.3299241255617096,1.1060634798539222,-0.0796618556239777,-0.6828884132431379,-0.0786056361683223,0.9128664072144907,-0.2812906343576101,-0.1014622540406832,0.8817746455575837,0.6726563046325806,-0.1949727392852662,0.4208573790559796,-0.0106654968777426,-1.0030969190222077,-1.0040002090087945,-0.7997321668971954,0.9406966647039384,-1.0026668657945366,-0.9176380861639462,1
-0.8129510276599733,-0.5319838354774993,-0.7259213197789689,-0.6965116686437958,0.5867350126983124,-0.6943626603885179,-0.7048761876148715,-0.5993533647201598,-0.6394571659393872,-0.7509096983139322,-0.7548361965325828,-0.3476135682910097,0.4208573790559796,-0.5536257786343631,0.9968262956829548,0.9960053143789576,-0.419240387281879,-0.3413315139857663,0.9964931084729888,-0.1660481847956632,1
0.4049654798955507,-0.3163749321854322,-0.9756934118435676,-0.8081928355063945,0.5867350126983124,-0.8083282429857398,-0.8028891247843557,0.4652413678236903,-0.7756961732039388,-0.7545746986368906,0.5481517090050003,-0.3521279034700265,0.4208573790559796,-0.6814225026644732,0.9968262956829548,0.9960209066174822,1.3162680360655328,-0.3413315139857663,0.9964931084729888,1.292920447272181,1
0.6113865907130422,-0.1461263719356852,1.190891668925718,0.2433321531129293,0.5867350126983124,0.2472340412772656,1.017088710841312,-0.2531231316381799,0.2588750034944283,1.8028625267234928,0.614899868867875,-0.13042896261751,0.4208573790559796,1.821630125860465,0.9968262956829548,0.9960230651479848,-0.9996844796542236,-0.3413315139857663,0.9964931084729888,-0.652371062151611,1
-0.3385978712999639,-0.0854495494245298,-1.0422051619693902,-0.853927994227489,-2.7989274564788875,-0.851971751867553,-0.8253135108105965,-0.2890914022674043,-0.8124906496184527,-0.8023663028482685,-0.3720508456914598,-0.3525560972563279,0.4208573790559796,-0.7997132547624477,-1.0030969190222077,-1.004000208936211,1.586106594058027,-0.3413315139857663,-1.0026668657945366,-0.652371062151611,1
0.2864970173017661,0.5378133458842324,0.7811358883442532,1.077705287275598,0.5867350126983124,1.082025710846551,0.5097086378894727,-0.7144792458827339,0.5668049932715701,1.046846260103631,0.2056057454992676,0.3281244646096368,0.4208573790559796,1.116378161651505,0.9968262956829548,0.9959719495844176,-0.4270055256413754,-0.2578894196033587,0.9964931084729888,-0.652371062151611,1
0.2624518337274376,0.182588841280089,2.076321726128163,3.917731947588821,0.5867350126983124,3.92096413630212,2.394284693773322,0.1187896530022998,3.498429762730681,-0.7643968995024193,0.2127279838646214,3.752377836334479,0.4208573790559796,3.4893552372584926,0.9968262956829548,0.9960551360849372,0.6154642991209959,-0.3413315139857663,0.9964931084729888,-0.1660481847956632,1
-0.0176226300984622,2.339266969564945,-0.8029320942438751,-0.7570053069928622,0.1635272040511625,-0.7551617295605346,-0.7355114263986245,1.1655810585530006,-0.7398961420979252,-0.7657162996186843,-0.6493954671513902,-0.3503462085176279,-2.376101857220821,-0.7687993131639679,-1.0030969190222077,-1.0040002088459374,-0.2755853276311986,-0.3246430951092848,-1.0026668657945366,-0.4755263794767207,1
-0.4830287414075585,-0.6038534699081882,2.4799926695341337,1.333972397953389,0.5867350126983124,1.3349108632037054,3.118761310672536,-0.6730660659773147,1.3384945526678629,2.3685919765753547,-0.3317141422508348,0.5125004967817184,0.4208573790559796,4.5823336593843615,0.9968262956829548,0.9960160368367208,-0.9996844796542236,3.9738167955044537,0.9964931084729888,-0.652371062151611,1
-0.7218828905346094,-0.6562829573207402,-0.8745787315767263,-0.7738989601192356,0.1635272040511625,-0.7720357451566165,-0.7634373123026468,-0.6902580072497971,-0.7478517045659282,-0.793863502099005,-0.6145903845373359,-0.3509939576610689,0.4208573790559796,-0.7827848115956306,-1.0030969190222077,-1.0040002090191822,1.9724222274429652,-0.2972264069550652,-1.0026668657945366,-0.1660481847956632,1
-0.0966282332712558,1.1015776094102108,-0.4927018572386833,-0.2555988918975755,0.1635272040511625,-0.2543381596078151,-0.5630851378251075,0.7214193715310349,-0.3314774538968203,-0.5626752817267879,-0.4147107282280131,-0.2614125927951505,0.4208573790559796,-0.6554568752224477,-1.0030969190222077,-1.004000208760846,-0.5376587472641969,-0.3699402320597346,-1.0026668657945366,-0.1660481847956632,1
1.399046092516628,0.1678614571754396,-1.051279135862516,-0.8635760622610429,-3.645343073773188,-0.8616086047881382,-0.8281499011346156,0.0176781773052352,-0.8214406573949561,-0.8155603040109187,1.2870101114665569,-0.3526393757596571,0.4208573790559796,-0.802057193047084,-1.0030969190222077,-1.0040002090322957,2.24226078543546,-0.3413315139857663,-1.0026668657945366,-0.652371062151611,1
-0.8612810478010655,-0.6981087281779443,-1.0802840403145753,-0.8395963677245811,0.1635272040511625,-0.8376567847424289,-0.8364408335529203,-0.0543302840171522,-0.8071206449525508,-0.805591503132472,-0.7587025310115155,-0.3523591618173611,-2.376101857220821,-0.804218825020693,-1.0030969190222077,-1.0040002088923663,-1.0423927406314533,-0.3866286509362162,-1.0026668657945366,2.2213550313153543,1
-0.3815756412766707,0.4323652756949426,-0.2823937410018704,0.053742959607834,0.5867350126983124,0.0567405304005845,-0.4572159997098435,-0.1656652435682885,0.0322906399526175,-0.5169360776962669,-0.5367283068927878,-0.2006419169946606,0.4208573790559796,-0.2306050392527743,0.9968262956829548,0.9960622940164792,-0.7414936292009735,-0.3592119627819966,0.9964931084729888,-0.6965822328203334,1
0.4672752579286945,-0.3758735639682157,-0.1615068333356148,0.4925769841803332,0.5867350126983124,0.4957341559602728,-0.3746917443337937,-0.3247622467859843,0.6185161493135898,-0.8155603040109187,0.5901880808273707,-0.0203833663583203,0.4208573790559796,-0.1246590287872173,0.9968262956829548,0.9959932202308076,2.244202070025334,-0.3413315139857663,0.9964931084729888,-0.652371062151611,1
-0.2941821833686461,-0.3493642725798468,1.671693500396864,0.8253252757442214,0.5867350126983124,0.8190555611130202,1.6994742657825652,-0.5590993525379335,1.3384945526678629,1.1070988654130671,-0.2171276423099615,0.1544112144607273,0.4208573790559796,2.686634506046743,0.9968262956829548,0.9960127942642536,-0.6813138069148774,-0.1535868016253493,0.9964931084729888,-0.652371062151611,1
-0.0656331129163075,-0.3169640275496181,-0.400634119870134,-0.2068753140195542,0.5867350126983124,-0.2041936634976683,-0.5255447859365032,-0.4321292147658063,-0.2212929137149786,-0.2826692570527648,0.0344376289504289,-0.2624290552785192,0.4208573790559796,-0.2892295401273979,0.9968262956829548,0.9960731616011588,-0.0290421847171926,-0.3592119627819966,0.9964931084729888,-0.652371062151611,1
0.3956190131905793,3.862667581349878,-0.8477965908672962,-0.7711756184354802,0.1635272040511625,-0.7693155691413172,-0.7556710054630704,1.7130638363415274,-0.7554094889105311,-0.7205634956398366,-0.6005907676843154,-0.350907443558698,0.4208573790559796,-0.7618195858274955,-1.0030969190222077,-1.0040002086466722,-0.7764367518187066,-0.3556358730227505,-1.0026668657945366,-0.4313152088079983,1
-0.097427076579373,-0.1944321917989352,0.1779078986252652,0.2064714947675805,0.1635272040511625,0.2071951069242838,-0.0523393297009113,-0.3849409225900848,-0.1734600943761104,-0.1711066472219105,-0.0388275707339561,-0.1246193153835505,0.4208573790559796,-0.4407781721084884,-1.0030969190222077,-1.0040002089734548,0.4096881325943453,-0.3413315139857663,-1.0026668657945366,0.3202746925602845,1
-0.4815109391221358,0.6273558412405005,-0.04659431469409,0.4638913098596954,0.5867350126983124,0.4667915739059136,-0.2912747000614709,1.0081477006353243,0.6185161493135898,-0.680688292126049,-0.7074987877428188,-0.0343183634888444,0.4208573790559796,-0.0087122149738791,0.9968262956829548,0.9960599166797116,-0.3726495571249016,-0.3413315139857663,0.9964931084729888,-0.1660481847956632,1
-0.8522541184193408,-0.6792576765239932,-1.011168178382564,-0.8322309566160224,0.5867350126983124,-0.8303819624297288,-0.815838144644842,-0.6487531210663309,-0.8065239777674504,-0.8165865041013471,-0.7579076333316623,-0.3524641295014473,-2.376101857220821,-0.7002000527002813,0.9968262956829548,0.9960041470203712,-0.8637945583630394,-0.4009330099732003,0.9964931084729888,2.486622055327689,1
-0.8499374728258008,-0.6527483851356242,-0.6477601142854955,-0.4551424959768785,0.5867350126983124,-0.4620014920169642,-0.6449176735338735,-0.2660619928094714,-0.4592636760391188,0.0536311725818995,-0.757541987873285,-0.3056973091249204,0.4208573790559796,-0.4355824422442114,0.9968262956829548,0.9959620675516284,-0.5939560003705446,-0.3770924115782267,0.9964931084729888,0.3202746925602845,1
-0.7845920902218116,-0.4283030513807676,-0.8746027681270236,-0.7665742442276826,0.5867350126983124,-0.7645992710509628,-0.7678017982354391,-0.5351600884136875,-0.7478517045659282,-0.7862403014272514,-0.7513871553067409,-0.3509489926144,0.4208573790559796,-0.6356636185966307,0.9968262956829548,0.9959731207216636,-0.4328293794109975,-0.3735163218189807,0.9964931084729888,0.3202746925602845,1
0.4196641967649078,-0.4094519997268163,1.1068625754890933,-0.0815109004679412,-0.6828884132431379,-0.0804525316444811,0.9138477698316104,-0.452239127316522,-0.1014622540406832,0.8826542456350939,0.5615376812927558,-0.195713488159562,0.4208573790559796,-0.0101185779446608,-1.0030969190222077,-1.00400020903651,-0.3512954266362868,0.9532129788612996,-1.0026668657945366,-0.652371062151611,1
3.783513482915738,1.0585736478246346,1.9039453333973215,0.5008680489484889,0.1635272040511625,0.5012494484879882,2.10411106747162,1.607242774693245,0.6912101013649672,1.4372420945051616,3.654113377120509,0.0299964584512028,0.4208573790559796,0.5848510899721655,-1.0030969190222077,-1.0040002089594406,-0.2581137663223319,2.77701875607678,-1.0026668657945366,0.3202746925602845,1
-0.7067048676803821,-0.6509810990430663,0.6266444122264935,0.7171570334947276,0.5867350126983124,0.7205249716135282,0.3437187317594503,-0.6592781475081021,0.6185161493135898,1.7317615204581,-0.623072880812953,0.0965395754561469,0.4208573790559796,0.9243314848636442,0.9968262956829548,0.996046313638766,-0.9996844796542236,-0.3413315139857663,0.9964931084729888,-0.652371062151611,1
-0.4438854193098144,-0.5920715626244688,1.4209204328112237,-0.8635760622610429,-3.645343073773188,-0.8616086047881382,1.33347809317053,-0.676548129355509,-0.1014622540406832,1.307207883046597,-0.2560996779707311,-0.3526393757596571,0.4208573790559796,0.235005279110851,-1.0030969190222077,-1.0040002090311897,-0.9996844796542236,3.9738167955044537,-1.0026668657945366,-0.652371062151611,1
0.6264048449056461,0.9531255776353452,-0.50716603379741,-0.4598328903945809,0.1635272040511625,-0.4583347522990961,-0.5601649235180371,0.6132197335977642,-0.4819370290729274,0.0930665760569321,0.3800467327209238,-0.2737420168000151,0.4208573790559796,-0.629621466574013,-1.0030969190222077,-1.0040002087077735,-0.6813138069148774,-0.2954383620754421,-1.0026668657945366,-0.1660481847956632,1
0.5123300205065061,-0.1473045626640572,2.203700800599324,0.3059181622225956,-0.2596806045959874,0.3065261755251047,2.6333342287615324,-0.1033497492491597,0.7873232404315287,1.6014341089736983,0.5452849200524125,-0.0403979299774147,0.4208573790559796,0.7136504987129257,-1.0030969190222077,-1.0040002089506213,-1.0268624639124606,3.964280556146464,-1.0026668657945366,-0.1660481847956632,1
4.226152559943494,0.7805206359288542,-1.051279135862516,-0.8635760622610429,-3.645343073773188,-0.8616086047881382,-0.8281499011346156,1.1534056456506767,-0.8214406573949561,-0.8155603040109187,4.182845155955443,-0.3526393757596571,0.4208573790559796,-0.802057193047084,-1.0030969190222077,-1.0040002090227726,2.261673631334201,-0.3413315139857663,-1.0026668657945366,-0.652371062151611,1
5.719190702814591,1.1534180014585769,1.1826520996093102,2.564764579241809,0.1635272040511625,2.5627468629518595,1.367480536590772,1.5198869181090688,1.9864751156867084,3.1476244452233964,5.7483342113932565,2.873488603031712,0.4208573790559796,0.6123012116611274,-1.0030969190222077,-1.00400020901135,-0.0212770463576962,-0.3413315139857663,-1.0026668657945366,-0.652371062151611,1
-0.7521590519122523,-0.3116621692719444,-1.0053361365688571,-0.7889765221330534,0.5867350126983124,-0.7868845666285978,-0.8136240203806592,1.0208234096796824,-0.7496914283866539,-0.7629308993732359,-0.6607980445324614,-0.3514076773237752,-2.376101857220821,-0.6937151567794544,0.9968262956829548,0.9960323937045832,-0.9996844796542236,-0.3890127107757135,0.9964931084729888,2.751889079340024,1
-0.3352427294058716,-0.5920715626244688,1.2131074456570674,0.6932451970215219,0.5867350126983124,0.6968074898347595,1.0443510957915825,-0.673776339755968,0.6185161493135898,1.5194847017523485,-0.1999224239812901,0.0860855130219868,0.4208573790559796,1.829404187837842,0.9968262956829548,0.9960745591148936,-0.9996844796542236,-0.3413315139857663,0.9964931084729888,-0.652371062151611,1
-0.184740650156586,-0.5514239824956365,-0.2234680820361988,0.5155185643330237,0.5867350126983124,0.519154930652186,-0.4170006625810875,-0.4936231556823824,0.6185161493135898,-0.0844660395871734,-0.0739684013854245,-0.0083478957794026,0.4208573790559796,-0.1410796186590299,0.9968262956829548,0.9960310431118178,0.29709362638165,-0.3747083517387294,0.9964931084729888,0.8065975699162331,1
0.810777880419102,0.0582897194368482,0.6063140583456699,0.2438694516461528,0.1635272040511625,0.2445495916476299,0.4655537910586907,0.1621873176320093,0.1218901622485015,1.1166278662527591,0.8603601615111772,-0.0796791696213023,0.4208573790559796,-0.0116291159503153,-1.0030969190222077,-1.0040002088768405,-0.6386055459376483,-0.3413315139857663,-1.0026668657945366,-0.1660481847956632,1
-0.3121561578012837,-0.5095982116384322,-0.7731607128097301,-0.1177488144657469,0.5867350126983124,-0.5031945886391369,-0.6232874560889432,-0.5188832295885398,0.107321538478971,1.5359039031992023,-0.2419391382493773,-0.3034679787194532,0.4208573790559796,-0.3870759416316008,0.9968262956829548,0.9960653522894232,0.3766862945664865,-0.3592119627819966,0.9964931084729888,-0.4313152088079983,1
-0.3584091853412711,-0.5302165493849413,1.0780884298543425,0.6595152443360793,0.1635272040511625,0.6597122291085754,1.0046376739731775,-0.5714425284488647,0.6185161493135898,-0.0525072367709761,-0.2546761870151312,0.1139728853322771,0.4208573790559796,-0.1802364098918138,-1.0030969190222077,-1.00400020900728,0.2310899503259318,1.1537720128590152,-1.0026668657945366,-0.652371062151611,1
-0.7458481897781262,-0.6274172844756273,1.4209204328112237,-0.8635760622610429,-3.645343073773188,-0.8616086047881382,1.33347809317053,-0.6994557373530523,-0.1014622540406832,1.307207883046597,-0.6278957832755961,-0.3526393757596571,0.4208573790559796,0.235005279110851,-1.0030969190222077,-1.0040002090326656,-0.9996844796542236,3.9738167955044537,-1.0026668657945366,-0.652371062151611,1
-0.5333558698189439,-0.609744423550048,0.8455832910708224,0.7698363060017928,0.1635272040511625,0.7699050513003235,0.6605427116100593,-0.695849263671349,0.5465183089781623,0.0335469708120875,-0.4086705522708621,0.1871718055200639,0.4208573790559796,-0.2552424350001728,-1.0030969190222077,-1.0040002090323246,1.2832661980376734,0.5216981479122778,-1.0026668657945366,-0.652371062151611,1
0.0887832985427524,0.734571197522348,-0.2349987917399543,0.4651289566186224,0.5867350126983124,0.471414548594957,-0.331907344808197,0.2224041394275601,0.7840912931789025,1.3426850861728343,-0.1141142845367532,0.2711403851430206,0.4208573790559796,0.0603558331467347,0.9968262956829548,0.9960642061350288,-0.2658789046818283,-0.3735163218189807,0.9964931084729888,-0.1660481847956632,1
-0.7822754446282718,-0.4065065229058864,-0.8054094233287273,-0.7071216789159613,0.5867350126983124,-0.7049600175010484,-0.7397955819314008,-0.3168838442871145,-0.6503960643328913,-0.7623444993215626,-0.7530121548796314,-0.3482256594630987,0.4208573790559796,-0.598251759197965,0.9968262956829548,0.9960760263403576,0.6931156827159584,-0.3770924115782267,0.9964931084729888,-0.652371062151611,1
0.3512832095900733,-0.3517206540365907,-0.3990768660276259,-0.1776645995754599,0.5867350126983124,-0.1808423034390954,-0.4953780710726584,0.4120960839119183,-0.2929924204578558,0.4736402095929343,0.3956679856869765,-0.2427495358271102,0.4208573790559796,-0.2115149641123482,0.9968262956829548,0.996075052860906,-1.1239266934061638,-0.4009330099732003,0.9964931084729888,0.5413305459038973,1
-0.8618402381167476,-0.6975196328137584,-0.9713781714361704,-0.7555297101965555,0.5867350126983124,-0.7533974125534086,-0.8018349077703123,2.3781772282786307,-0.718217234372617,-0.7290662963891,-0.7457378133851286,-0.350079033489151,-2.376101857220821,-0.6759012258162191,0.9968262956829548,0.9959598077632882,-0.8754422659022837,-0.3890127107757135,0.9964931084729888,3.238211956695973,1
-0.6414393694072046,-0.6244718076546975,-1.0497839373197662,-0.83794268704938,0.5867350126983124,-0.835948961528242,-0.8277314091947781,-0.3182483486800445,-0.7959331352319214,-0.8162933040755104,-0.5301124560949946,-0.3525151722739704,-2.376101857220821,-0.7156570234995212,0.9968262956829548,0.9960134411762848,-0.1921100902666139,-0.3890127107757135,0.9964931084729888,1.0276534232598458,1
-0.6836182960757943,-0.0754349282333682,-0.9301788551780786,-0.8061358495840274,0.1635272040511625,-0.8042351617972274,-0.7878507659783536,-0.1781482212548864,-0.7793756208453902,-0.7742191003679477,-0.7351742323798309,-0.3519379786155446,-2.376101857220821,-0.7813263611074126,-1.0030969190222077,-1.0040002088928768,-0.6774312377351295,-0.3821585387371586,-1.0026668657945366,1.558187471284516,1
-0.7547952348290392,-0.2957565944389231,-0.856809242619682,-0.7446483293272598,0.5867350126983124,-0.7426345475311542,-0.7607993411807621,1.471415536845278,-0.6966377711781588,-0.7676220997866225,-0.751447323866429,-0.350092624866853,0.4208573790559796,-0.6274858783591223,0.9968262956829548,0.9959676733308488,-1.13169183176566,-0.3770924115782267,0.9964931084729888,-0.652371062151611,1
-0.3400357892545749,-0.4972272089905266,1.3647474923443987,2.924466314557865,0.5867350126983124,2.931472254747101,1.276892209387896,-0.7138992536213187,2.7784513593764086,3.3599012639291472,-0.2679817352404962,2.229605976826299,0.4208573790559796,2.2437473671647297,0.9968262956829548,0.995961928397068,-0.9996844796542236,-0.3413315139857663,0.9964931084729888,-0.652371062151611,1
-0.6595731125014657,-0.6274172844756273,-0.2984492384581893,-0.0095100434841634,0.5867350126983124,-0.0127709446512486,-0.4494670268214829,-0.6828257169243214,-0.1014622540406832,0.4581006082235905,-0.5633988244676816,-0.2181585073107639,0.4208573790559796,-0.1669801367042601,0.9968262956829548,0.9960034128205676,0.3048587647411458,-0.3413315139857663,0.9964931084729888,-0.652371062151611,1
-0.3880462720724202,-0.369982610326356,0.2471035933321844,2.03185689698385,0.1635272040511625,2.0304586435581364,0.3344993476662342,-0.4339069772016303,1.7134004339725049,1.3844660898545604,-0.3550422776491723,2.930011813116192,0.4208573790559796,0.0220194203135734,-1.0030969190222077,-1.0040002087782995,-0.0271009001273186,-0.3413315139857663,-1.0026668657945366,-0.652371062151611,1
-0.0727428183585508,-0.3122512646361304,1.9647499357969285,0.7479962872097543,0.1635272040511625,0.7480904197958892,2.200950575127789,-0.4740044438739776,1.098733788788422,1.6037797091803918,-0.0372958511144702,0.2044968443623705,0.4208573790559796,0.6198799454481179,-1.0030969190222077,-1.00400020897065,-1.00744961801372,3.255320761375937,-1.0026668657945366,-0.652371062151611,1
-0.4496370911282585,0.7204329087818847,-0.5235166967394754,-0.4560728332721299,0.5867350126983124,-0.4539580177142283,-0.604506884096544,0.7295215227065146,-0.4609542330635695,-0.7290662963891,-0.6911537929588047,-0.3227160950019542,0.4208573790559796,-0.4215057906570351,0.9968262956829548,0.9960745601037314,-0.5221284705452045,-0.3538478281431275,0.9964931084729888,-0.2102593554643856,1
0.0434089986416939,1.0815483670278878,-1.0042897255280456,-0.8181985757802708,-0.6828884132431379,-0.8161330747507295,-0.813301179885818,-0.0109620197853543,-0.7733592267289628,-0.7696744999674794,-0.2616289817471772,-0.3520913161065696,0.4208573790559796,-0.6936240036239407,0.9968262956829548,0.9960570631802717,-0.0290421847171926,-0.3484836935042584,0.9964931084729888,-0.652371062151611,1
0.0833511640475553,0.2397310916061285,-0.2745873484937765,0.4185979459912968,0.5867350126983124,0.4217385387460362,-0.452982497308123,-0.2083659081815344,0.6185161493135898,-0.8023663028482685,0.0737648459722387,-0.0554359190541151,0.4208573790559796,-0.22622968778812,0.9968262956829548,0.9960618721780324,1.6016368707770197,-0.3413315139857663,0.9964931084729888,-0.652371062151611,1
-0.7111783902058386,-0.057172971943603,-1.0396363952282626,-0.8180657172427502,0.1635272040511625,-0.8161511619321072,-0.8240583429286976,8.557282300972373,-0.7894195184612439,-0.8047119030549619,-0.7072641677318118,-0.3520868619634831,-2.376101857220821,-0.7974214039952479,-1.0030969190222077,-1.0040002089538895,-1.257875330107474,-0.3866286509362162,-1.0026668657945366,1.2487092766034584,1
2.947204423647813,0.4565181856265676,1.4941148969452276,0.8311791074314566,0.5867350126983124,0.82617660830066,1.4511850016277277,0.8103689942531258,0.6185161493135898,1.944038339163852,2.919962547820232,0.1605851293970445,0.4208573790559796,2.3762189458847534,0.9968262956829548,0.99598571752363,-0.9996844796542236,-0.3413315139857663,0.9964931084729888,-0.652371062151611,1
-0.0590027134589345,-0.0671875931347646,-0.287016081173962,-0.3556524220965754,0.5867350126983124,-0.3608640069509864,-0.4434242630557143,-0.1863306312241876,-0.3795091622973886,0.3076889949693772,-0.0699414430123683,-0.2966341515304155,0.4208573790559796,-0.1577736679973834,0.9968262956829548,0.9960226980451492,-0.6366642613477741,-0.3592119627819966,0.9964931084729888,-0.1660481847956632,1
4.093544570796034,0.6509196558079395,0.6353258467008378,0.2519432768999806,0.1635272040511625,0.252614031720715,0.3641766512797307,0.9569353293946454,-0.1014622540406832,0.0335469708120875,4.099613277275287,-0.1052549669165236,0.4208573790559796,-0.2740981163121352,-1.0030969190222077,-1.0040002090178182,0.9454826793995864,0.0901833169632557,-1.0026668657945366,-0.652371062151611,1
-0.8250135616125434,-0.6456792407653925,-0.935245286479968,-0.69799112736906,-0.6828884132431379,-0.6962161492344295,-0.7746198463186128,-0.7188977421748745,-0.6672519123119726,-0.3745874651525619,-0.7430960772688395,-0.3129910035254113,0.4208573790559796,-0.7576786281913049,-1.0030969190222077,-1.0040002090211342,-0.6424881151173962,-0.3413315139857663,-1.0026668657945366,-0.652371062151611,1
0.1840054208703259,-0.3976700924430968,1.4209204328112237,-0.8635760622610429,-3.645343073773188,-0.8616086047881382,1.33347809317053,-0.3302778182283422,-0.1014622540406832,1.307207883046597,0.3177760853650177,-0.3526393757596571,0.4208573790559796,0.235005279110851,-1.0030969190222077,-1.0040002090237257,-0.9996844796542236,3.9738167955044537,-1.0026668657945366,-0.652371062151611,1
0.5784742464186124,4.54012725016375,-0.7798201768814785,-0.7464373067215586,0.5867350126983124,-0.7445935590834318,-0.7295241043199167,2.079934587922471,-0.7398961420979252,-0.7308254965441201,-0.587890492746346,-0.3501832569030034,0.4208573790559796,-0.5830552259859068,0.9968262956829548,0.9960631669889995,-0.1726972443678733,-0.3770924115782267,0.9964931084729888,0.3202746925602845,1
2.54219086643238,0.3092443445800737,-1.051279135862516,-0.8635760622610429,-3.645343073773188,-0.8616086047881382,-0.8281499011346156,0.3742271034091276,-0.8214406573949561,-0.8155603040109187,2.658622314775994,-0.3526393757596571,0.4208573790559796,-0.802057193047084,-1.0030969190222077,-1.004000209036283,2.24226078543546,-0.3413315139857663,-1.0026668657945366,-0.652371062151611,1
0.5962085678588149,-0.1973776686198651,-0.036421216250136,0.1741320952568536,0.5867350126983124,0.1766971787383076,-0.2813444575419028,-0.3433313583320724,-0.1014622540406832,-0.8155603040109187,0.6698040159291598,-0.1587856028934614,0.4208573790559796,-0.0029044567797249,0.9968262956829548,0.9960158382355628,2.261673631334201,-0.3413315139857663,0.9964931084729888,-0.652371062151611,1
-0.8313244237466695,-0.6686539599686455,-1.0231980674036734,-0.7106988079048829,-3.2221352651260378,-0.7089090581007035,-0.8024731045171788,-0.7089723831660107,-0.6822183142049033,-0.4050802678395759,-0.7398414440228095,-0.3108434798991622,0.4208573790559796,-0.7726277456955404,-1.0030969190222077,-1.0040002090313118,-0.9084441039301429,-0.3770924115782267,-1.0026668657945366,-0.652371062151611,1
1.9991371855742883,0.4783147141014486,0.872666557197157,0.0844364364695438,0.1635272040511625,0.0853019046911287,0.648914636833296,0.328859494493166,-0.0889819654190035,1.131727667583348,2.0783479801493003,-0.172212981138618,0.4208573790559796,-0.0151450233772696,-1.0030969190222077,-1.0040002089914226,-1.00744961801372,-0.0421320041288477,-1.0026668657945366,-0.652371062151611,1
0.8043072496233525,0.3928958862944822,0.0718899676434052,0.0315707705216212,0.1635272040511625,0.0324976908819877,-0.0625608795097711,-0.0303342937944959,-0.2413807089466862,0.6812258278852991,0.7090859383582108,-0.1490352837104054,0.4208573790559796,-0.3043609639426606,-1.0030969190222077,-1.0040002089000604,-1.0831597170188083,-0.3747083517387294,-1.0026668657945366,0.3202746925602845,1
-0.5133049027852015,-0.5679186526928437,1.3289448827235484,0.8346214079966262,0.5867350126983124,0.8291422636515843,1.1969473499515344,-0.5916633958348007,0.6185161493135898,1.7317615204581,-0.3983073587295688,0.1604875365053508,0.4208573790559796,2.0709079624315265,0.9968262956829548,0.9959721086386522,-0.6832550915047516,-0.3413315139857663,0.9964931084729888,-0.652371062151611,1
-0.7338655401563677,-0.345240605030545,1.5788627511907949,0.6585029679621528,0.5867350126983124,0.6560286563512554,1.5588045496270233,-0.5947887328342073,1.1225010316615809,2.3706443767562115,-0.7010341431515459,0.1296441050491741,0.4208573790559796,2.5472743531457605,0.9968262956829548,0.9959965772108466,-1.00744961801372,-0.3252391100691592,0.9964931084729888,-0.1660481847956632,1
2.07247100125945,0.1266247816824213,0.1591061954244522,0.2537431384639413,0.5867350126983124,0.2542446424870763,-0.0921895596510763,0.2497714791512779,-0.1014622540406832,1.307207883046597,2.0842166196536764,-0.1246422630415627,0.4208573790559796,0.3469934415990258,0.9968262956829548,0.9960750722535764,-0.9996844796542236,-0.3413315139857663,0.9964931084729888,-0.652371062151611,1
-0.4697679424928125,-0.6115117096426059,0.8305020519215798,0.5573731012908683,0.5867350126983124,0.5596289716474963,0.567658941977859,-0.5539031980332134,0.4745204686427351,0.2525673901120825,-0.3365439211202996,0.0120475180292972,0.4208573790559796,1.1480994597702483,0.9968262956829548,0.995978449841342,0.9804258020173198,-0.3413315139857663,0.9964931084729888,-0.652371062151611,1
0.3294747872784728,-0.3511315586724048,0.801416126972599,0.202828485757424,0.1635272040511625,0.2035563326228229,0.5482599235372393,-0.3583078128824252,-0.1014622540406832,0.7035090298488863,0.4566861553351909,-0.1262027268210367,0.4208573790559796,-0.1324982001613895,-1.0030969190222077,-1.0040002090288127,-0.9996844796542236,0.0901833169632557,-1.0026668657945366,-0.652371062151611,1
-0.4221568813290258,-0.6480356222221364,1.803090184152228,2.368909875146047,0.5867350126983124,2.368296489204627,1.909195249238642,-0.711231578544075,1.9550506439380968,1.2309758763290617,-0.1263933048133543,1.5210546326463998,0.4208573790559796,2.955953014951444,0.9968262956829548,0.996001922215558,-0.3124697348388056,-0.3413315139857663,0.9964931084729888,-0.652371062151611,1
-0.0375937128013929,-0.0389110156538377,-0.9170115870295026,-0.6843113208452428,-2.375719647831738,-0.6825522443994293,-0.7736086862008041,-0.4798721042394708,-0.6592963498439696,-0.6562060899686868,0.0291123750720552,-0.333452450191213,0.4208573790559796,-0.7595928444570911,-1.0030969190222077,-1.0040002089843734,1.6016368707770197,-0.3413315139857663,-1.0026668657945366,-0.652371062151611,1
-0.8442656853381686,-0.6397882871235328,-0.8362280472693908,-0.7828888926384417,0.1635272040511625,-0.781015227593129,-0.7519571587171764,-0.6533171016193108,-0.7584922693668823,-0.7419670975259137,-0.7595096118904112,-0.3513297560302339,-2.376101857220821,-0.7649969243911136,-1.0030969190222077,-1.004000208854393,-0.1591082522387548,-0.3139148258315467,-1.0026668657945366,0.5855417165726204,1
0.962877646284622,-0.3387605560244993,-0.157336108245728,0.4764373908436417,0.5867350126983124,0.4795697919392249,-0.3716966442228239,-0.4235543187452508,0.6016105790690833,-0.8155603040109187,1.2155470535742678,-0.0282778003233209,0.4208573790559796,-0.1207524649794902,0.9968262956829548,0.9960189839155617,2.261673631334201,-0.3413315139857663,0.9964931084729888,-0.652371062151611,1
-0.7476056450559841,-0.5531912685881943,-1.0092848170244129,-0.806202644906255,-0.2596806045959874,-0.8043018794751969,-0.813739462516196,-0.6076178983847652,-0.7876295169059433,-0.7910781018535564,-0.6783052268128589,-0.3518891096485292,-2.376101857220821,-0.7911448581441665,-1.0030969190222077,-1.004000208952064,-0.3512954266362868,-0.4009330099732003,-1.0026668657945366,1.7792433246281287,1
-0.622906204658885,-0.4931035414412248,-0.7519985992865925,-0.4009462539935742,0.5867350126983124,-0.3963955585229635,-0.6923161278917449,-0.4896814746274926,-0.2770812955218498,-0.1054298414344957,-0.5593137156108524,-0.2598977254237105,0.4208573790559796,-0.4974233473205303,0.9968262956829548,0.9960207823173935,-0.5260110397249524,-0.3592119627819966,0.9964931084729888,-0.2102593554643856,1
-0.5853605691773753,-0.1579082792194048,0.3235765930002355,0.2861076379973908,0.5867350126983124,0.2881509612851743,0.0272434433129059,-0.3571819820837146,-0.1014622540406832,-0.6362684882117929,-0.6154030711826622,-0.1154991710467478,0.4208573790559796,0.4016072036310497,0.9968262956829548,0.9959949919380576,-1.2714643222365924,-0.3770924115782267,0.9964931084729888,-1.1829051101762815,1
0.977256825830732,-0.0618857348570908,-1.0436927901772273,-0.853601613529745,0.5867350126983124,-0.8516242934137485,-0.8258536577162056,-0.0063178550521685,-0.8100045363472018,-0.8155603040109187,1.077491975100083,-0.3526213755072752,0.4208573790559796,-0.7131177570244986,0.9968262956829548,0.9960685599582196,2.261673631334201,-0.3413315139857663,0.9964931084729888,-0.652371062151611,1
-0.8484196705403781,-0.6562829573207402,0.0055998596036499,0.530898987039507,0.5867350126983124,0.5338535006997404,-0.2506393217254634,-0.6883034158121842,0.5986272431435822,0.0778201747134251,-0.7584408538345371,-0.0027692347763846,0.4208573790559796,0.0578165666717121,0.9968262956829548,0.9960490572055324,1.857886436640396,-0.3592119627819966,0.9964931084729888,-0.1660481847956632,1
-0.30920043756125,-0.5390529798477309,-0.988093791594336,-0.8043997611334056,-1.1060962218902877,-0.8025010914115726,-0.8074466213518353,-0.3718944361064368,-0.7725139482167376,-0.7915179018923115,-0.2241403066274859,-0.3515853995154177,0.4208573790559796,-0.7892436637577394,-1.0030969190222077,-1.0040002090261138,2.3063231769013046,-0.3413315139857663,-1.0026668657945366,-0.1660481847956632,1
2.991460342917508,0.8653503683716346,1.2154838539444106,0.1216196931078086,0.1635272040511625,0.122441938746148,1.06532013602709,0.6946794511161382,0.1145312669655987,1.5350243031216924,3.0941025427563424,-0.1540836614775047,0.4208573790559796,0.1720054267715731,-1.0030969190222077,-1.0040002090171949,-0.9996844796542236,0.3744824528233157,-1.0026668657945366,-0.652371062151611,1
-0.5700227776615245,0.3386991127893725,0.029430559467527,0.5762983037728393,0.5867350126983124,0.5799953677100069,-0.218422903847114,0.0083256709125946,0.4886913142888656,0.1802935837433424,-0.7228085095824373,0.0527322848989247,0.4208573790559796,0.1242932607998671,0.9968262956829548,0.9960696890864068,0.1728514126297099,-0.3413315139857663,0.9964931084729888,-0.1660481847956632,1
-0.6514249107586699,-0.6503920036788804,-0.988372322102152,-0.79192598141297,0.5867350126983124,-0.7898886304273851,-0.8083019040210412,-0.6911158926551375,-0.7478517045659282,-0.8032459029257785,-0.5326067231823836,-0.3517146935783752,0.4208573790559796,-0.6895741991432637,0.9968262956829548,0.9960316831617456,1.4696295186655832,-0.3592119627819966,0.9964931084729888,-0.9176380861639462,1
-0.5679457850604197,-0.4330158142942554,-0.0642122644379243,0.7570403705028246,0.5867350126983124,0.7603945557265298,-0.3035222185821863,-0.5409026551027346,0.9551358862409672,-0.7668890997220309,-0.5107518579455493,0.1220493101169915,0.4208573790559796,-0.0292607406025232,0.9968262956829548,0.9960276940835768,0.6212881528906182,-0.3770924115782267,0.9964931084729888,-0.1660481847956632,1
0.6145020796146995,1.88625263450593,1.273137865906963,1.0204572198906574,0.5867350126983124,1.0180321036544042,1.1156194110793292,-0.7098949388252892,0.5668049932715701,0.8216686402610656,0.6791175110204429,0.2812552406449061,0.4208573790559796,1.9015974870046377,0.9968262956829548,0.9960019176521754,-0.3124697348388056,-0.3413315139857663,0.9964931084729888,-0.652371062151611,1
0.1570045170559636,-0.4006155692640267,0.0267616259586868,0.5696746563000705,0.5867350126983124,0.5726631579089534,-0.2317377622823523,-0.1595189693791257,0.6185161493135898,-0.79870130252531,0.2369776325205904,0.0179330784292982,-2.376101857220821,0.062413290085471,0.9968262956829548,0.9960660965411268,0.3495083103082495,-0.3711322619794833,0.9964931084729888,2.2655662019840763,1
-0.7881868851083392,-0.4394958633003011,-0.8634583815853136,-0.7097882427427729,0.5867350126983124,-0.7077529036923709,-0.762849147759014,-0.5684267207257194,-0.6568599588381437,-0.7498834982235039,-0.7496835255167179,-0.3483865412397511,-2.376101857220821,-0.6279546660160494,0.9968262956829548,0.9960588903652264,-1.3918239668087844,-0.3538478281431275,0.9964931084729888,-0.4755263794767207,1
-0.4515543150677398,-0.3098948831793864,1.547906254235578,2.676167028461764,0.1635272040511625,2.674019815670688,1.8187718003435176,-0.3050471148746502,2.058472956022136,0.5050126123574583,-0.4245824829122273,2.2021643913247804,0.4208573790559796,0.0438831557574857,-1.0030969190222077,-1.004000208983064,-0.3085871656590577,1.3418147326993692,-1.0026668657945366,0.8065975699162331,1
1.033175857398938,1.4874350729520247,-0.993697977756035,-0.8103382865449485,-0.6828884132431379,-0.8082553754043229,-0.8097396122906583,0.996537833481752,-0.768337277921036,-0.7434330976550971,0.7072450794059676,-0.3518972910369757,0.4208573790559796,-0.6878032235504274,0.9968262956829548,0.996035296519334,0.6853505443564625,-0.3413315139857663,0.9964931084729888,0.3202746925602845,1
-0.3312485128652854,-0.5508348871314505,0.5310048152942319,0.091325252525134,-0.2596806045959874,0.092182713045072,0.2892059025883536,-0.5291027878886314,-0.1014622540406832,0.0335469708120875,-0.2425093568106937,-0.1484230912185267,0.4208573790559796,-0.3872322041839099,-1.0030969190222077,-1.0040002090177185,0.9454826793995864,0.5216981479122778,-1.0026668657945366,-0.652371062151611,1
0.2262642318697272,-0.0601184487645329,1.7598290740141065,0.6513336346554512,0.1635272040511625,0.6515401298995274,1.9204005305507597,-0.3576046568037829,0.8596691366249312,0.8822144455963385,0.2519704416980012,0.1084419488042765,0.4208573790559796,0.3001407196650198,-1.0030969190222077,-1.004000208921473,-0.3474128574565389,2.4048074136352544,-1.0026668657945366,-0.652371062151611,1
-0.8231762220038737,-0.6845595348016669,0.0036557020402175,0.5775669379698779,0.5867350126983124,0.5806669865558842,-0.2498959063767203,-0.7120287780625427,0.6185161493135898,-0.8155603040109187,-0.7376929406088573,0.0221355038171057,0.4208573790559796,0.0381144632014088,0.9968262956829548,0.9960567022139868,1.9277726818758625,-0.3413315139857663,0.9964931084729888,-0.652371062151611,1
-0.0772163408840072,-0.4984053997188987,0.4581100477674321,0.0683935748555519,0.1635272040511625,0.0692776916298541,0.2317460135761357,-0.5564669367830294,-0.0862472408206274,-0.3860222661601922,0.0426807963712372,-0.1586634403907987,0.4208573790559796,-0.4398145530359157,-1.0030969190222077,-1.0040002090117095,1.5938717324175231,0.5216981479122778,-1.0026668657945366,-0.652371062151611,1
0.2419215607088248,-0.3499533679440328,2.3050610694120004,3.57521934070524,0.1635272040511625,3.572027050991873,2.966512465032324,-0.1075179835747933,3.2827842975823747,5.408050044411231,0.368179026213221,5.679811619004791,0.4208573790559796,1.3649528167371754,-1.0030969190222077,-1.0040002090147455,-0.9996844796542236,0.9198361411083366,-1.0026668657945366,0.3202746925602845,1
-0.5909524723341959,-0.3805863268817036,0.2769848720847498,2.4551112813431386,0.5867350126983124,2.467091116251132,0.2020575576828194,-0.0426847023981866,3.040239086839133,2.71896600745018,-0.5427544310620861,3.294244452878807,0.4208573790559796,0.8773876097741244,0.9968262956829548,0.9959779559318732,-0.7744954672288327,-0.3753043666986037,0.9964931084729888,0.3202746925602845,1
-0.8306853491001758,-0.5997298023588864,-0.2099378368828067,0.1861532521182678,0.1635272040511625,0.1869004826186484,-0.3015432921467416,-0.6638357069011165,0.0435775942040968,-0.1167180424292075,-0.7571344112820072,-0.022385517618835,0.4208573790559796,-0.464868648922805,-1.0030969190222077,-1.0040002089820432,-0.7473174829705956,-0.3449076037450124,-1.0026668657945366,-0.652371062151611,1
0.0871057275957063,-0.4247684791956517,1.7370087127189269,0.7642732698538397,-0.2596806045959874,0.7643484817401509,1.833346510272892,-0.3756209126214937,1.0505031913261538,1.37830888931199,0.2064608117388088,0.2439382368255181,0.4208573790559796,0.4487333850315966,-1.0030969190222077,-1.0040002090028266,-0.9996844796542236,2.2477574717083657,-1.0026668657945366,-0.652371062151611,1
-0.7947374002349005,-0.5620276990509839,0.3039963214719993,0.2458960647831992,0.1635272040511625,0.2465738490078304,0.0992459471035403,-0.6304942810231434,0.1317351708026552,-0.4578562724901772,-0.7289523548467773,-0.1015195022410715,0.4208573790559796,-0.5067079473035616,-1.0030969190222077,-1.0040002087892712,-0.1416366909298881,0.334549450511735,-1.0026668657945366,0.3202746925602845,1
-0.1917704712680176,-0.4471541030347187,1.5365370007790615,0.1335843843888342,-0.6828884132431379,0.1343927220236348,1.5148077920144831,-0.0063885264353073,0.5713297194252468,0.9703210533602592,-0.1085004458025343,-0.0952818262805067,0.4208573790559796,0.302067957810165,-1.0030969190222077,-1.004000209000811,-0.2581137663223319,2.712947147890288,-1.0026668657945366,0.3202746925602845,1
-0.813030911990785,-0.5237365003788955,-0.7897736531253516,-0.6949928231339857,0.5867350126983124,-0.6925563552704282,-0.7327533948766602,-0.6057068681314703,-0.6307060472245838,-0.6425722887672815,-0.7563457920605562,-0.346050069251396,0.4208573790559796,-0.5823390226211568,0.9968262956829548,0.9960001333526226,-0.4735963557983529,-0.3770924115782267,0.9964931084729888,-0.652371062151611,1
-0.740975245598611,-0.6421446685802766,1.7672016075603294,1.6799474822473068,0.1635272040511625,1.678958295572292,2.1071978634326407,-0.5444063906638941,1.0497076350793533,1.7285363201738968,-0.6011745148286176,0.93921221881604,0.4208573790559796,0.7040794173839945,-1.0030969190222077,-1.0040002090021227,-0.7997321668971954,-0.3890127107757135,-1.0026668657945366,-0.4313152088079983,1
1.5128013795925213,-0.0006198169817493,1.3000561006745075,-0.5433729581177392,-1.9525118391845877,-0.5417777113271594,1.1699736976114146,0.2096129249952454,-0.1014622540406832,0.6281566232088611,1.522721378338698,-0.2974878711942207,0.4208573790559796,0.1047604417612319,-1.0030969190222077,-1.0040002090204243,-0.9297982344187576,2.5666254752411377,-1.0026668657945366,0.8065975699162331,1
-0.5509304225975228,-0.609744423550048,0.0540016136386436,0.2680369830487914,0.5867350126983124,0.2656247829768394,-0.19579466600097,-0.6941224575069421,-0.1014622540406832,0.4581006082235905,-0.4078293883320686,-0.1232623583873138,0.4208573790559796,0.170104232385146,0.9968262956829548,0.9960373599081715,0.29709362638165,-0.3413315139857663,0.9964931084729888,-0.652371062151611,1
-0.861121279139442,-0.6939850606286425,-1.0286861929394475,-0.8056738635623737,0.5867350126983124,-0.8036570280858597,-0.8212574863545985,-0.4734496609198035,-0.7614756052923835,-0.7995809026028201,-0.7522549279501914,-0.3519549058966542,-2.376101857220821,-0.7060598984118718,0.9968262956829548,0.9959853175243816,-0.2581137663223319,-0.3890127107757135,0.9964931084729888,3.238211956695973,1
-0.6523835227284106,-0.6103335189142339,2.076299902562915,1.0837515435123728,0.1635272040511625,1.0834553872742418,2.411471931639618,-0.6959218556967305,1.4104923930032902,3.2959836582967528,-0.4603782913134422,0.5546055500710603,0.4208573790559796,0.8850574967166285,-1.0030969190222077,-1.0040002090303162,-0.9996844796542236,3.9738167955044537,-1.0026668657945366,-0.652371062151611,1
-0.6624489484106877,-0.6232936169263255,0.0348690048860911,0.3169142694478757,0.5867350126983124,0.3197665969627066,-0.2041701157344157,-0.6538064580886089,0.1865291073010259,0.9216498490713712,-0.5836476749939369,-0.0767419196254233,0.4208573790559796,0.1929185650222719,0.9968262956829548,0.9959801124890484,-0.9996844796542236,-0.3890127107757135,0.9964931084729888,0.8065975699162331,1
-0.3862888167945623,-0.5897151811677249,0.1784892107591604,0.2434994408844943,0.5867350126983124,0.2456381639452854,-0.1088391865599093,-0.6827737222069385,-0.1114067071256869,-0.3943784668965373,-0.2194372180793518,-0.1327617428418159,0.4208573790559796,0.2514649346207409,0.9968262956829548,0.9959926773013162,1.269677205908555,-0.3413315139857663,0.9964931084729888,-0.1660481847956632,1
0.0633800813446246,-0.3328696023826395,-1.051279135862516,-0.8635760622610429,-3.645343073773188,-0.8616086047881382,-0.8281499011346156,-0.2788929091465708,-0.8214406573949561,-0.8155603040109187,0.1501801126728359,-0.3526393757596571,0.4208573790559796,-0.802057193047084,-1.0030969190222077,-1.004000209035493,2.24226078543546,-0.3413315139857663,-1.0026668657945366,-0.652371062151611,1
0.230657870064372,-0.1420027043863834,1.0967368058655336,0.0292909858745482,0.5867350126983124,0.0318015005317008,0.892190982321925,-0.2628870522396055,-0.1014622540406832,0.6611416261154869,0.2179428415160893,-0.2084877543644283,0.4208573790559796,1.5973542976588564,0.9968262956829548,0.9960105962535886,-1.129750547175786,-0.2608694944027305,0.9964931084729888,-0.1660481847956632,1
-0.4378940944989352,-0.5973734209021425,1.2896498681421722,-0.2889257020107349,-1.5293040305374377,-0.2876262299505866,1.1522034871210916,-0.6841189231797427,0.0425334266301713,0.9028850474178244,-0.2540188174717077,-0.2292370154568342,0.4208573790559796,0.1084065679817772,-1.0030969190222077,-1.0040002090344655,-0.3474128574565389,1.816242640759344,-1.0026668657945366,-0.8734269154952237,1
2.4436136022107138,0.4594636624474975,1.2974482997398769,1.2426466752711345,0.5867350126983124,1.2424279053424736,1.1523583460106153,0.3659022564868232,1.3384945526678629,0.9735462536444628,2.4549164612753813,0.4419946493680447,0.4208573790559796,1.933110435053636,0.9968262956829548,0.9960404352987112,-0.0348660384868147,-0.3592119627819966,0.9964931084729888,-0.652371062151611,1
-0.2448136669270014,1.023227925973476,1.2896010512266685,1.9823787054022195,0.5867350126983124,1.9849107842983644,1.152482777016692,1.1151086085916253,2.299625943333477,-0.3999492673874341,-0.5425899205032373,1.1020270378343442,0.4208573790559796,1.8784576073835344,0.9968262956829548,0.9960705947270108,-0.7609064750997141,-0.3556358730227505,0.9964931084729888,-0.9176380861639462,1
-0.8563282192907387,-0.6869159162584108,-0.8236506131900148,-0.7384343607792796,0.5867350126983124,-0.7366267001250112,-0.746798326379854,-0.5431201489311203,-0.6991238844494098,-0.7611716992182158,-0.7624322342766474,-0.3498353926426815,0.4208573790559796,-0.607223834076378,0.9968262956829548,0.995959632491146,-0.2755853276311986,-0.3413315139857663,0.9964931084729888,-0.1660481847956632,1
-0.2269195768251755,0.1861234134652048,0.6149848948065152,0.1903123741839021,0.1635272040511625,0.1910547700351431,0.340101692472684,-0.7173973224978358,-0.127317832061693,0.0276829702953541,-0.2079235717794031,-0.1318351420982283,0.4208573790559796,-0.2832134318634983,-1.0030969190222077,-1.0040002090376186,-0.5415413164439452,0.1497848129506896,-1.0026668657945366,-0.652371062151611,1
0.2831418754076736,-0.441852244757045,-0.4148078984959688,-0.2462979239951866,0.1635272040511625,-0.2450480033420543,-0.5270956217098244,-0.4731949647100203,-0.335952457785072,-0.624980287217081,0.5081318434830306,-0.2682472603371955,0.4208573790559796,-0.66386900928842,-1.0030969190222077,-1.0040002090299824,1.5938717324175231,-0.3097427211124263,-1.0026668657945366,-0.652371062151611,1
-0.3383582183075287,-0.5696859387854017,1.4231247220993544,0.5277639027449473,0.1635272040511625,0.5281140379901165,1.433728081765382,-0.568121403566885,0.6185161493135898,0.274117592011078,-0.2487042519213282,0.0442271908614357,0.4208573790559796,0.0459145689375037,-1.0030969190222077,-1.0040002089691895,-0.2425834896033394,1.793892079764056,-1.0026668657945366,-0.4313152088079983,1
-0.4783155658896669,-0.585591513618423,2.238800525942286,0.9883393351207436,0.1635272040511625,0.9881540879985076,2.73725316051277,-0.6100319486159629,1.3384945526678629,1.7333741206002016,-0.3170064049823061,0.3383355233909776,0.4208573790559796,0.68782811194385,-1.0030969190222077,-1.004000209035148,-1.009390902603594,3.9803729600630713,-1.0026668657945366,-0.652371062151611,1
-0.3441098901259728,0.4482708505279639,-0.8867739794917157,-0.7912294890092981,0.1635272040511625,-0.7893461286830027,-0.7711407067252618,0.193571112225895,-0.770922835723137,-0.7683550998512143,-0.5131171924050357,-0.3515885749621631,0.4208573790559796,-0.7789824228227763,-1.0030969190222077,-1.004000208782421,0.528106492576663,-0.3306032447080282,-1.0026668657945366,-0.4313152088079983,1
0.4810952471591226,3.346030946958777,-0.7415282041701529,-0.6791750503762845,0.1635272040511625,-0.6774219444370374,-0.7075645104493844,0.5267094393219803,-0.6732683064284,-0.6715990913251121,-0.1576523290705417,-0.3450828647908135,0.4208573790559796,-0.7327026635805701,-1.0030969190222077,-1.0040002089008806,-0.2018165132159842,-0.3413315139857663,-1.0026668657945366,-0.1660481847956632,1
-0.3328461994815199,-0.5802896553407493,1.0766717853805652,2.5743256038303604,0.5867350126983124,2.5784781725243766,0.8699720251148737,-0.5579833422077278,2.7784513593764086,-0.8155603040109187,-0.2627832464270055,1.7764149956843684,0.4208573790559796,1.4987786709105444,0.9968262956829548,0.9960704235968024,2.24226078543546,-0.3592119627819966,0.9964931084729888,-0.652371062151611,1
-0.8455438346311561,-0.6427337639444626,0.329946529748258,0.1167127146489764,-0.2596806045959874,0.1175406642601274,0.151068836164372,-0.578806477530522,-0.2207956910607284,0.271038991739793,-0.752792857296868,-0.1376141547545835,0.4208573790559796,-0.2301102078371289,-1.0030969190222077,-1.0040002090203295,-0.3959449722033905,-0.3413315139857663,-1.0026668657945366,0.0992188392166722,1
0.300636543855441,-0.3764626593324017,1.7787142646817178,0.0219453806163224,-0.2596806045959874,0.0228834897281342,1.888790654641096,-0.4601766681280991,0.4745204686427351,2.015139345429245,0.4094632536677152,-0.1768562289022046,0.4208573790559796,0.5557341677252401,-1.0030969190222077,-1.0040002090343156,-0.9996844796542236,3.9738167955044537,-1.0026668657945366,-0.652371062151611,1
-0.5836031138995174,0.2915714836544945,-0.992618981448732,-0.799401329716655,0.1635272040511625,-0.7975084702744355,-0.8089323496167978,1.7429333563877911,-0.7843478473878921,-0.8014867027707584,-0.7114719307581417,-0.3518151066487743,-2.376101857220821,-0.7921605647341755,-1.0030969190222077,-1.0040002089166673,-0.6696660993756332,-0.3890127107757135,-1.0026668657945366,2.2655662019840763,1
0.4847699263764618,-0.2757273520565999,1.8521618534280917,0.1898939630190522,-0.2596806045959874,0.1906368452400476,2.0163638258158976,-0.2202504728217717,0.4745204686427351,1.7317615204581,0.5401293340380037,-0.1017946294940847,0.4208573790559796,0.5932632240381378,-1.0030969190222077,-1.0040002090190288,-1.00744961801372,3.1107871336064097,-1.0026668657945366,-0.652371062151611,1
-0.2216472109916018,1.3790415259418054,-0.6692645839299569,-0.5224972673584561,0.5867350126983124,-0.5512759793041601,-0.6685568042804384,0.9450469063526818,-0.4250050351612808,-0.5386328796081807,-0.6197766901517843,-0.335279563856206,0.4208573790559796,-0.5003272264176074,0.9968262956829548,0.996014879778369,-1.015214756373216,-0.3890127107757135,0.9964931084729888,-0.652371062151611,1
-0.7134950357993785,-0.6356646195742309,-0.6058673826813545,-0.5156101385532831,0.1635272040511625,-0.5140471638358958,-0.6306993397410525,-0.6329841500991392,-0.5466754186563019,-0.3153610599335539,-0.6331912144765593,-0.310865323953784,0.4208573790559796,-0.6782060984627781,-1.0030969190222077,-1.0040002088800222,-0.3357651499172944,-0.3413315139857663,-1.0026668657945366,0.3202746925602845,1
0.4814946688131812,-0.153195516305917,-0.5955800422464611,-0.3734394674351928,0.5867350126983124,-0.378257170130963,-0.608279529115992,-0.2034301819678791,-0.4246569793033057,0.2640021911197128,0.545461838040961,-0.2819018042590708,0.4208573790559796,-0.3733508807871199,0.9968262956829548,0.9959860110587894,-0.7997321668971954,-0.3770924115782267,0.9964931084729888,-0.4313152088079983,1
-0.661490336440947,-0.634486428845859,-0.1501246209090358,0.5038102216712639,0.5867350126983124,0.5068711883032665,-0.3625285449285342,-0.6645824180194264,0.6185161493135898,0.0395575713417392,-0.5973396473852484,-0.016333416009101,0.4208573790559796,-0.0582083784177805,0.9968262956829548,0.9960433539016668,0.6212881528906182,-0.3413315139857663,0.9964931084729888,-0.1660481847956632,1
-0.0276880557807392,-0.4630596778677401,1.2510345500463302,0.2752462559670989,0.5867350126983124,0.2725714729057071,1.090663432890557,-0.5337530639158268,0.6185161493135898,0.1046479770774808,0.1496541422945448,-0.1193062347660107,0.4208573790559796,1.8300943474438736,0.9968262956829548,0.9960646774837876,0.6212881528906182,-0.1208059788322606,0.9964931084729888,-0.652371062151611,1
-0.1232297154315595,2.012319042441729,-0.7485271917441249,-0.8039827764813304,0.1635272040511625,-0.8020845914710442,-0.7143990974264677,0.8182325003631215,-0.7667461654274353,-0.739474897306302,-0.6737148515417553,-0.3518202604000571,0.4208573790559796,-0.7548398584910232,-1.0030969190222077,-1.0040002086263948,-1.0229798947327124,-0.2549093448039871,-1.0026668657945366,-0.1660481847956632,1
1.2883264100115803,0.2638840015377537,0.1522178652949575,0.2690059604321785,0.5867350126983124,0.2718220186062463,-0.1261255151601744,0.1503310657865126,-0.1014622540406832,-0.8023663028482685,1.2281178726794677,-0.1219513821156344,0.4208573790559796,0.1998462048413078,0.9968262956829548,0.9960071502174322,1.6016368707770197,-0.3890127107757135,0.9964931084729888,-0.652371062151611,1
1.754531364628794,0.0441514306963847,-1.051279135862516,-0.8635760622610429,-3.645343073773188,-0.8616086047881382,-0.8281499011346156,0.0487655179599956,-0.8214406573949561,-0.8155603040109187,1.8574700944572853,-0.3526393757596571,0.4208573790559796,-0.802057193047084,-1.0030969190222077,-1.004000209038326,2.24226078543546,-0.3413315139857663,-1.0026668657945366,-0.652371062151611,1
-0.4894194878724963,-0.3305132209258956,1.061080056347308,1.1086789574575402,0.5867350126983124,1.1100155510056564,0.8396286769766608,-0.1086516588979101,1.0505031913261538,0.9838082545487462,-0.4525211743408185,0.3761940348325982,0.4208573790559796,1.5603851821583996,0.9968262956829548,0.9960434132910988,-1.061805586530194,-0.346099633664761,0.9964931084729888,1.292920447272181,1
-0.5677860163987963,-0.1172606990905725,1.3994222490896313,0.4374571439122937,0.5867350126983124,0.4412803845054295,1.3075639144999784,-0.2313150105662477,0.6185161493135898,0.6721366270843622,-0.5836416955097443,-0.0463268486461243,0.4208573790559796,2.127605225161005,0.9968262956829548,0.9960456257593064,-0.6949027990439959,-0.2078241629739142,0.9964931084729888,-0.652371062151611,1
-0.5665877514366205,-0.5738096063347035,2.11612862438794,3.1442311666164,-0.2596806045959874,3.141539866432104,2.5235193016851274,-0.5703622448733542,2.7784513593764086,1.7473011218274437,-0.4743402374160495,3.298205276244384,0.4208573790559796,0.7684856326940539,-1.0030969190222077,-1.00400020892314,-0.6813138069148774,0.9532129788612996,-1.0026668657945366,-0.652371062151611,1
2.4790822450911185,0.2727204320005433,1.184786480785263,2.47086322525438,0.5867350126983124,2.4771511403522206,1.0252295742407085,0.3411484456174193,3.138440561053545,2.4396929828407483,2.594650803141504,1.7522925287329354,0.4208573790559796,1.8421656296097504,0.9968262956829548,0.9960482874888436,-0.9996844796542236,-0.3413315139857663,0.9964931084729888,-0.652371062151611,1
-0.8536121520431402,-0.6627630063267859,-0.485241531995799,-0.4034511443158681,-0.2596806045959874,-0.4020185455231169,-0.5581236466219416,0.3831950494720897,-0.5340459632383472,-0.6032834853051672,-0.7611433564589333,-0.3050448205997362,0.4208573790559796,-0.6611865021404473,-1.0030969190222077,-1.0040002088690865,-0.8948551118010243,-0.3592119627819966,-1.0026668657945366,-1.4039609635198942,1
-0.4592232108256652,-0.5820569414333071,0.2741747552477824,0.6582082032777539,0.5867350126983124,0.6605772665464847,0.0322452071098331,-0.1373189433643324,0.4106770798370109,1.3372608856948558,-0.3638077530142039,0.1252694751679772,0.4208573790559796,0.5372430990353321,0.9968262956829548,0.996062389531503,0.0660807601866365,-0.3592119627819966,0.9964931084729888,-0.1660481847956632,1
0.8874668379983558,0.4152815101335493,1.9694463082765712,0.2732971300124676,0.1635272040511625,0.2739430626745955,2.2215867957241286,0.1769589424463068,0.6185161493135898,1.3554392872967298,0.804099418973697,-0.0924418047887234,0.4208573790559796,0.5283491554330737,-1.0030969190222077,-1.0040002089383937,-1.00744961801372,3.542301964555432,-1.0026668657945366,-0.652371062151611,1
0.152530994530507,2.61673088609654,-0.9812144323313072,-0.8029003847349471,0.1635272040511625,-0.8011773854810335,-0.8050858166733824,3.858991985616281,-0.7677406107359358,-0.739035097267547,-0.5357209132934401,-0.3518781856311009,0.4208573790559796,-0.6821777716673006,0.9968262956829548,0.9959689482236742,-0.1979339440362361,-0.3592119627819966,0.9964931084729888,-0.4313152088079983,1
-0.6925653411267071,-0.2916329268896213,0.6225498521005761,3.2764770897307183,-1.1060962218902877,3.273632064162001,0.9621800268236768,-0.540889197439928,2.7829263632646604,2.806339615149508,-0.6656636255635293,5.808025701217146,0.4208573790559796,0.4494495883963466,-1.0030969190222077,-1.0040002090215847,0.29709362638165,-0.3413315139857663,-1.0026668657945366,-0.652371062151611,1
-0.3564919614017898,-0.488979873891923,-0.948598726035036,-0.794421681654471,-1.1060962218902877,-0.7925346106577069,-0.7928816267109561,-0.5454750880616349,-0.7670444990199855,-0.7438728976938521,-0.262705363645397,-0.3511568847836464,0.4208573790559796,-0.7780969350263582,-1.0030969190222077,-1.0040002088717823,0.6387597141994849,-0.3413315139857663,-1.0026668657945366,-0.1660481847956632,1
-0.6874527439547569,-0.0866277401529018,-0.6521946735720345,-0.7359082760437825,0.1635272040511625,-0.7340892222346899,-0.6696260126787081,-0.2385807299453489,-0.718366401168892,-0.6421324887285264,-0.7359745863390099,-0.3493508998566489,-2.376101857220821,-0.7269339710244933,-1.0030969190222077,-1.0040002087667694,-0.0271009001273186,-0.3085506911926776,-1.0026668657945366,1.5139763006157936,1
-0.8577661372453496,-0.6869159162584108,-1.0099955120789734,-0.8352237989229989,-0.2596806045959874,-0.8332892987048677,-0.814823368818589,0.4333152744502074,-0.797424803194672,-0.7635172994249092,-0.762808044858152,-0.3522506133547959,0.4208573790559796,-0.7925121554768709,-1.0030969190222077,-1.004000208800332,-0.5784257236515522,-0.3556358730227505,-1.0026668657945366,0.8065975699162331,1
0.7503853263254397,-0.057172971943603,0.9799895938011792,0.8793839152672973,0.5867350126983124,0.8795661621740736,0.7384118042949169,0.1153746172293882,0.6185161493135898,1.1803988718722356,0.7376732543345939,0.1917811694895183,0.4208573790559796,1.4361304093139622,0.9968262956829548,0.9960019960624904,0.0078422224904146,-0.3413315139857663,0.9964931084729888,-0.652371062151611,1
-0.5784106323967554,0.2744877180931012,-1.0505220378404794,-0.8386226069639585,0.1635272040511625,-0.8366841559013675,-0.8277763364440713,-0.0970392346918463,-0.8035406418419493,-0.8094031034683485,-0.715787249756386,-0.3524220814157148,-2.376101857220821,-0.8007550051111749,-1.0030969190222077,-1.0040002088370603,-1.224873492079615,-0.368748202139986,-1.0026668657945366,2.2655662019840763,1
-0.5619544602495405,-0.1184388898189444,-0.7786702173662818,-0.6960640045786302,0.1635272040511625,-0.6942912665712174,-0.724597366086678,0.2284328686436433,-0.6792349782794022,-0.7053170942963296,-0.5886204382791571,-0.3458477659562923,0.4208573790559796,-0.7432634077407921,-1.0030969190222077,-1.0040002088449438,0.6562312755083516,-0.3413315139857663,-1.0026668657945366,-0.652371062151611,1
-0.7472062234019256,-0.2827964964268316,-0.7360270693103215,-0.6679400693405741,0.1635272040511625,-0.6662000231746493,-0.7074395149693578,-0.4386316184248333,-0.6633238533433962,-0.7444592977455254,-0.7493818605392014,-0.3445295527604842,0.4208573790559796,-0.7502301131979053,-1.0030969190222077,-1.0040002089923987,-0.5881321466009225,-0.3180869305506671,-1.0026668657945366,0.3202746925602845,1
-0.6515846794202934,0.0588788148010341,-0.6116750122934388,-0.5118735513440945,0.5867350126983124,-0.5094053093452591,-0.6505729071015223,-0.3770571092873834,-0.5166431703395906,-0.6589914902141352,-0.733952549015731,-0.3303463830479387,0.4208573790559796,-0.474973627305459,0.9968262956829548,0.9960228302050002,-0.0503963152058071,-0.3413315139857663,0.9964931084729888,-0.652371062151611,1
-0.5419833775466099,-0.4506886752198346,0.5402136085189292,0.2122981844580893,0.1635272040511625,0.2130150235507051,0.3173413780697857,-0.6039548109639785,-0.1734600943761104,0.0335469708120875,-0.4444265223586438,-0.1215283337404603,0.4208573790559796,-0.2363867536882103,-1.0030969190222077,-1.004000208938295,0.6135230145311219,-0.3413315139857663,-1.0026668657945366,-0.652371062151611,1
-0.0375937128013929,-0.4112192858193743,-1.0211383652717836,-0.8244409912558429,0.5867350126983124,-0.822465991132703,-0.8187316780680403,0.0177283259939909,-0.7766906185124391,-0.809989503520022,0.0626433790917718,-0.3523628287399664,0.4208573790559796,-0.7036508507304401,0.9968262956829548,0.9960218858728496,2.302440607721556,-0.3413315139857663,0.9964931084729888,-0.652371062151611,1
-0.5581200123705778,-0.609744423550048,-0.5667510067020418,-0.1520944940986232,0.5867350126983124,-0.1492342610939278,-0.6272921228126962,-0.6944793721753829,-0.1014622540406832,-0.6032834853051672,-0.4064469315867404,-0.2608329718871586,0.4208573790559796,-0.4398926843120703,0.9968262956829548,0.9960395886589892,1.935537820235358,-0.3592119627819966,0.9964931084729888,-0.652371062151611,1
-0.6574162355695491,0.0447405260605707,-0.9052182938210168,-0.7582612910713585,0.5867350126983124,-0.7562184261053099,-0.7792138716366266,1.755772645689256,-0.7398961420979252,-0.7739259003421112,-0.7279805391783757,-0.3506456090685811,-2.376101857220821,-0.6497923577012434,0.9968262956829548,0.996043329256871,0.0971413136246214,-0.3890127107757135,0.9964931084729888,2.751889079340024,1
-0.7157317970621067,-0.6503920036788804,1.0139516684499286,0.3116949463792421,0.5867350126983124,0.2956283430909646,0.7977673446870854,-0.6724638950381566,0.1875732748749514,0.7067342301330898,-0.6119523855986674,-0.1120588537581059,0.4208573790559796,1.4824231904355276,0.9968262956829548,0.996020102733364,-0.7531413367402178,-0.3592119627819966,0.9964931084729888,-0.4313152088079983,1
-0.4063397838283047,0.1036500624791682,-0.4851164882877452,-0.4932852377542469,0.1635272040511625,-0.4917482139612938,-0.5759194486039103,-0.2909194226789855,-0.5400126350893495,-0.5974194847884337,-0.4846332467616321,-0.3227961930563726,0.4208573790559796,-0.6724894934241376,-1.0030969190222077,-1.0040002088729802,-1.2015780770011262,-0.3216630203099132,-1.0026668657945366,0.0550076685479494,1
-0.5403856909303754,-0.609155328185862,-0.6004766270227071,-0.5837092782334475,0.5867350126983124,-0.6145629557537144,-0.6341959544061909,-0.4577583232249765,-0.604452691080174,-0.5269048785747138,-0.4374749982669887,-0.3416866073589834,-2.376101857220821,-0.4567429962027328,0.9968262956829548,0.9959707515916908,-1.1239266934061638,-0.3610000076616195,0.9964931084729888,2.530833225996412,1
-0.8589644022075255,-0.683381344073295,-0.7593803190774802,-0.7031026572274168,0.5867350126983124,-0.7009486128963118,-0.7201822753556141,-0.7164149030181656,-0.6498988416786411,-0.7324380966862218,-0.7629338382568538,-0.3479954038569479,0.4208573790559796,-0.5725986568605574,0.9968262956829548,0.9959924129552526,0.8697725803944985,-0.3770924115782267,0.9964931084729888,0.3202746925602845,1
2.2458199991208883,0.1619705035335798,1.5840884346178432,0.9792347615131124,0.5867350126983124,0.9750610032056398,1.566862662773131,0.3113138311371768,1.3384945526678629,0.8826542456350939,2.294955617205173,0.2537842007189907,0.4208573790559796,2.483154619181601,0.9968262956829548,0.99601963833472,-0.0212770463576962,-0.1804074748196946,0.9964931084729888,-0.652371062151611,1
-0.8580856745685965,-0.6774903904314352,-0.6159617349434457,-0.6434672794070673,0.1635272040511625,-0.641755680916139,-0.6408766375956092,-0.7209614472470204,-0.6349821620511354,-0.7217362957431832,-0.7603836629922639,-0.3427062934597267,0.4208573790559796,-0.7386406405683152,-1.0030969190222077,-1.0040002089976006,0.2019706814778209,-0.2295787090093276,-1.0026668657945366,0.3202746925602845,1
-0.6322526713638565,0.0912790598312628,-1.0862168665642409,-0.8424345264472594,0.1635272040511625,-0.8404916443309607,-0.8382411239026895,0.6340245806845061,-0.8103028699397519,-0.8146807039334086,-0.7169150552186621,-0.3524682973756098,-2.376101857220821,-0.8053647504042928,-1.0030969190222077,-1.0040002089181723,-1.2559340455176,-0.3866286509362162,-1.0026668657945366,1.7350321539594062,1
-0.7934592509419129,-0.4495104844914627,-0.917226801557604,-0.7432874005468074,0.5867350126983124,-0.7411737720199916,-0.7832424398270003,-0.0754178556988719,-0.7251286292666946,-0.7554542987144007,-0.7498320409553515,-0.3500268287202125,-2.376101857220821,-0.6546495187021841,0.9968262956829548,0.996002956510891,-0.7065505065832405,-0.3890127107757135,0.9964931084729888,2.2655662019840763,1
0.5966878738436853,-0.3375823652961273,0.8701396051479622,0.6107677004808592,0.5867350126983124,0.6125261445935929,0.6237382784559333,-0.0307521963155003,0.6185161493135898,-0.3980434672194957,0.6404265111167253,0.0376915092706553,0.4208573790559796,1.182008433621319,0.9968262956829548,0.995993839670912,0.29709362638165,-0.3866286509362162,0.9964931084729888,1.292920447272181,1
-0.4733627373793401,0.7009927617637475,-0.7363100286337421,-0.7435605465371699,0.5867350126983124,-0.7450145471584266,-0.7080217894966327,-0.0502339346431677,-0.7319405796299222,-0.7010656939216977,-0.7132283294961644,-0.3502020253369032,-2.376101857220821,-0.5553186229510448,0.9968262956829548,0.99597550416292,-1.0171560409630902,-0.3413315139857663,0.9964931084729888,1.558187471284516,1
-0.4078575861137274,-0.488979873891923,-0.9933815273709222,-0.8062774538268329,0.5867350126983124,-0.8042185991291675,-0.8097927761267694,-0.4990197438644967,-0.7590889365519824,-0.7771511006263144,-0.3470770814997674,-0.3519052174391084,0.4208573790559796,-0.6898085929717274,0.9968262956829548,0.9959694444130092,0.986249655786942,-0.3413315139857663,0.9964931084729888,-0.1660481847956632,1
-0.7554343094755329,-0.6274172844756273,1.2343491069008723,1.6566237816405334,0.5867350126983124,1.658369247423738,1.069711102391275,-0.7020606004942863,1.3384945526678629,-0.178729847893664,-0.638430588013217,0.7865632846824412,0.4208573790559796,1.7963807017831896,0.9968262956829548,0.9960412491671926,1.609402009136516,-0.3413315139857663,0.9964931084729888,-0.652371062151611,1
-0.8365967895802431,-0.6073880420933041,-0.5389428449038562,-0.5845038113025626,0.5867350126983124,-0.5821785382197474,-0.6127346822813815,1.2242377719736652,-0.5961987950196207,-0.6444780889352199,-0.7586944587078556,-0.3385729436431062,0.4208573790559796,-0.4278083802668346,0.9968262956829548,0.9960175614908744,-0.8288514357453063,-0.3413315139857663,0.9964931084729888,0.3202746925602845,1
1.6937393888810732,0.0317804280484793,-1.057464547950714,-0.854550340077402,0.5867350126983124,-0.8525974247245972,-0.830056504988951,1.182238530208665,-0.8176120429572297,-0.8186389042822039,1.8213681364654093,-0.3526247100438983,0.4208573790559796,-0.7186520557521119,0.9968262956829548,0.9960147381423444,0.9454826793995864,-0.3890127107757135,0.9964931084729888,0.8065975699162331,1
2.42164541123749,0.1990835114772964,0.7131497582452233,0.5332969561968344,0.1635272040511625,0.5336406597067269,0.6011895853721659,0.4427008728591101,0.3320661782000562,1.0994756647413138,2.4471649569423093,0.0972386409377977,0.4208573790559796,0.0312258890204502,-1.0030969190222077,-1.004000208989572,-0.3357651499172944,-0.3413315139857663,-1.0026668657945366,-0.652371062151611,1
-0.6779465085881619,-0.609155328185862,0.0404117343373605,0.3293351089052281,-1.1060962218902877,0.3299159018666792,-0.024949561851032,-0.6667150366657119,0.152419633219463,1.206640274184618,-0.5760085102201332,0.0834538497161477,0.4208573790559796,-0.2453197629285461,-1.0030969190222077,-1.0040002090294706,0.3048587647411458,-0.3413315139857663,-1.0026668657945366,-0.652371062151611,1
-0.757431417745826,-0.3475969864872889,-0.5855872783905189,-0.4493268006223068,0.5867350126983124,-0.4470874827649584,-0.6376041796851932,-0.5515902457397305,-0.4161047496502024,-0.5361406793885689,-0.7431168559764088,-0.3215364282459432,0.4208573790559796,-0.458058206018001,0.9968262956829548,0.996031076467777,0.2932110572019016,-0.3413315139857663,0.9964931084729888,-0.652371062151611,1
0.3212467012048654,-0.1455372765714993,1.0242811290886569,0.7965960155503863,0.5867350126983124,0.7996436037604195,0.8098923053642021,-0.0663844906123955,0.6185161493135898,-0.350251863008118,0.4098006460632823,0.1426122584625203,0.4208573790559796,1.4365861750915303,0.9968262956829548,0.9959887848771752,0.992073509556564,-0.3413315139857663,0.9964931084729888,0.3202746925602845,1
-0.6697184225145545,-0.635075524210045,-0.8516861017162132,-0.7699899288586289,0.1635272040511625,-0.7681312578344472,-0.7550379122426696,-0.3681704108680995,-0.7458628139489275,-0.7831617011559663,-0.5246113306378061,-0.3508571665617448,0.4208573790559796,-0.7777713880423809,-1.0030969190222077,-1.0040002090060236,1.5938717324175231,-0.2960343770353165,-1.0026668657945366,-0.1660481847956632,1
1.309735410669122,0.7781642544721101,-1.0115329287992405,-0.7155344863847891,0.5867350126983124,-0.8186773335078876,-0.7942249523304797,0.1342229991989621,-0.6371699417298362,-0.3778126654367653,1.078334633909925,-0.3523058309508419,0.4208573790559796,-0.6616032022799383,0.9968262956829548,0.9960085386518264,1.2619120675490587,-0.3413315139857663,0.9964931084729888,-0.652371062151611,1
-0.2444941296037545,-0.4966381136263407,0.407099018187645,0.3101837592722168,0.1635272040511625,0.3107868141568725,0.1392746536501709,-0.3823813402575532,0.0425334266301713,0.0377983711867193,-0.1337145105152166,-0.0712231038607982,0.4208573790559796,-0.4030668094845635,-1.0030969190222077,-1.0040002089803597,0.9454826793995864,0.0901833169632557,-1.0026668657945366,-0.1660481847956632,1
-0.2511245290611276,1.5180680318896955,-1.016176905225387,-0.8248754911650299,0.1635272040511625,-0.8229530200329432,-0.8168630462464568,0.7881910152449891,-0.7934967442260955,-0.7932771020473315,-0.687705499168487,-0.3522823928724652,0.4208573790559796,-0.7939966497238072,-1.0030969190222077,-1.0040002088449127,-0.481361494157849,-0.3842445910967188,-1.0026668657945366,1.292920447272181,1
-0.7492832160030303,-0.2939893083463651,-0.7414329200235638,-0.6765149687383935,0.5867350126983124,-0.6745685470579471,-0.712835799610025,-0.5161586208114737,-0.6767488650081512,-0.7163120952652048,-0.7480254892936634,-0.3463525383450807,-2.376101857220821,-0.5610873155071218,0.9968262956829548,0.9960001379067692,-0.5201871859553303,-0.3413315139857663,0.9964931084729888,1.7792433246281287,1
0.2110862090154999,-0.6085662328216761,0.5356038212711373,0.8281703511168345,0.1635272040511625,0.8281712877200278,0.3926443422360395,-0.691142948868813,0.5668049932715701,-0.4062530679429226,0.7635822098540083,0.2329371613510659,0.4208573790559796,-0.4384863213412885,-1.0030969190222077,-1.0040002090354954,0.0311376375689032,0.490705369998812,-1.0026668657945366,-0.652371062151611,1
-0.5688245126993487,-0.5567258407733102,0.0112751571105843,-0.0042004503040513,0.1635272040511625,-0.0032319487399462,-0.16909920706212,-0.5856107336432043,-0.1014622540406832,-0.5900894841425168,-0.4640936438165119,-0.2023320085919417,0.4208573790559796,-0.6029526576465964,-1.0030969190222077,-1.0040002089595934,1.2599707829591849,0.1170039901576009,-1.0026668657945366,-0.652371062151611,1
-0.795456359212206,-0.4542232474049505,-0.9697509337279469,-0.7846508707375954,0.1635272040511625,-0.7827751575326551,-0.7998902595270527,0.858311781502864,-0.7694311677603864,-0.7652764995799293,-0.7563341320663806,-0.3510408612008124,0.4208573790559796,-0.782263936421267,-1.0030969190222077,-1.0040002086930668,-0.4716550712084787,-0.3770924115782267,-1.0026668657945366,0.0550076685479494,1
0.7223459262105252,-0.0636530209496487,-1.0617380757576371,-0.856031112026535,-0.6828884132431379,-0.8540724249591589,-0.8312711152823167,0.0241836594342551,-0.8214406573949561,-0.8202515044243056,0.722760420758259,-0.3526247206271636,0.4208573790559796,-0.8039323436747928,-1.0030969190222077,-1.0040002089709898,1.275501059678177,-0.3747083517387294,-1.0026668657945366,0.3202746925602845,1
0.180810047637857,-0.3741062778756578,-1.051279135862516,-0.8635760622610429,-3.645343073773188,-0.8616086047881382,-0.8281499011346156,-0.3170845724688379,-0.8214406573949561,-0.8155603040109187,0.2188784065615734,-0.3526393757596571,0.4208573790559796,-0.802057193047084,-1.0030969190222077,-1.004000209029217,2.24226078543546,-0.3413315139857663,-1.0026668657945366,-0.652371062151611,1
-0.7909029523559378,-0.630951856660743,-1.051279135862516,-0.8635760622610429,-3.645343073773188,-0.8616086047881382,-0.8281499011346156,-0.7102073069707843,-0.8214406573949561,-0.8155603040109187,-0.7421299421104208,-0.3526393757596571,0.4208573790559796,-0.802057193047084,-1.0030969190222077,-1.004000209038314,-0.9996844796542236,-0.3413315139857663,-1.0026668657945366,-0.652371062151611,1
-0.728593174322794,-0.2044468129900969,-0.8088057163889539,-0.7164299834792492,0.5867350126983124,-0.7144314007073345,-0.7415621546203857,-0.086296787685863,-0.6575560705540939,-0.7019452939992078,-0.7491550138576448,-0.3486729112822468,-2.376101857220821,-0.5986554374580967,0.9968262956829548,0.9959638323349652,-0.5531890239831895,-0.3413315139857663,0.9964931084729888,1.3371316179409032,1
-0.532157604856768,0.4824383816507506,-0.9788497671620068,-0.8184788182699688,-0.2596806045959874,-0.8165637827621848,-0.8044480331016014,0.6883263361345318,-0.7855909040235176,-0.7648366995411742,-0.7194440033143682,-0.3520784164467415,0.4208573790559796,-0.786730441041435,-1.0030969190222077,-1.0040002089015363,0.683409259766588,-0.3413315139857663,-1.0026668657945366,-0.1660481847956632,1
0.7243430344808183,0.4600527578116834,1.0389917686360557,-0.2422829116516812,-1.1060962218902877,-0.2410376581315797,0.8467844958608071,0.5167838454996796,-0.1014622540406832,0.1492143810046552,0.6211940981596589,-0.2336977711694833,0.4208573790559796,-0.1104261146477318,-1.0030969190222077,-1.0040002089002742,-0.3415890036869165,1.5486319237757653,-1.0026668657945366,-0.652371062151611,1
2.934422930717938,0.4223506545037809,0.4515185066262921,0.793266768024082,0.5867350126983124,0.79626697393567,0.1751345967936953,0.5291885824713025,0.6185161493135898,1.8028625267234928,2.923013131168189,0.1429883723302082,0.4208573790559796,0.7128561640720211,0.9968262956829548,0.9960613884430964,-0.9996844796542236,-0.3592119627819966,0.9964931084729888,-0.652371062151611,1
2.7315167304561623,0.3039424863023999,-1.0078266837141012,-0.8022157396222006,-3.2221352651260378,-0.8003196086519486,-0.8106538513464552,0.3548863202958414,-0.763166162316834,-0.6437450888706281,2.883283644347322,-0.345906150269457,0.4208573790559796,-0.7867955504382304,-1.0030969190222077,-1.0040002090290274,1.918066258926492,-0.3413315139857663,-1.0026668657945366,-0.652371062151611,1
-0.1799475903078826,-0.46600515468867,2.121780965806127,2.042029509606701,0.5867350126983124,2.0355080694291487,2.4500954715779955,-0.4597615105103363,2.634455678705554,3.2308932525610112,-0.0967866362692384,1.177839695282528,0.4208573790559796,3.737734564153777,0.9968262956829548,0.9960520011879292,-0.6754899531452553,-0.3592119627819966,0.9964931084729888,-0.652371062151611,1
-0.8568874096064207,-0.6892722977151547,-0.851654096111624,-0.6977930164910082,0.5867350126983124,-0.6960863404656227,-0.7577192015701238,-0.718812256038935,-0.6856988727846547,-0.7384486972158736,-0.7620677847151087,-0.3477168299480734,0.4208573790559796,-0.6201675821593136,0.9968262956829548,0.995988383954326,0.4892808007791818,-0.4009330099732003,0.9964931084729888,-0.1660481847956632,1
0.4284514731541973,-0.2798510196059017,-1.051279135862516,-0.8635760622610429,-3.645343073773188,-0.8616086047881382,-0.8281499011346156,-0.3817034053365497,-0.8214406573949561,-0.8155603040109187,0.4480787625835012,-0.3526393757596571,0.4208573790559796,-0.802057193047084,-1.0030969190222077,-1.0040002090313385,2.24226078543546,-0.3413315139857663,-1.0026668657945366,-0.652371062151611,1
-0.4477198671887771,-0.5743987016988895,-0.8741225677075986,-0.6926212020845657,0.5867350126983124,-0.690510041868957,-0.7675403694512231,-0.5072419628310658,-0.6349821620511354,-0.7932771020473315,-0.3293807232882267,-0.347371540382354,0.4208573790559796,-0.6357938373902217,0.9968262956829548,0.9959748124172174,1.021192778404675,-0.3592119627819966,0.9964931084729888,-0.6965822328203334,1
-0.8060010908793533,-0.4913362553486669,-0.949205401160633,-0.8063570920515226,0.1635272040511625,-0.8044561470879223,-0.7940744745715336,-0.6481445601293644,-0.781563400524091,-0.7774443006521512,-0.757443849588974,-0.3519727777906747,-2.376101857220821,-0.7847380934994941,-1.0030969190222077,-1.004000208924393,-0.9530936494972462,-0.3770924115782267,-1.0026668657945366,2.751889079340024,1
-0.6729936800778351,-0.1761702355091701,-0.1898951417878988,0.1449257818064081,0.5867350126983124,0.1433673144257634,-0.3848877426100432,-0.2917631630984497,0.0425334266301713,0.0335469708120875,-0.6869570919782311,-0.1655379879824503,0.4208573790559796,-0.1001778955921279,0.9968262956829548,0.9960610151216978,0.6135230145311219,-0.3413315139857663,0.9964931084729888,-0.652371062151611,1
-0.6675615455826379,-0.6863268208942248,1.530457851938792,0.6900251401047152,0.5867350126983124,0.694333752765438,1.4977321562738384,-0.7136236230255564,0.6185161493135898,0.6703774269293421,-0.5549094517852432,0.0862505317977673,0.4208573790559796,2.395074627196716,0.9968262956829548,0.996074229169534,0.3048587647411458,0.0901833169632557,0.9964931084729888,-0.652371062151611,1
-0.3271744119938876,1.2476732597283329,-1.0110547223948736,-0.7799181726702997,0.5867350126983124,-0.7814885328981627,-0.8133651641965758,1.1050341268109098,-0.7404430870176004,-0.7312652965828751,-0.688797352982055,-0.3513034716682923,-2.376101857220821,-0.692790603344959,0.9968262956829548,0.9960709308552416,-1.015214756373216,-0.3890127107757135,0.9964931084729888,2.751889079340024,1
0.2965624429840432,0.4276525127814548,-0.2084517743589684,-0.0110733340372695,-0.2596806045959874,-0.0100968432915772,-0.3586549117622404,-0.03008126541847,-0.2454579347115377,0.0684377738866516,0.2014130059269715,-0.1882468538722983,0.4208573790559796,-0.5237535873846105,-1.0030969190222077,-1.004000208934987,0.3359193181791313,-0.3413315139857663,-1.0026668657945366,-0.1660481847956632,1
0.828671970520928,0.3593174505358816,-0.549510018721311,-0.2339858246437945,0.5867350126983124,-0.2314657190228563,-0.6178938733445383,-0.0794987670769147,-0.1014622540406832,-0.8155603040109187,0.714607020343892,-0.2810292691989598,0.4208573790559796,-0.441872009974652,0.9968262956829548,0.9960296094549452,1.9277726818758625,-0.3413315139857663,0.9964931084729888,-0.652371062151611,1
-0.4050616345353172,-0.4489213891272767,-1.0329586253376877,-0.8375873160018199,-0.6828884132431379,-0.8355661056308752,-0.8225391432096533,-0.5553100996380603,-0.7901156301771942,-0.8023663028482685,-0.3551460964434663,-0.3524652450708192,0.4208573790559796,-0.7079090052808625,0.9968262956829548,0.9960159795495538,1.6016368707770197,-0.3413315139857663,0.9964931084729888,-0.652371062151611,1
-0.6118821670068673,-0.6162244725560937,-0.9829023801457232,-0.8148616754779731,0.1635272040511625,-0.8129508446114596,-0.8060674058229336,-0.07888229709671,-0.7888228512761438,-0.8052983031066352,-0.5120588237029462,-0.3521596265757852,-2.376101857220821,-0.7922647397690482,-1.0030969190222077,-1.0040002087606994,-0.6056037079097891,-0.3663641423004886,-1.0026668657945366,0.8508087405849555,1
0.3941012109051566,-0.4330158142942554,-1.051279135862516,-0.8635760622610429,-3.645343073773188,-0.8616086047881382,-0.8281499011346156,-0.4532268922033843,-0.8214406573949561,-0.8155603040109187,0.5697246415621536,-0.3526393757596571,0.4208573790559796,-0.802057193047084,-1.0030969190222077,-1.004000209021186,2.24226078543546,-0.3413315139857663,-1.0026668657945366,-0.652371062151611,1
0.4842906203915915,0.0400277631470829,0.4319158171272827,0.0573639939928564,0.1635272040511625,0.0582609317790899,0.2609289630281046,-0.1198309071758857,-0.2440657112796372,0.627570223157188,0.5056146301250525,-0.162768222543992,0.4208573790559796,-0.1470566612848522,-1.0030969190222077,-1.0040002089581723,-0.88320740426178,-0.3198749754302901,-1.0026668657945366,-0.1660481847956632,1
0.9973876771952862,0.1219120187689334,1.1789157847653058,-0.038246603291058,0.5867350126983124,-0.0453653246647093,0.9888843339671574,-0.0034590001414617,-0.1054400352746846,0.5572022169563862,1.0617408178399466,-0.2321446671501918,0.4208573790559796,1.723588396165876,0.9968262956829548,0.9960261149162452,-0.7084917911731144,-0.3413315139857663,0.9964931084729888,-0.652371062151611,1
1.818438829278172,0.0912790598312628,1.3704170876361566,-0.061115468531647,-1.1060962218902877,-0.0600808077782808,1.2728324188858582,0.2518460567439069,0.3305247879718807,0.6703774269293421,1.8409179852895496,-0.1529006534354946,0.4208573790559796,0.1595825538630012,-1.0030969190222077,-1.0040002090315594,0.3048587647411458,2.2477574717083657,-1.0026668657945366,-0.652371062151611,1
0.7003777352373014,0.061824291621964,0.9907245907665778,0.2626485515019646,0.5867350126983124,0.2653600772500548,0.757638913796839,-0.089454494266173,0.0432295383461216,1.1660320706062386,0.7069654637764113,-0.1248884751884692,0.4208573790559796,1.446404672128284,0.9968262956829548,0.9960614967120026,-1.00744961801372,-0.3413315139857663,0.9964931084729888,-0.652371062151611,1
1.5123220736076508,0.3062988677591439,-0.9193111056985424,-0.7993478674838026,0.1635272040511625,-0.7974550701871835,-0.7818016956198273,0.1291309767726841,-0.7687350560444361,-0.800020702641575,1.4776022086972824,-0.3517953327649649,0.4208573790559796,-0.7882540009264485,-1.0030969190222077,-1.0040002089158688,1.935537820235358,-0.3097427211124263,-1.0026668657945366,-0.652371062151611,1
0.0008306503190458,2.42056212982261,-0.6134983513371086,-0.6818574117704755,0.1635272040511625,-0.6801011877991049,-0.6454057984607487,0.4153096506337952,-0.6827155368591535,-0.711181094813063,-0.6524809557383221,-0.3460350466824234,-2.376101857220821,-0.7329370574090337,-1.0030969190222077,-1.0040002087868596,-1.3685285517302956,-0.2450750979660604,-1.0026668657945366,0.76238639924751,1
0.5978062544750494,0.0164639485796439,1.1118194829681372,1.2089730521011184,0.5867350126983124,1.2113342270026388,0.9077100530978728,-0.2493712921996149,1.266496712332435,1.443399295047732,0.5506500122442194,0.4228217002826541,0.4208573790559796,1.6599504717380027,0.9968262956829548,0.9960697606440958,-1.00744961801372,-0.3413315139857663,0.9964931084729888,-0.652371062151611,1
0.3470493400570518,1.744869747101296,0.7912313734992434,0.8329450567138631,0.5867350126983124,0.8341721196010852,0.5092945149094829,-0.7098473300717842,0.5668049932715701,0.2282317879676386,0.458015917876072,0.1638656900753357,0.4208573790559796,1.0756457230162713,0.9968262956829548,0.9959719445327004,-0.4270055256413754,-0.2578894196033587,0.9964931084729888,-0.652371062151611,1
0.335466112089352,-0.129042606374292,-1.0086691363224949,-0.8253920803141904,-1.1060962218902877,-0.8234690086882386,-0.8145479048460182,-0.2657591396555616,-0.7898172965846442,-0.7989945025511468,0.4118214874897228,-0.3522003718655379,0.4208573790559796,-0.7935929714636754,-1.0030969190222077,-1.0040002088890227,0.2213835273765615,-0.3413315139857663,-1.0026668657945366,-0.652371062151611,1
-0.5105888355376029,0.1124864929419579,-0.9506094644271864,-0.7799804153045388,0.5867350126983124,-0.7781574182271124,-0.7948243369795069,0.0840614211606403,-0.7454650358255274,-0.7443126977326071,-0.5968196564911498,-0.3513776990878854,0.4208573790559796,-0.6693381986192377,0.9968262956829548,0.9960593214721928,0.0427853451081477,-0.3413315139857663,0.9964931084729888,-0.1660481847956632,1
-0.7838731312445062,-0.5284492632923834,-0.8510885939552632,-0.7452529854234808,0.5867350126983124,-0.7433425934446258,-0.7579575273290261,-0.6432243083406511,-0.702604443029161,-0.7481242980684839,-0.7250510403853181,-0.3501283840282351,0.4208573790559796,-0.6208968074034226,0.9968262956829548,0.9960578792538328,-0.044572461436185,-0.3890127107757135,0.9964931084729888,0.8065975699162331,1
-0.742732700876469,-0.2851528778835756,-0.8880671789951347,-0.7634886169551484,0.5867350126983124,-0.76164068729126,-0.7721901508034402,-0.4562361317338512,-0.7398961420979252,-0.7602920991407057,-0.7432692580797676,-0.3508445249902247,0.4208573790559796,-0.6411848954448849,0.9968262956829548,0.996062251965084,-0.9220330960592612,-0.3770924115782267,0.9964931084729888,-0.6965822328203334,1
0.2300986797486899,-0.3717498964189139,1.1049973930985852,1.8689331377646627,0.1635272040511625,1.8677242702718184,1.1617104300694951,-0.0948789440501061,1.4274974077786464,-0.1445720448836915,0.333766347249306,1.1743731269269748,0.4208573790559796,-0.2074521377523121,-1.0030969190222077,-1.0040002089517286,1.174554261004726,1.0146025197283568,-1.0026668657945366,-0.652371062151611,1
-0.6811418818206308,-0.6156353771919078,1.3836625591210243,0.411423525414976,0.5867350126983124,0.4153881851581948,1.293794825390623,-0.6888495185694591,0.6185161493135898,0.0335469708120875,-0.4781400501333395,-0.0493329520096483,0.4208573790559796,2.074528044893354,0.9968262956829548,0.9959971835736848,0.9571303869388312,0.9532129788612996,0.9964931084729888,-0.652371062151611,1
-0.0498160154155864,-0.4294812421091394,1.354083646873021,-0.4410610720337548,-1.5293040305374377,-0.4395847546865081,1.2391964906480453,-0.2891378997169426,-0.0050010591161466,1.1821580720272558,0.0696105993294325,-0.2885708441095994,0.4208573790559796,0.1731513521551731,-1.0030969190222077,-1.0040002090333524,-0.9996844796542236,1.9801467547247875,-1.0026668657945366,-0.652371062151611,1
-0.0745002736364087,0.2951060558396103,0.3304604088165905,0.4948599714020589,-0.6828884132431379,0.4952483548546249,0.2492690173659131,-0.220494157817528,0.1145312669655987,0.9259012494460032,-0.138069294109132,0.1350898904121224,0.4208573790559796,-0.1052043410247367,-1.0030969190222077,-1.004000208991832,-0.1513431138792584,-0.3466956486246354,-1.0026668657945366,-0.9176380861639462,1
-0.1396060032479627,-0.0459801600240694,-0.1510666845383607,-0.2059820893815273,0.1635272040511625,-0.2047790326847897,-0.3124931331553403,-0.2230229449164425,-0.2670373979059959,-0.6172104865324092,-0.1554258681314284,-0.2647370216832385,0.4208573790559796,-0.6443882777672211,-1.0030969190222077,-1.004000208777825,1.3085028977060364,0.0177674993385233,-1.0026668657945366,-0.1660481847956632,1
-0.6434364776774977,-0.5567258407733102,-0.8076925151002528,-0.764801852681178,0.1635272040511625,-0.762949212383585,-0.7378992547440834,-0.5456168684148222,-0.7454650358255274,-0.7495902981976672,-0.5661171727251884,-0.3506811080068859,0.4208573790559796,-0.7691899695447406,-1.0030969190222077,-1.0040002089329418,0.9823670866071936,-0.2972264069550652,-1.0026668657945366,-0.1660481847956632,1
-0.5924702746196187,-0.6079771374574902,-1.0486963470582764,-0.8608960433628334,-2.7989274564788875,-0.8589317011990867,-0.8273620149334991,-0.6935993028254566,-0.8189545441237052,-0.8118953036879604,-0.3832993766110192,-0.352632949949215,0.4208573790559796,-0.8014060990791294,-1.0030969190222077,-1.004000208999832,2.0597800339872983,-0.3413315139857663,-1.0026668657945366,-0.1660481847956632,1
-0.7103795468977213,-0.1549628023984749,-0.8437871570902432,-0.7530687116425349,0.1635272040511625,-0.7512297101897106,-0.7539465417552134,-0.1772026968913487,-0.7534205982935304,-0.7550144986756457,-0.7409321766830914,-0.3502055641015441,0.4208573790559796,-0.7657912590320181,-1.0030969190222077,-1.0040002089903115,-0.355177995816035,-0.3794764714177241,-1.0026668657945366,1.292920447272181,1
2.8026137848785955,0.6450287021660798,0.1063098000544399,0.5501865671110102,0.5867350126983124,0.553114837881648,-0.1659332665992013,0.4232897225228937,0.6185161493135898,-0.8155603040109187,2.5678567344744807,0.0075787715795704,0.4208573790559796,0.1476284686113565,0.9968262956829548,0.996028080987941,2.24226078543546,-0.3413315139857663,0.9964931084729888,-0.652371062151611,1
3.768335460061511,0.6591669909065432,0.2460413321107515,0.169500553867146,0.5867350126983124,0.171235801508695,-0.0137585059148841,1.2250637196792653,0.1843413276223252,1.30075748247819,3.59417330847222,-0.1395940667533396,0.4208573790559796,0.4612734548544006,0.9968262956829548,0.9960466244259182,-1.1219854088162895,-0.3413315139857663,0.9964931084729888,0.3202746925602845,1
-0.403384063588271,0.8959833273093055,-0.8287154595501068,-0.7596471060886995,0.5867350126983124,-0.7576629010211067,-0.7491180334790045,0.5300729350816599,-0.7398961420979252,-0.7290662963891,-0.692997417422487,-0.3507020870323223,0.4208573790559796,-0.6096979911546051,0.9968262956829548,0.9960584600723033,-0.6696660993756332,-0.3413315139857663,0.9964931084729888,0.3202746925602845,1
-0.3975525074390152,-0.633308238117487,-1.051279135862516,-0.8635760622610429,-3.645343073773188,-0.8616086047881382,-0.8281499011346156,-0.675126110593267,-0.8214406573949561,-0.8155603040109187,-0.3015945834500991,-0.3526393757596571,0.4208573790559796,-0.802057193047084,-1.0030969190222077,-1.0040002090237128,2.24226078543546,-0.3413315139857663,-1.0026668657945366,-0.652371062151611,1
-0.8620798911091827,-0.6981087281779443,-1.050013844501268,-0.8035502122380935,0.1635272040511625,-0.8016525300493915,-0.8268956810857407,0.394343219423613,-0.7792761763145402,-0.8102827035458586,-0.7561286620408125,-0.3516255001410661,-2.376101857220821,-0.7984110668265387,-1.0030969190222077,-1.004000208832882,-0.628899122988278,-0.3890127107757135,-1.0026668657945366,4.210857711407868,1
-0.2223661699689074,1.509820696791092,0.5015974704210775,0.1902220232184632,0.1635272040511625,0.190964524095527,0.2290472959988379,0.5610785619770973,-0.1213511602106907,0.1102187775683776,-0.6568135404971726,-0.1315585444550088,0.4208573790559796,-0.3220186323535867,-1.0030969190222077,-1.004000208961868,-0.2814091814008207,0.0782630177657689,-1.0026668657945366,-0.1660481847956632,1
-0.0468602951755526,-0.4506886752198346,-0.780991953141818,-0.511079169967881,-1.9525118391845877,-0.5095214621416856,-0.7029985025754407,-0.5574950987980108,-0.533449296053247,-0.3910066665994156,0.0891946059570235,-0.2966145234341797,0.4208573790559796,-0.7077787864872717,-1.0030969190222077,-1.0040002090291045,1.609402009136516,-0.3413315139857663,-1.0026668657945366,-0.652371062151611,1
-0.7096605879204159,-0.1714574725956822,-0.7586025890106608,-0.6834237607333652,0.5867350126983124,-0.6813959187171144,-0.7202976035099152,2.3096956116708207,-0.6349821620511354,-0.755161098688564,-0.7474368090749023,-0.3468138041288993,0.4208573790559796,-0.572247066117862,0.9968262956829548,0.995955831688386,-0.6133688462692852,-0.3413315139857663,0.9964931084729888,-0.1660481847956632,1
0.026393636178797,0.1755196969098574,0.693545908678278,0.6140291504808607,0.5867350126983124,0.6157994596193116,0.4081546699717226,-0.1006197682917807,0.6185161493135898,-0.7053170942963296,-0.0152565187902944,0.0386678201766246,0.4208573790559796,0.8977147634536642,0.9968262956829548,0.9960580244821008,1.646286416344123,-0.3413315139857663,0.9964931084729888,-0.1660481847956632,1
-0.298815474555726,-0.5225583096505236,1.9726694901819712,0.3786145528679464,0.5867350126983124,0.3611260771800926,2.190050945335847,-0.6066461227567916,0.6185161493135898,1.307207883046597,-0.1625135749755699,-0.0844478448576964,0.4208573790559796,3.319003011482876,0.9968262956829548,0.9960569580035948,-1.0190973255529645,3.542301964555432,0.9964931084729888,-0.652371062151611,1
-0.5594780459943772,-0.6150462818277218,-1.024526720750364,-0.8345931264240188,0.5867350126983124,-0.8325964566043819,-0.8199410402809901,-0.5862851143226905,-0.7911100754856947,-0.8095497034812669,-0.420487657393585,-0.3524882646627162,0.4208573790559796,-0.7049660605457083,0.9968262956829548,0.9959914850305968,1.609402009136516,-0.3413315139857663,0.9964931084729888,-0.1660481847956632,1
1.825468650389604,0.1183774465838176,-0.080128726859591,0.4974011339925874,0.5867350126983124,0.500485224455375,-0.3147897421143984,0.2701159769089896,0.6185161493135898,-0.8155603040109187,1.9336872907440028,-0.0182568832931021,0.4208573790559796,-0.0465277526326767,0.9968262956829548,0.9960201698927484,1.935537820235358,-0.3413315139857663,0.9964931084729888,-0.652371062151611,1
-0.8247739086201081,-0.5726314156063316,-0.4898205443722406,-0.1960734598170191,0.5867350126983124,-0.1936222294391616,-0.5515039429504559,-0.6785997707227465,-0.0689936147181459,0.5270026142952088,-0.7545788544816441,-0.1865553200526164,0.4208573790559796,-0.2970166239841338,0.9968262956829548,0.9960475478187102,-0.3008220272995613,-0.3592119627819966,0.9964931084729888,-0.652371062151611,1
1.1322324276054745,0.2409092823345006,-1.0649574109345412,-0.8561076396897491,-0.2596806045959874,-0.8541488636650414,-0.8322246353043595,0.1699759876024127,-0.8214406573949561,-0.8190787043209588,1.1198628243194768,-0.3526268552999698,0.4208573790559796,-0.8042448687794111,-1.0030969190222077,-1.0040002090260618,1.867592859589766,-0.3699402320597346,-1.0026668657945366,-0.652371062151611,1
-0.5841623042151994,0.2432656637912445,-0.8518079922025467,-0.7531584165594776,0.5867350126983124,-0.7512500421550526,-0.7581914986952494,0.1686622459244034,-0.7371116952341242,-0.7283332963245084,-0.7124668421842374,-0.3504508410152494,0.4208573790559796,-0.620662413574959,0.9968262956829548,0.9959693606708448,-0.3474128574565389,-0.3413315139857663,0.9964931084729888,-0.1660481847956632,1
2.493461424637229,0.1737524108172994,1.48527692064474,-0.5388612922226812,-2.375719647831738,-0.5372712898854484,1.430150900693621,0.3901881526454933,0.1145312669655987,1.5194847017523485,2.482682868815673,-0.2872930139285801,0.4208573790559796,0.310428004358701,-1.0030969190222077,-1.0040002090226905,-0.6754899531452553,3.542301964555432,-1.0026668657945366,-0.652371062151611,1
-0.3147124563872588,-0.3163749321854322,0.3847731303687253,0.255262089777474,0.1635272040511625,0.2559289867417741,0.2084037889361273,-0.5457371736527702,-0.0263816332489047,1.0994756647413138,-0.217885168213611,-0.0673532769738493,0.4208573790559796,-0.1569272458390425,-1.0030969190222077,-1.0040002090059563,-1.009390902603594,-0.3320932821077141,-1.0026668657945366,-0.652371062151611,1
-0.8620798911091827,-0.6981087281779443,-0.8293609059428835,-0.7188220961280215,0.5867350126983124,-0.7168854915285281,-0.7500734644710875,0.1062481584905208,-0.6832127595134038,-0.7101548947226347,-0.7618878022409116,-0.3488808918273955,-2.376101857220821,-0.6084088250980553,0.9968262956829548,0.996062362011274,0.2893284880221537,-0.3890127107757135,0.9964931084729888,3.4592678100395853,1
-0.4986061859158445,0.3775794068256469,-0.925720474484328,-0.7718387300823479,0.5867350126983124,-0.7706685389696571,-0.7856303064186522,-0.2136694114893303,-0.7335316921235229,-0.7443126977326071,-0.6513130877319557,-0.3511399570677818,0.4208573790559796,-0.6570195007455385,0.9968262956829548,0.995981649663108,-0.2231706437045988,-0.3592119627819966,0.9964931084729888,0.8065975699162331,1
-0.5349535564351783,-0.5979625162663285,-0.5289886807924126,-0.1916827472025417,-1.1060962218902877,-0.1918635288392342,-0.5446081830133631,-0.6946007241984654,-0.1734600943761104,0.6703774269293421,-0.3685347594991084,-0.2074565488528731,0.4208573790559796,-0.2635764377899904,0.9968262956829548,0.9959699138500302,0.29709362638165,-0.3413315139857663,0.9964931084729888,-0.652371062151611,1
-0.2262805021786818,-0.1455372765714993,0.7561166825387335,0.5631833071195126,0.5867350126983124,0.5646950020042886,0.4793111339740509,-0.4029132318660988,0.6185161493135898,-0.8023663028482685,-0.2416415841672432,0.0123066496161477,0.4208573790559796,0.9892325315893492,0.9968262956829548,0.9960020996142672,1.6016368707770197,-0.3413315139857663,0.9964931084729888,-0.652371062151611,1
-0.8201406174330282,-0.5502457917672644,-1.0192665624128077,-0.7841833184499473,0.5867350126983124,-0.7821448657338951,-0.8183341843854927,-0.433425138273541,-0.7398961420979252,-0.7888791016597814,-0.7552392137671639,-0.351500255743969,0.4208573790559796,-0.7032992599877447,0.9968262956829548,0.9960177834671444,0.0175486454397849,-0.4009330099732003,0.9964931084729888,1.292920447272181,1
-0.1475145519983232,-0.5095982116384322,-1.051279135862516,-0.8635760622610429,-3.645343073773188,-0.8616086047881382,-0.8281499011346156,-0.5015902259295356,-0.8214406573949561,-0.8155603040109187,-0.0853667183840086,-0.3526393757596571,0.4208573790559796,-0.7161127892770893,0.9968262956829548,0.996053577267304,2.24226078543546,-0.3413315139857663,0.9964931084729888,-0.652371062151611,1
-0.0327207686218777,-0.3375823652961273,2.391075332854834,1.3882352905839506,0.1635272040511625,1.3875851961678698,2.9734808149449057,-0.4522739731916512,1.698483754344999,2.6519698015465,-0.0109978554047751,0.7964633029043582,0.4208573790559796,1.0585219516590676,-1.0030969190222077,-1.0040002089450597,-0.6832550915047516,3.542301964555432,-1.0026668657945366,-0.652371062151611,1
-0.1177176966055507,-0.3558443215858926,1.2549287256625314,1.9899982239175096,0.5867350126983124,1.992588108567727,1.0999568366952177,-0.5028298578534445,2.131514963931488,1.1757076714588488,-0.055070540568934,1.138178071044827,0.4208573790559796,1.8829110901243435,0.9968262956829548,0.9960645167665108,-0.3610018495856572,-0.3890127107757135,0.9964931084729888,0.3202746925602845,1
-0.633291167664409,-0.6003188977230723,0.6812050622784731,0.993115794507904,0.1635272040511625,0.992924995130913,0.5292076504029638,-0.4749428685325528,0.6185161493135898,0.0317877706570674,-0.5093480245442327,0.3432631836400094,0.4208573790559796,-0.3496771041122941,-1.0030969190222077,-1.0040002090357474,1.4075084117896135,0.5181220581530316,-1.0026668657945366,-0.652371062151611,1
1.5861351952776823,0.6591669909065432,-0.364498827901692,0.1903248428126508,0.5867350126983124,0.181439449197793,-0.4190344846861353,0.5601643968383286,0.3599603691034917,1.6401365123841396,1.4323220414439808,0.0485809105461305,0.4208573790559796,-0.0658391997222073,0.9968262956829548,0.9960334661011314,-0.7609064750997141,-0.3556358730227505,0.9964931084729888,-0.4313152088079983,1
-0.6046126929030006,-0.6645302924193437,-0.6966168947621808,-0.3710584426627362,-2.375719647831738,-0.3696634978134622,-0.6226459579743627,-0.7007633773929319,-0.3954202872333947,-0.0186426337868403,-0.4793444677368332,-0.2080186327575545,0.4208573790559796,-0.638294038227167,-1.0030969190222077,-1.0040002090316906,2.3665029991874005,-0.3413315139857663,-1.0026668657945366,-0.652371062151611,1
-0.042706309973343,1.2724152650241438,-0.997210694937533,-0.8181524627713551,-0.6828884132431379,-0.8162378066259234,-0.810806689421559,1.1197073481168174,-0.7901156301771942,-0.7926907019956582,-0.393215977426678,-0.3521098717231585,0.4208573790559796,-0.7915876020423755,-1.0030969190222077,-1.0040002087786,0.3029174801512719,-0.3627880525412426,-1.0026668657945366,-0.652371062151611,1
-0.6378445745206771,0.111308302213586,-0.949791245957582,-0.7866396774103599,0.5867350126983124,-0.7845574470443993,-0.7950289552713086,-0.1847161102118743,-0.7509344850222794,-0.7670356997349492,-0.7336780159477385,-0.3515497917200862,-2.376101857220821,-0.6696767674825741,0.9968262956829548,0.995980560343457,-0.390121118433768,-0.3592119627819966,0.9964931084729888,0.0550076685479494,1
1.2959953057695055,-0.0501038275733713,-0.2981685762645892,-0.0815109004679413,-0.6828884132431379,-0.0804525316444811,-0.408519577795696,-0.0009780882105497,-0.3174557750469651,-0.3910066665994156,1.4707367891780003,-0.195713488159562,0.4208573790559796,-0.556933335991572,-1.0030969190222077,-1.004000209017794,1.5938717324175231,-0.3413315139857663,-1.0026668657945366,-0.652371062151611,1
-0.7909029523559378,-0.4453868169421609,-0.8058119897229845,-0.7051538870449253,0.5867350126983124,-0.7051702318441463,-0.7383998461093689,-0.5821937337765918,-0.657357181492394,-0.6844998924619258,-0.7531252418744239,-0.3482439573740014,-2.376101857220821,-0.5953478801008878,0.9968262956829548,0.995983438522067,-0.9647413570364908,-0.3842445910967188,0.9964931084729888,1.5139763006157936,1
1.8264272623593445,0.927794476975348,1.6897871103269937,1.0408881889328934,0.5867350126983124,1.044919221415464,1.7390157127419203,-0.666439732614243,1.3384945526678629,1.174388271342584,2.591802027385046,0.3024050126235535,0.4208573790559796,2.7265595881617126,0.9968262956829548,0.995961924371922,-0.9996844796542236,-0.3055706163933059,0.9964931084729888,-0.652371062151611,1
0.0298286624037011,0.1083628253926561,-1.0424838963082932,-0.85388283609109,-2.7989274564788875,-0.8519266462239016,-0.825403081031355,-0.3308978248939196,-0.8124906496184527,-0.8032459029257785,-0.0249340149818017,-0.3525553325537859,0.4208573790559796,-0.7997913860386023,-1.0030969190222077,-1.004000208979557,1.4696295186655832,-0.3431195588653893,-1.0026668657945366,-0.9176380861639462,1
-0.8620798911091827,-0.6981087281779443,-0.6667224439199031,-0.6459661578051623,0.5867350126983124,-0.6440519900281816,-0.6780894329389562,-0.0151164339137908,-0.6344849393968852,-0.6013776851372288,-0.7598855719590206,-0.3441251580485191,-2.376101857220821,-0.5091690825024296,0.9968262956829548,0.9959622048779228,-0.9996844796542236,-0.3890127107757135,0.9964931084729888,4.210857711407868,1
0.2560610872624998,-0.4106301904551883,1.0537388603142503,1.365796683890114,0.1635272040511625,1.3651726725725404,0.9637018912226748,-0.1839870272185716,0.801195752485109,1.073527462454768,0.366490793594994,0.6463737072209439,0.4208573790559796,0.0987833991354095,-1.0030969190222077,-1.0040002089967044,-1.1239266934061638,-0.3413315139857663,-1.0026668657945366,-0.652371062151611,1
-0.0600412097594869,-0.2132832434528865,-0.8006242672748499,-0.6835876611496498,-0.2596806045959874,-0.681829425900769,-0.7345494943584945,-0.4403870573447198,-0.6768483095390013,-0.7463650979134638,-0.0137152319961004,-0.3452362064522934,0.4208573790559796,-0.7567150091187322,-1.0030969190222077,-1.0040002090225817,1.0386643397135416,-0.303782571513683,-1.0026668657945366,0.3202746925602845,1
0.0421308493487064,-0.3829427083384474,0.732422363967829,0.5555573919523359,0.5867350126983124,0.55712653314454,0.4523678616123236,-0.363543268134021,0.4574160093365286,-0.8173195041659389,0.1098650101188569,0.0083946009887907,0.4208573790559796,0.9539953260436514,0.9968262956829548,0.9960361206634504,2.3063231769013046,-0.3699402320597346,0.9964931084729888,-0.652371062151611,1
0.9868429455281388,-0.0459801600240694,1.4352443990155908,-0.2806143009220513,-1.5293040305374377,-0.2793244902056883,1.3575876478829492,-0.0890995050679146,0.2585269476364533,1.1081250655034958,1.060847183927363,-0.2270672886166525,0.4208573790559796,0.2373492173954872,-1.0030969190222077,-1.0040002090211089,-1.00744961801372,2.679272302657388,-1.0026668657945366,-0.652371062151611,1
-0.7444901561543269,-0.2839746871552036,-0.7472367710009542,-0.6369140263328078,0.5867350126983124,-0.6348481639163918,-0.7152971368637228,0.8417857487532843,-0.6696883033177986,-0.6969608935599844,-0.7353792539440845,-0.343401854415101,-2.376101857220821,-0.5628322473412399,0.9968262956829548,0.9960424466338492,-1.00744961801372,-0.3890127107757135,0.9964931084729888,2.309777372652799,1
-0.4313435793723739,-0.3741062778756578,0.1752678442848914,0.0763906131604252,-0.2596806045959874,0.0772654340127158,-0.0345449494684785,-0.7188675337553978,-0.2633579502645445,0.2282317879676386,-0.4017265772780001,-0.155059373984558,0.4208573790559796,-0.3544691557164393,-1.0030969190222077,-1.0040002090376343,-0.4270055256413754,-0.2578894196033587,-1.0026668657945366,-0.652371062151611,1
-0.1236291370856182,1.1516507153660187,1.3345482856920372,1.1474531596511903,0.5867350126983124,1.1239401560775644,1.2325847419705611,-0.7145158846791522,0.6362172758048964,1.4356294943630596,0.0795707756361448,0.3543080458528795,0.4208573790559796,2.083382922857535,0.9968262956829548,0.9959719505385471,-0.3124697348388056,-0.3413315139857663,0.9964931084729888,-0.652371062151611,1
0.7050110264243813,0.0624133869861499,0.6401302708785921,-0.0512646105852374,-0.2596806045959874,-0.0502414006720108,0.4078261392172209,-0.057957166717201,-0.1014622540406832,-0.2373698530609987,0.677172683786801,-0.1991528012211562,0.4208573790559796,-0.3511876421179485,-1.0030969190222077,-1.0040002089661595,-1.0385101714517049,0.7547399972231446,-1.0026668657945366,-0.1660481847956632,1
-0.5176985409798461,-0.6144571864635358,-0.0353347814048891,0.179693587612622,0.5867350126983124,0.1822751044968291,-0.2803647727412428,0.012033563809463,-0.1014622540406832,-0.6676408909763171,-0.4162198005511195,-0.1567176438715435,0.4208573790559796,-0.0020189689833067,0.9968262956829548,0.9960554900646352,0.29709362638165,-0.3890127107757135,0.9964931084729888,1.292920447272181,1
-0.6479898845337659,0.0506314797024304,-1.0300866908991788,-0.8464599102698006,0.1635272040511625,-0.84451234896445,-0.8215881123497236,0.499115893939186,-0.8111978707174022,-0.8101361035329402,-0.7286858940824448,-0.3525805036450398,0.4208573790559796,-0.7989189201215432,-1.0030969190222077,-1.0040002089046438,-1.015214756373216,-0.3702382395396718,-1.0026668657945366,-0.652371062151611,1
-0.1764326797521669,-0.2297779136500938,-1.042284637200261,-0.832491407998904,-0.6828884132431379,-0.8305600839682522,-0.8253013074604136,-0.1221790301331767,-0.7990656379536977,-0.8117487036750419,-0.1483972834372413,-0.3523375149391713,-2.376101857220821,-0.7999476485909114,-1.0030969190222077,-1.0040002089461364,-0.0678678765146738,-0.3747083517387294,-1.0026668657945366,1.7792433246281287,1
-0.8023264116620141,-0.4978163043547127,-0.9057647594955942,-0.6488525340531147,0.1635272040511625,-0.6471346756312852,-0.7686080376458383,-0.446899157262527,-0.6382638315691868,-0.6779028918806006,-0.7507173035900654,-0.3329652107052085,-2.376101857220821,-0.7566368778425777,-1.0030969190222077,-1.004000208895488,-0.6851963760946256,-0.3818605312572214,-1.0026668657945366,2.2655662019840763,1
-0.6506260674505527,0.012929376394528,-1.0254822921723563,-0.8116440004522297,0.1635272040511625,-0.8097369098774291,-0.8197189263870298,-0.3609534005738792,-0.7862372934740428,-0.8155603040109187,-0.7264885083852182,-0.3520362986188705,0.4208573790559796,-0.798150629239357,-1.0030969190222077,-1.0040002088943312,-1.224873492079615,-0.3753043666986037,-1.0026668657945366,0.0550076685479494,1
-0.6227464359972615,-0.6268281891114413,0.5359099730832433,0.8260468337653392,0.5867350126983124,0.8275593724381052,0.2360373960484287,-0.5238691997330365,0.6185161493135898,0.5228978139334954,-0.5067662327569745,0.1601850858743577,0.4208573790559796,0.7578467572576775,0.9968262956829548,0.996023094283101,-0.3512954266362868,-0.3413315139857663,0.9964931084729888,-0.652371062151611,1
1.0367706522854656,-0.1255080341891761,0.324767976950499,0.5118189137800421,0.5867350126983124,0.5131678036938212,0.0366171357501565,-0.008920635595724,0.3305247879718807,0.4592734083269373,1.0550457388766017,-0.008732644644427,0.4208573790559796,0.4839315249392173,0.9968262956829548,0.9960521780788898,0.6232294374804922,-0.3413315139857663,0.9964931084729888,-0.652371062151611,1
-0.5895944387103966,0.2980515326605402,-0.8267456082357729,-0.7636176791431682,0.5867350126983124,-0.7615521309223716,-0.7486970141770323,-0.1669398916619312,-0.7398961420979252,-0.7539882985852173,-0.7307942602087542,-0.3508401328722126,-2.376101857220821,-0.610544413312946,0.9968262956829548,0.9960099780598188,-1.0404514560415792,-0.3592119627819966,0.9964931084729888,0.8065975699162331,1
-0.5932691179277358,-0.5749877970630756,1.031753294124575,0.1719987252179017,-0.2596806045959874,0.1727624092318407,0.8419404174734771,-0.4817337468628875,0.2430136008238475,0.1772149834720575,-0.5168949557743655,-0.105750662719942,0.4208573790559796,-0.118695008040754,-1.0030969190222077,-1.0040002088997793,-0.9996844796542236,1.0882103672728378,-1.0026668657945366,-0.652371062151611,1
-0.6100448273981977,0.2202909445879914,-0.8794212532747947,-0.7682266370546731,0.1635272040511625,-0.7663700157171965,-0.7672004463657837,0.0589109783563842,-0.7598347705333577,-0.7296526964407734,-0.7323061727868522,-0.3507823381012536,0.4208573790559796,-0.7670804250885679,-1.0030969190222077,-1.0040002089437357,-0.0154531925880741,-0.3890127107757135,-1.0026668657945366,0.3202746925602845,1
-0.4557881846007611,0.7923025432125738,-0.9036359584872836,-0.7679704264550397,0.5867350126983124,-0.7659660773068041,-0.7787361623894749,0.110514499625697,-0.7398961420979252,-0.7737793003291927,-0.7157267822224884,-0.3509976316484,0.4208573790559796,-0.6497012045457299,0.9968262956829548,0.996009757941516,-1.2792294605960888,-0.3890127107757135,0.9964931084729888,-1.1829051101762815,1
0.093256821068209,-0.2386143441128834,0.3026806129450914,0.4155059641541302,0.5867350126983124,0.4170598501119242,0.017105266146619,-0.2286074975240973,0.1145312669655987,1.1063658653484756,0.1490984987259477,-0.0498723159015866,0.4208573790559796,0.4879943512992533,0.9968262956829548,0.9960209459152884,-0.6386055459376483,-0.3770924115782267,0.9964931084729888,-0.652371062151611,1
-0.8360375992645612,-0.609744423550048,-0.9097340235092014,-0.7814835275321609,-0.2596806045959874,-0.7796114961121889,-0.7795222756764769,-0.6518910554774484,-0.7609783826381332,-0.7487106981201571,-0.7595515430233118,-0.3511142940586677,0.4208573790559796,-0.7748544870659448,-1.0030969190222077,-1.004000208955584,0.2932110572019016,-0.3413315139857663,-1.0026668657945366,-0.652371062151611,1
-0.8532926147198933,-0.6657084831477157,-0.9823977543003224,-0.7354056639562793,0.5867350126983124,-0.7333222581225926,-0.8063800363316586,-0.7040013094103881,-0.6856988727846547,-0.8025129028611868,-0.7616798656781141,-0.3496713957339409,-2.376101857220821,-0.6872693264967048,0.9968262956829548,0.9960680479852,-1.00744961801372,-0.4009330099732003,0.9964931084729888,2.2655662019840763,1
-0.2940224147070227,-0.488979873891923,-0.9429003793964678,-0.7297123483629802,0.1635272040511625,-0.7279004968278188,-0.786782143483471,0.4719931433526823,-0.7071788914482628,-0.5834924835611917,-0.2148156000033418,-0.3415571329747222,0.4208573790559796,-0.7711823170866813,-1.0030969190222077,-1.0040002089067095,-0.8870899734415282,-0.3770924115782267,-1.0026668657945366,-1.1829051101762815,1
-0.7436913128462096,-0.6786685811598072,-0.9267225321140132,-0.7652828720014051,-0.6828884132431379,-0.7634296725570485,-0.7818078565344826,-0.7098947742364315,-0.7281616874576208,-0.5757226828765198,-0.6433460229937406,-0.3424214005269901,0.4208573790559796,-0.7696717790810269,-1.0030969190222077,-1.0040002089246065,0.3495083103082495,-0.3314972671478398,-1.0026668657945366,0.8065975699162331,1
-0.2988953588865377,-0.5149000699161059,1.0875700987863266,0.7774806437265247,0.5867350126983124,0.7769418000343444,0.871129409788702,-0.5955261668466942,0.6185161493135898,0.3270401966745975,-0.185716514923625,0.1296287328653035,0.4208573790559796,1.5546295114816822,0.9968262956829548,0.9960098504736764,-0.6619009610161368,-0.3520597832635044,0.9964931084729888,-0.652371062151611,1
1.2369607852996425,-0.1349335600161518,0.2664833508417766,-0.0654611946589655,0.1635272040511625,-0.0644214823440556,0.0348053271098665,0.1452559069151351,-0.1014622540406832,-0.4061064679300042,1.2682707817247223,-0.2236996904833887,0.4208573790559796,-0.5067860785797161,-1.0030969190222077,-1.004000208933254,0.1612037050904654,0.2871662612017249,-1.0026668657945366,-0.4313152088079983,1
-0.4879815699178854,0.326917205505653,1.234877782752322,0.6733767379509492,0.5867350126983124,0.6699054878566651,1.0644285640120643,-0.2243705317693267,0.6185161493135898,0.2590177906804893,-0.6154606984615684,0.0685120098678551,0.4208573790559796,1.8210962288067425,0.9968262956829548,0.9960673926009808,-0.0348660384868147,-0.3413315139857663,0.9964931084729888,-0.652371062151611,1
-0.2194104497288736,0.6438505114377079,-0.2595608477808883,-0.1072555249519392,0.5867350126983124,-0.1080173387955833,-0.4133603804553508,-0.1016798429889966,-0.0209121840521526,0.5085310126674986,-0.436361917284537,-0.2027964440860919,0.4208573790559796,-0.1022353525308642,0.9968262956829548,0.9960435839634234,-0.6444293997072704,-0.3413315139857663,0.9964931084729888,-0.1660481847956632,1
2.975243823762729,0.6815526147456102,1.0177644121711305,0.783405107997363,0.1635272040511625,0.7834580806410268,0.8693940455733412,0.6491468298005579,0.4789954725309869,1.320401884209247,2.999794342301373,0.2067872601470807,0.4208573790559796,0.0958795200383325,-1.0030969190222077,-1.004000208982727,-0.6735486685553813,-0.2876901675970758,-1.0026668657945366,-0.652371062151611,1
-0.0665118405552364,0.6420832253451499,0.1767627873016605,0.2322690290590036,0.1635272040511625,0.2329626536305878,0.0113499549026302,0.0760276757478113,0.0751512327489837,0.7076138302105998,-0.2738423024412121,-0.0161285358683221,0.4208573790559796,-0.262222162336645,-1.0030969190222077,-1.0040002089041586,-0.663842245606011,-0.2924582872760705,-1.0026668657945366,-0.1660481847956632,1
0.4406737757683908,0.109541016121028,-0.8994249271919489,-0.7366202027134995,-1.5293040305374377,-0.734800321346185,-0.7706068990141145,0.014925634507253,-0.710460560966314,-0.7000394938312694,0.4860043885105665,-0.3463708103997532,0.4208573790559796,-0.7607127260819729,-1.0030969190222077,-1.0040002087660285,0.6678789830475959,-0.3413315139857663,-1.0026668657945366,0.3202746925602845,1
-0.5589188556786951,-0.6391991917593468,2.6600736010419186,1.171893981130144,0.5867350126983124,1.1713834521794102,3.495664606672943,-0.7014090910824559,1.3384945526678629,4.915913801044374,-0.1844720347760409,0.3887132719194898,0.4208573790559796,5.2045711426791215,0.9968262956829548,0.9960468638168872,-1.2132257845403709,3.9738167955044537,0.9964931084729888,-0.652371062151611,1
1.84663799805471,0.037082286326153,1.2461336497631466,-0.4447716800552637,-1.9525118391845877,-0.4432910494208388,1.100961145787398,0.4204180946390281,-0.1014622540406832,0.4797974101355045,1.975739059738169,-0.2723130062935802,0.4208573790559796,0.0543657686415533,-1.0030969190222077,-1.004000209006049,0.0233724992094071,2.2823263393810773,-1.0026668657945366,0.3202746925602845,1
0.1009257168261343,-0.3917791388012371,-1.051279135862516,-0.8635760622610429,-3.645343073773188,-0.8616086047881382,-0.8281499011346156,-0.5020097128926093,-0.8214406573949561,-0.8155603040109187,0.1914990958791996,-0.3526393757596571,0.4208573790559796,-0.802057193047084,-1.0030969190222077,-1.0040002090369438,2.261673631334201,-0.3413315139857663,-1.0026668657945366,-0.652371062151611,1
-0.3582494166796476,-0.0200599639998865,-0.7233013046918078,-0.5268907293706676,-1.1060962218902877,-0.5253146418622084,-0.6702682287919639,0.2682776822025602,-0.5647246010055839,-0.322837660592389,-0.3959647463100144,-0.3026470435205839,0.4208573790559796,-0.682386121737046,-1.0030969190222077,-1.0040002089909732,0.1670275588600875,-0.3413315139857663,-1.0026668657945366,0.3202746925602845,1
-0.5617946915879172,0.3386991127893725,-0.7668621880825885,-0.7671008008653558,0.1635272040511625,-0.7652454882230506,-0.719882726146674,0.4423681496804147,-0.7398961420979252,-0.7393282972933837,-0.7136048127696408,-0.350748215962912,0.4208573790559796,-0.7616893670339047,-1.0030969190222077,-1.004000208834275,-0.2658789046818283,-0.2656376140817252,-1.0026668657945366,0.8065975699162331,1
-0.7065450990187586,-0.1608537560403346,-0.9126723937388402,-0.7626312273556929,0.5867350126983124,-0.7605154237482762,-0.7811372386965728,-0.0115655069964697,-0.7356200272713737,-0.7029714940896361,-0.7373386561704459,-0.350736464282198,0.4208573790559796,-0.6491282418539298,0.9968262956829548,0.9960592950922614,-0.3085871656590577,-0.3890127107757135,0.9964931084729888,1.292920447272181,1
0.6606752228238753,0.3652084041777414,1.8193351926374977,1.6830336823652916,0.5867350126983124,1.682095542177943,1.951750289480041,0.2275309950007622,1.5796475399792045,0.1706179828907324,0.6137053174132991,0.8096947862598711,-2.376101857220821,2.930091562544291,0.9968262956829548,0.9959886315186588,-0.4211816718717532,-0.3323912895876512,0.9964931084729888,1.0718645939285685,1
-0.2119013226325717,1.024406116701848,-0.8503020711729279,-0.7362411794253014,0.5867350126983124,-0.7804983164559814,-0.7476066782009747,1.571060848415064,-0.676052753292201,-0.5601830815071762,-0.5147705945278409,-0.3514587532277853,0.4208573790559796,-0.6037339704081418,0.9968262956829548,0.996013383853864,0.3417431719487531,-0.3770924115782267,0.9964931084729888,-0.652371062151611,1
0.0489210174677029,0.2403201869703146,3.1626009651315803,3.447691173830462,0.1635272040511625,3.444647125484506,4.793209679805488,-0.3030868971315282,3.498429762730681,2.6519698015465,0.0141644867696412,3.4498002242350423,0.4208573790559796,1.3603040058059803,-1.0030969190222077,-1.0040002090237907,-1.00744961801372,5.699876119300541,-1.0026668657945366,-0.652371062151611,1
-0.5213732201971855,-0.6156353771919078,-1.051279135862516,-0.8635760622610429,-3.645343073773188,-0.8616086047881382,-0.8281499011346156,-0.6843335119377962,-0.8214406573949561,-0.8155603040109187,-0.4082155135238055,-0.3526393757596571,0.4208573790559796,-0.802057193047084,-1.0030969190222077,-1.004000209032733,2.24226078543546,-0.3413315139857663,-1.0026668657945366,-0.652371062151611,1
-0.6557386646225031,-0.6680648646044596,0.3860962075359426,2.0610975120209565,0.5867350126983124,2.068761349447057,0.2115446286534945,-0.7031782773415385,2.059815457188611,2.8619010200455577,-0.5156795508686679,1.5908263834001,0.4208573790559796,0.8568521060248393,0.9968262956829548,0.9959704988722086,0.2640917883537906,-0.3794764714177241,0.9964931084729888,-0.1660481847956632,1
-0.7790001870649911,-0.4100410950910024,-0.9264547654701498,-0.745893223537466,0.5867350126983124,-0.7438108039645791,-0.7868651430581275,0.5966916691633258,-0.7220955710757685,-0.7542814986110541,-0.6748963228746598,-0.3500584831799704,-2.376101857220821,-0.6580742729736249,0.9968262956829548,0.9959848136279096,-0.7686716134592102,-0.3890127107757135,0.9964931084729888,3.724534834051921,1
-0.1119660247871066,1.6235161020789852,-0.9378937244167224,-0.7779130270349456,0.5867350126983124,-0.7767513574094923,-0.7900861225139957,0.7124091735332541,-0.7398961420979252,-0.7487106981201571,-0.5648858474428279,-0.3513474743806571,0.4208573790559796,-0.6629704996126428,0.9968262956829548,0.996008580903704,0.7028221056653287,-0.3592119627819966,0.9964931084729888,0.3202746925602845,1
3.596024958500625,1.0320643564362657,0.6218230411466973,1.765619145105557,0.5867350126983124,1.7700258407459666,0.3310797647870262,1.1140940582946215,1.9396367416563407,-0.7915179018923115,3.511155196351948,0.8943546578233325,0.4208573790559796,0.7964305857986613,0.9968262956829548,0.9959709254890154,1.9724222274429652,-0.3413315139857663,0.9964931084729888,-0.1660481847956632,1
-0.3707912566170881,-0.5337511215700572,2.0516117773943856,0.6760555675667141,0.1635272040511625,0.6762333255268662,2.4022658071971748,-0.3536587065333781,0.8596691366249312,1.2067868741975365,-0.2742901658072375,0.1611120663522209,0.4208573790559796,0.5226325503944329,-1.0030969190222077,-1.0040002089760778,-0.8249688665655581,2.5615593480822056,-1.0026668657945366,0.3202746925602845,1
2.0749474155146137,0.4305979896023846,-0.669075368613537,-0.3212311255365474,0.5867350126983124,-0.3187511626325147,-0.6786944055972246,0.3510214197235818,-0.1974262263109695,-0.8155603040109187,2.178444919251122,-0.2994537931357088,0.4208573790559796,-0.5211752552715107,0.9968262956829548,0.9960261107480411,1.9083598359771217,-0.3770924115782267,0.9964931084729888,-0.652371062151611,1
-0.2922649594291648,-0.4112192858193743,0.486349605300166,0.6747944169473188,0.5867350126983124,0.6776757859432676,0.1882601598212849,-0.4693958926583529,0.6185161493135898,-0.8023663028482685,-0.269885827238076,0.0726118722846026,0.4208573790559796,0.6099051858590548,0.9968262956829548,0.996064817947242,1.586106594058027,-0.3592119627819966,0.9964931084729888,-0.652371062151611,1
-0.8383542448581011,-0.6780794857956212,-0.9880030957413668,-0.7833280965529548,0.5867350126983124,-0.7830957064732276,-0.8070232276917396,0.0177860198748838,-0.7398961420979252,-0.7632240993990724,-0.7434487920926504,-0.351529007322326,-2.376101857220821,-0.6877641579123502,0.9968262956829548,0.9960346148809828,0.0350202067486513,-0.4009330099732003,0.9964931084729888,2.530833225996412,1
-0.6404008731066523,0.0594679101652201,-0.2292782740390914,0.0011766309626731,0.1635272040511625,0.0021388820967814,-0.3835630157972948,0.2196235366433228,-0.1737584279686606,-0.5601830815071762,-0.7192134194551911,-0.1994883634203412,0.4208573790559796,-0.6158703619708138,-1.0030969190222077,-1.0040002089542477,-0.3027633118894353,-0.3592119627819966,-1.0026668657945366,-0.2102593554643856,1
0.5609795779708453,-0.3069494063584566,0.9676651804026908,0.1003671466375006,0.1635272040511625,0.1012140966735192,0.7375534339271238,-0.1281676071293608,-0.1014622540406832,0.4809702102388511,0.6921098837612205,-0.1654268229484646,0.4208573790559796,-0.0868434911284197,-1.0030969190222077,-1.0040002089877424,0.372803725386738,0.3107088521167614,-1.0026668657945366,-0.1660481847956632,1
1.2113977994398912,-0.1702792818673103,0.5160928529498521,1.307309080473407,0.5867350126983124,1.3098171397103229,0.2196653050341614,0.0688038997542837,1.3384945526678629,1.328025084881001,1.382581627444317,0.4940142839608632,0.4208573790559796,0.7409052922115011,0.9968262956829548,0.9960554541916397,-1.1239266934061638,-0.3890127107757135,0.9964931084729888,0.0550076685479494,1
-0.8024861803236376,-0.4453868169421609,-0.7673947495101962,-0.7643082877846917,0.1635272040511625,-0.7624562212170989,-0.7228976645165703,0.8333110109777924,-0.7397966975670751,-0.7337574968024868,-0.7563104383602675,-0.3505800309647376,0.4208573790559796,-0.7521313075843326,-1.0030969190222077,-1.0040002088597806,-0.8754422659022837,-0.3085506911926776,-1.0026668657945366,0.0992188392166722,1
0.6668263162963779,-0.2468616792114871,2.461120417991872,5.797121193109475,0.5867350126983124,5.801143177871751,3.073860667852972,-0.0412415025861308,7.0983217795020455,1.744662321594914,0.7958979584551322,7.620828744339231,0.4208573790559796,4.525870790483346,0.9968262956829548,0.996032807193219,-0.7201394987123587,-0.3747083517387294,0.9964931084729888,0.3202746925602845,1
0.0721673577339141,-0.4330158142942554,1.4209204328112237,-0.8635760622610429,-3.645343073773188,-0.8616086047881382,1.33347809317053,-0.4695219637731611,-0.1014622540406832,1.307207883046597,0.2202977866217909,-0.3526393757596571,0.4208573790559796,0.235005279110851,-1.0030969190222077,-1.0040002090329068,-0.9996844796542236,3.9738167955044537,-1.0026668657945366,-0.652371062151611,1
-0.8114332253745505,-0.6904504884435266,0.7955386948676638,0.6918058227650966,0.5867350126983124,0.6934535747832193,0.5352977626865888,-0.715074885058214,0.6185161493135898,-0.3845562660310088,-0.7141730132550422,0.0809397143087817,0.4208573790559796,1.0673117202264537,0.9968262956829548,0.9960445167432253,0.1146128749334881,-0.3538478281431275,0.9964931084729888,-0.9176380861639462,1
-0.3679953050386779,-0.586180608982609,1.38593527325066,2.056664495620547,0.5867350126983124,2.0401781812556155,1.312338728640874,-0.6791461973908931,2.562457838370127,1.7317615204581,-0.2182664350744414,1.1960337428278154,0.4208573790559796,2.180526142876348,0.9968262956829548,0.9960624692672349,0.6309945758399885,-0.3413315139857663,0.9964931084729888,-0.652371062151611,1
1.5133605699082031,0.3528374015298359,-1.057029059337415,-0.8353277850805393,0.5867350126983124,-0.8332965175974302,-0.8298445079034251,0.5211763486027133,-0.7945906340654459,-0.8064711032099818,1.5622367248819171,-0.3524587107247932,0.4208573790559796,-0.7176233272827438,0.9968262956829548,0.9960262863526114,1.6404625625745008,-0.3890127107757135,0.9964931084729888,-0.1660481847956632,1
0.409518886751819,0.2544584757107779,1.0813100909282936,-0.1248231730563744,-0.6828884132431379,-0.1237144571553109,0.8867840565419528,-0.1223110286413775,-0.1014622540406832,0.2974269940650936,0.3159115327066614,-0.2115822300192,0.4208573790559796,-0.0636124583518029,-1.0030969190222077,-1.0040002089532525,-0.8074973052566915,1.055131536999812,-1.0026668657945366,-0.9176380861639462,1
-0.8458633719544031,-0.6698321506970175,-0.098396287199315,-0.0297039186213355,0.1635272040511625,-0.0287057713004554,-0.3080632577994541,-0.4855940007625185,-0.2394912628605354,-0.092529040297682,-0.7489057441103659,-0.2007381706485839,0.4208573790559796,-0.5207455332526606,-1.0030969190222077,-1.0040002089931244,-1.0792771478390604,-0.2996104667945625,-1.0026668657945366,0.8065975699162331,1
-0.57305838223237,0.3045315816665859,-0.7424097589280061,-0.7631846794814601,0.1635272040511625,-0.7613339190192977,-0.7114112907768805,0.100663612905324,-0.744669479578727,-0.7142596950843481,-0.7158309747345443,-0.3506273197764979,-2.376101857220821,-0.7502952225947008,-1.0030969190222077,-1.0040002087728923,0.4679266702905672,-0.2972264069550652,-1.0026668657945366,1.7792433246281287,1
2.4122190602017066,2.2579718093072807,-1.0252351827855406,-0.7848167658475451,-0.6828884132431379,-0.8325071740771445,-0.8093004227263982,1.7520072559792206,-0.7221452933411935,-0.5717644825277247,1.9038140119484488,-0.3523979363162516,0.4208573790559796,-0.6848993444533504,0.9968262956829548,0.9960340183480518,0.6601138446880995,-0.3413315139857663,0.9964931084729888,-0.1660481847956632,1
-0.7834737095904476,-0.4347831003868133,-0.8028921056000057,-0.71363971445947,0.5867350126983124,-0.711577491562336,-0.7391869337018064,-0.3775150139232486,-0.6794835896065273,-0.7358098969833436,-0.7496781439809446,-0.3484965379516808,0.4208573790559796,-0.5955822739293515,0.9968262956829548,0.9959734715882472,-0.9589175032668684,-0.3413315139857663,0.9964931084729888,0.3202746925602845,1
-0.038951746425192,0.0747843896340554,3.026937826398361,3.039989674185753,0.1635272040511625,3.037419546458944,4.298433080947078,-0.357136717514446,2.562457838370127,3.0285852347337063,-0.1053408863551664,2.687655043512503,0.4208573790559796,1.5406830786880965,-1.0030969190222077,-1.0040002089416191,-1.0268624639124606,1.8329310596358253,-1.0026668657945366,0.3202746925602845,1
0.1137072097560099,0.0347259048694092,-0.9800505637562288,-0.7843859797648057,0.5867350126983124,-0.7823439540796255,-0.8055335734522547,0.894268113075808,-0.7478517045659282,-0.8110157036104503,0.1121065692555564,-0.3515077662578109,0.4208573790559796,-0.6863577949415685,0.9968262956829548,0.9960263049848004,0.300976195561398,-0.3890127107757135,0.9964931084729888,0.3202746925602845,1
-0.431902769688056,-0.5743987016988895,-0.0284891754038927,0.2074688721763078,0.5867350126983124,0.2051608211916086,-0.2629370510870492,-0.6058938568742628,-0.1014622540406832,0.245823789517839,-0.3193986471206589,-0.1469522187539269,0.4208573790559796,0.0798886521853698,0.9968262956829548,0.996004813513195,0.6309945758399885,-0.3592119627819966,0.9964931084729888,-0.652371062151611,1
-0.0260104848336931,0.974922106110226,1.120068375814559,0.6409524000348692,0.5867350126983124,0.6408912960186074,0.9138562026865976,0.0696574650312891,0.7866271287155784,0.7520336341248557,-0.2972769474017302,0.0741409212047853,0.4208573790559796,1.6402093026296218,0.9968262956829548,0.9959906679165188,-1.0249211793225863,-0.3770924115782267,0.9964931084729888,-0.9176380861639462,1
0.8587084789061357,0.0300131419559213,-1.0131304014986098,-0.8205680012321493,-1.1060962218902877,-0.8184857860828056,-0.8161644098589215,0.3388661108015874,-0.7725139482167376,-0.7731929002775194,0.8170455254555347,-0.3520828749286435,0.4208573790559796,-0.6975956768284632,0.9968262956829548,0.9959940181458088,0.994014794146438,-0.3484836935042584,0.9964931084729888,-0.1660481847956632,1
-0.5467764373953132,0.4070341750349456,-0.8653034931867167,-0.7143292231561212,0.1635272040511625,-0.712535253282491,-0.7557609311212129,0.650223344071777,-0.7245816843470194,-0.7091286946322063,-0.7103522723430781,-0.3463495434215818,-2.376101857220821,-0.7528344890697234,-1.0030969190222077,-1.004000208952464,-1.00744961801372,-0.3866286509362162,-1.0026668657945366,1.7792433246281287,1
-0.523530097129102,0.5401697273409761,-0.6996691232763858,-0.7066896146010703,0.5867350126983124,-0.7048851765432024,-0.6935738588983192,-0.0410348847567261,-0.6842072048219041,-0.624540487178326,-0.7227170234742905,-0.3480905857327829,-2.376101857220821,-0.5304468333751827,0.9968262956829548,0.9959973150462034,-0.3959449722033905,-0.3592119627819966,0.9964931084729888,1.558187471284516,1
1.80581710500992,0.9755112014744124,1.1042320621301582,1.2869607195967998,0.5867350126983124,1.291383105594338,0.9025177709270044,0.8395215920086957,1.3384945526678629,0.685917028298686,1.6822064796978324,0.4790055186601762,0.4208573790559796,1.6151161411046555,0.9968262956829548,0.996055011212221,-0.6696660993756332,-0.3413315139857663,0.9964931084729888,-0.652371062151611,1
-0.7211639315573039,-0.5879478950751669,0.0606270861819723,0.8246369981631696,0.5867350126983124,0.8292616673494859,-0.1145969343046308,-0.5918054513805578,1.0668120943855597,1.3271454848034905,-0.6558188533017342,0.3590302009500544,0.4208573790559796,0.3589605487300296,0.9968262956829548,0.996000932856978,-0.8754422659022837,-0.3770924115782267,0.9964931084729888,0.3202746925602845,1
0.8809962072026064,-0.1661556143180085,1.216731116211574,2.2818794120099515,0.5867350126983124,2.2852163013051787,1.055668231994999,-0.0243529279847939,2.7784513593764086,-0.8096963034941853,0.9925944363545264,1.4260553368852398,0.4208573790559796,1.7409856269896202,0.9968262956829548,0.996004638022856,1.935537820235358,-0.3413315139857663,0.9964931084729888,-0.652371062151611,1
0.9264503914344766,0.0488641936098725,0.7594801325971513,0.4610090695977326,0.1635272040511625,0.4614368020356606,0.6546894872500958,-0.1027237335541163,0.1954791150775292,1.5326787029149984,0.9177615654019472,0.045411456168875,0.4208573790559796,0.1147352013502949,-1.0030969190222077,-1.0040002089608386,-1.00744961801372,-0.314510840791421,-1.0026668657945366,-0.652371062151611,1
-0.6036540809332598,-0.6215263308337675,-1.051279135862516,-0.8635760622610429,-3.645343073773188,-0.8616086047881382,-0.8281499011346156,-0.685045133150564,-0.8214406573949561,-0.8155603040109187,-0.5020351153766875,-0.3526393757596571,0.4208573790559796,-0.7161127892770893,0.9968262956829548,0.9960562891253568,2.24226078543546,-0.3413315139857663,0.9964931084729888,-0.652371062151611,1
-0.8608017418161952,-0.6922177745360846,-0.958157932218748,-0.7550903523138988,0.5867350126983124,-0.7530024135143796,-0.7980933578274523,3.5897819867061216,-0.7239850171619192,-0.7661560996574392,-0.7411320409422288,-0.3505163347473045,-2.376101857220821,-0.6739479439123556,0.9968262956829548,0.9959598799820822,-0.2561724817324579,-0.3890127107757135,0.9964931084729888,3.238211956695973,1
1.3559085538782978,0.5336896783349304,1.4402659144803394,2.135189276339976,0.1635272040511625,2.1336709072285345,1.6539545375671736,0.6506789014510804,1.75317824631252,0.0807521749717918,1.2856210772886167,1.46724095804776,0.4208573790559796,-0.0363446429738683,-1.0030969190222077,-1.0040002089221274,1.0056625016856828,1.4318129916403946,-1.0026668657945366,-0.1660481847956632,1
-0.4694484051695657,0.0577006240726622,-0.9096656086560768,-0.7198124329116624,-1.5293040305374377,-0.7180120892420945,-0.7720468943356736,-0.205985916432371,-0.6911185997159817,-0.5371668794789973,-0.5272318395852114,-0.3400472548497865,0.4208573790559796,-0.7585380722290049,-1.0030969190222077,-1.0040002088777376,-0.6696660993756332,-0.3413315139857663,-1.0026668657945366,-0.1660481847956632,1
0.0663358015846584,-0.5095982116384322,-1.051279135862516,-0.8635760622610429,-3.645343073773188,-0.8616086047881382,-0.8281499011346156,-0.5282238210645991,-0.8214406573949561,-0.8155603040109187,0.251200882082414,-0.3526393757596571,0.4208573790559796,-0.802057193047084,-1.0030969190222077,-1.0040002090187308,2.2558497775645785,-0.3413315139857663,-1.0026668657945366,-0.652371062151611,1
-0.7940184412575949,-0.4277139560165816,-0.048652853602428,-0.4088982726398353,0.1635272040511625,-0.4074593419929454,-0.2853559035667663,-0.6732508869751263,-0.4845225868750284,-0.3523042631889747,-0.7358429629432204,-0.3109888814986164,0.4208573790559796,-0.5549930759670676,-1.0030969190222077,-1.004000208938971,-0.8055560206668175,-0.1169318815930773,-1.0026668657945366,-0.652371062151611,1
-0.7521590519122523,-0.6692430553328315,0.5930701783785417,0.8326955748072742,0.5867350126983124,0.8351628946602189,0.2988894324406379,-0.6852586356221572,0.6185161493135898,-0.8032459029257785,-0.662062256977881,0.1640645805986645,0.4208573790559796,0.7540573903641822,0.9968262956829548,0.9960729118125808,1.269677205908555,-0.3890127107757135,0.9964931084729888,-0.1660481847956632,1
0.4872463406316251,-0.3146076460928743,-0.9107250376817724,-0.6821950949729728,-2.375719647831738,-0.6804384784716936,-0.7615013633513321,-0.2404915038789294,-0.6774449767241014,-0.3927658667544357,0.5460024581555241,-0.3230250429299238,0.4208573790559796,-0.7459589367681239,-1.0030969190222077,-1.004000209026874,1.5977543015972715,-0.3520597832635044,-1.0026668657945366,-0.652371062151611,1
-0.729232248969288,-0.1985558593482371,-0.7990944118424238,-0.7178691933136812,0.5867350126983124,-0.7178338656921852,-0.735602200486626,0.0188452220317024,-0.6964388821164588,-0.7339040968154052,-0.7458382687195642,-0.3489235587058503,0.4208573790559796,-0.5928086136258652,0.9968262956829548,0.995981665031575,-0.4541835098996123,-0.3681521871801116,0.9964931084729888,-0.652371062151611,1
-0.8523340027501525,-0.6645302924193437,-0.9258003933655014,-0.8281879923307949,-0.6828884132431379,-0.8262616706791375,-0.7863926433502122,0.0161265015856067,-0.7857897930852176,-0.7655696996057659,-0.7611081522457495,-0.3521889255920488,-2.376101857220821,-0.7810008141234352,-1.0030969190222077,-1.0040002089641369,-0.446418371540116,-0.3297092222682167,-1.0026668657945366,1.0276534232598458,1
-0.498765954577468,-0.6733667228821334,0.7078837428746884,1.0873411047708883,0.5867350126983124,1.0775647066045262,0.4399451776409955,-0.710532432288908,0.5668049932715701,0.2156241868566616,-0.2491207229953425,0.3221278495327201,0.4208573790559796,0.9699731720172552,0.9968262956829548,0.995971965169098,-0.3124697348388056,-0.3413315139857663,0.9964931084729888,-0.652371062151611,1
-0.8351588716256321,-0.5714532248779596,-0.949484753318652,-0.7061042063149197,0.5867350126983124,-0.703929693704765,-0.7948825510336582,10.753821100424858,-0.6845055384144543,-0.7444592977455254,-0.6921712021941749,-0.3481016128666111,-2.376101857220821,-0.6679709012865332,0.9968262956829548,0.9959575022429932,-1.1511046776644005,-0.3890127107757135,0.9964931084729888,2.972944932683637,1
3.1157603616605485,0.3386991127893725,-1.051279135862516,-0.8635760622610429,-3.645343073773188,-0.8616086047881382,-0.8281499011346156,0.5476124147245421,-0.8214406573949561,-0.8155603040109187,3.141641310676292,-0.3526393757596571,0.4208573790559796,-0.802057193047084,-1.0030969190222077,-1.0040002090112456,2.24226078543546,-0.3413315139857663,-1.0026668657945366,-0.652371062151611,1
-0.5720198859318176,-0.2786728288775297,0.017542277448276,0.7612983805298582,0.5867350126983124,0.7624435735102514,-0.2262383297530031,-0.4844742092776236,0.8805524881034391,0.3705804005113436,-0.5672982703403309,0.1225562467112973,0.4208573790559796,0.130947441152362,0.9968262956829548,0.9960553409777292,0.7513542204121801,-0.3413315139857663,0.9964931084729888,-0.652371062151611,1
-0.8426679987219341,-0.6191699493770236,-0.5454472680214565,-0.520658278882345,0.5867350126983124,-0.5181757458232337,-0.6155524906403913,-0.3277735158067917,-0.5161459476853404,-0.549627880577056,-0.75742695754613,-0.3313642370277828,0.4208573790559796,-0.4247352167380894,0.9968262956829548,0.9960079850659588,-0.9996844796542236,-0.3413315139857663,0.9964931084729888,-0.652371062151611,1
-0.8584052118918435,-0.6886832023509688,-0.6025775295406737,-0.637267463123191,0.5867350126983124,-0.635442935979621,-0.6464876808917708,-0.6910850166632543,-0.6484071737158905,-0.7205634956398366,-0.7625053334709019,-0.3434679516212121,0.4208573790559796,-0.4750257148228953,0.9968262956829548,0.9959575375008224,-1.0773358632491865,-0.3437155738252637,0.9964931084729888,0.8065975699162331,1
1.013284659026819,-0.0954641706156914,-0.9817503533670712,-0.8085972904071775,-0.2596806045959874,-0.8066937413908754,-0.8055378041208299,-0.0920540273618418,-0.7792761763145402,-0.800020702641575,1.0697728347252038,-0.3519483277393609,0.4208573790559796,-0.7910146393505756,-1.0030969190222077,-1.0040002090254534,1.935537820235358,-0.3413315139857663,-1.0026668657945366,-0.652371062151611,1
0.3033526111030397,-0.0913405030663895,1.499468816630583,1.451646419798906,0.5867350126983124,1.452029122515642,1.4521846213079936,-0.2582335204253545,1.3384945526678629,-0.3826504658630704,0.4480938607810875,0.6072509294059256,0.4208573790559796,2.276705743822587,0.9968262956829548,0.9960706437475244,0.9085982721919796,-0.3413315139857663,0.9964931084729888,-0.652371062151611,1
-0.8514552751112237,-0.6662975785119016,0.3477821664313186,0.6290146727626998,0.5867350126983124,0.630170107261591,0.0555180987652996,-0.7121464985970706,0.6145383680795883,0.4490114074226538,-0.7570452422239851,0.0465641548654076,0.4208573790559796,0.4976696076630574,0.9968262956829548,0.9959664651106896,-1.1083964166871711,-0.3413315139857663,0.9964931084729888,-0.652371062151611,1
