rst_count,urg_count,Magnitue,Std,Variance,Radius,AVG,flow_duration,Max,Tot size,Header_Length,Covariance,ack_flag_number,Tot sum,Weight,IAT,Duration,Min,Number,Protocol Type,label
-0.5666676357674323,-0.6085662328216761,0.9176877319474832,0.5489532468949145,0.5867350126983124,0.5494255359612986,0.6680836997958147,0.0027748006465715,0.6185161493135898,-0.5053546766757182,-0.4648131999955384,0.0051141069915963,-2.376101857220821,1.2411017221528695,0.9968262956829548,0.9960194944337504,0.0583156218271401,-0.3890127107757135,0.9964931084729888,3.724534834051921,1
-0.2694180408170121,-0.4677724407812278,-0.1513831765830467,0.2173268784735127,-1.1060962218902877,0.2180378721086471,-0.2418886365281205,-0.5113710118414759,0.0401467578897704,0.00070856791838,-0.198845593621756,-0.0027784325975511,0.4208573790559796,-0.4210890905175442,-1.0030969190222077,-1.004000209026886,0.4970459391386781,-0.3413315139857663,-1.0026668657945366,-0.652371062151611,1
-0.4484388261660826,-0.2209414831873042,-0.446522885686348,-0.2806485034250913,0.1635272040511625,-0.2793586529510349,-0.4611464662190506,-0.4072322559195342,-0.4575731190146682,0.0596417731115514,-0.4336758582416703,-0.2337230469960183,0.4208573790559796,-0.5318271525872463,-1.0030969190222077,-1.0040002089205156,-1.0443340252213271,-0.3770924115782267,-1.0026668657945366,0.8065975699162331,1
-0.6976779382986574,-0.1243298434608041,-0.5629481107944695,-0.342534775817354,0.5867350126983124,-0.3402966660570482,-0.6262548037531416,-0.3992959519383592,-0.2307401441457321,-0.5785080831219683,-0.7377681326225791,-0.3036695479377667,-2.376101857220821,-0.4401140562611748,0.9968262956829548,0.996030710584204,-1.38017625926954,-0.3538478281431275,0.9964931084729888,1.7350321539594062,1
-0.2689387348321417,1.45444573255761,-0.9055707518880132,-0.8083576722765693,0.1635272040511625,-0.8064544017973166,-0.7778136289322061,1.7122063569220365,-0.7766906185124391,-0.7844811012722313,-0.684339348542265,-0.3520300876782891,0.4208573790559796,-0.7836833212714078,-1.0030969190222077,-1.0040002088654905,-0.6580183918363889,-0.3115307659920494,-1.0026668657945366,-0.652371062151611,1
-0.1557426380719306,-0.4294812421091394,-0.980606013179426,-0.8371807236521965,0.1635272040511625,-0.8352439486644604,-0.8050099796056457,-0.496641053025664,-0.7985684152994474,-0.8079371033391651,-0.1061625422267816,-0.3524996256893132,0.4208573790559796,-0.794973290675739,-1.0030969190222077,-1.0040002090116515,1.1590239842857333,-0.3311992596679026,-1.0026668657945366,-1.1386939395075588,1
-0.7854708178607407,-0.4000264738998407,-1.030475882417634,-0.8254896032655131,0.1635272040511625,-0.8235664182768743,-0.821518031945519,4.858178162058221,-0.7932978551643955,-0.7998741026286567,-0.7284102398611662,-0.3522098185082969,-2.376101857220821,-0.7970177257351161,-1.0030969190222077,-1.0040002089051707,-1.0637468711200675,-0.3770924115782267,-1.0026668657945366,1.7792433246281287,1
0.3000773535397589,1.0674100782874243,1.219489723909848,2.351327591158589,0.5867350126983124,2.3556020539730245,1.0475882538777517,0.2896240507705878,2.7784513593764086,1.8972729350429025,0.0303114111397755,1.5097215907060944,0.4208573790559796,1.823075554469324,0.9968262956829548,0.996057053371088,-0.6366642613477741,-0.3592119627819966,0.9964931084729888,-0.1660481847956632,1
-0.7075037109884993,-0.6215263308337675,-0.6605934050925896,-0.2372659884718121,0.5867350126983124,-0.2346877681223417,-0.6746011021122326,-0.6951114184061699,-0.1014622540406832,-0.8155603040109187,-0.563281477090402,-0.281681797441086,0.4208573790559796,-0.5158362847342837,0.9968262956829548,0.9959800927129864,2.24226078543546,-0.3413315139857663,0.9964931084729888,-0.652371062151611,1
-0.5812864683059774,-0.609744423550048,0.3958824413611778,0.3805775854248172,0.5867350126983124,0.3824635268146179,0.0918372216355964,-0.6858929356230344,-0.1014622540406832,-0.3910066665994156,-0.4062781606454043,-0.0751658405518511,0.4208573790559796,0.5095064960004703,0.9968262956829548,0.9960508664889656,1.5938717324175231,-0.3413315139857663,0.9964931084729888,-0.652371062151611,1
-0.2329907859668665,-0.5743987016988895,-1.0220897999807843,-0.8245456107037901,0.5867350126983124,-0.8225395602796567,-0.8191646008017063,-0.6747758268807221,-0.7766906185124391,-0.8155603040109187,-0.0035920400015874,-0.352363757528479,0.4208573790559796,-0.7043930978539082,0.9968262956829548,0.9960170874867276,2.24226078543546,-0.3413315139857663,0.9964931084729888,-0.652371062151611,1
-0.1281026596110746,-0.0365546341970938,1.0674764413463649,-0.2734653545096794,-1.1060962218902877,-0.2721838538758473,0.8811337869282321,-0.374960152876961,-0.1014622540406832,0.1684189826969573,-0.1278476648560984,-0.2412836749847512,0.4208573790559796,-0.0902552235205013,-1.0030969190222077,-1.0040002089234474,0.29709362638165,1.6588946913525182,-1.0026668657945366,-0.652371062151611,1
-0.0422270039884727,0.6032029313088756,2.0584814681479635,1.1536804823328426,0.5867350126983124,1.1469402823007917,2.337367744684734,0.1560580290129533,1.3384945526678629,1.7528719223183409,-0.1912106892304395,0.3796267197600353,0.4208573790559796,3.5517170175091755,0.9968262956829548,0.9960367016443752,-1.0346276022719567,2.2906705488193184,0.9964931084729888,-0.652371062151611,1
1.2540560320933514,0.326328110141467,1.096659995676548,0.7175686524854723,0.1635272040511625,0.717698154780819,0.9295527706419848,0.5808518178948723,0.5465183089781623,0.3185373959253341,1.2035007847198638,0.1524894970011509,0.4208573790559796,-0.075905112466784,-1.0030969190222077,-1.004000208884365,-0.3027633118894353,0.5485188211066231,-1.0026668657945366,-0.1660481847956632,1
-0.4996446822163968,-0.298702071259853,0.9640619637008272,-0.0290876884560839,0.1635272040511625,-0.0280902574538381,0.7424755308202335,-0.7189442734199915,-0.1040478118427842,0.2229541875025785,-0.4514808188348591,-0.1780189847846179,0.4208573790559796,-0.1361182826232166,-1.0030969190222077,-1.0040002090376607,-0.6560771072465147,0.9067238119911012,-1.0026668657945366,-0.652371062151611,1
-0.3039280717276762,0.1478322147931164,1.860303996627081,1.380199321518882,0.1635272040511625,1.37955856827873,2.072198595869076,-0.1435623851092899,1.4115365605772152,1.0172330574941268,-0.3667439039834259,0.6556192767786769,0.4208573790559796,0.449788157259683,-1.0030969190222077,-1.0040002089722213,-0.9045615347503946,2.2596777709058524,-1.0026668657945366,-0.3871040381392759,1
-0.4432463446633207,-0.5726314156063316,0.3977074066535021,0.2416929451581176,0.1635272040511625,0.2423756151755577,0.1579479712935787,-0.60745176985324,-0.1734600943761104,0.0561233728015113,-0.3367111224470351,-0.1097979286992862,0.4208573790559796,-0.2854011075958254,-1.0030969190222077,-1.0040002090100113,0.2194422427866872,-0.3556358730227505,-1.0026668657945366,0.0550076685479494,1
-0.8608017418161952,-0.6945741559928286,-0.800255994829383,-0.6972265584795518,0.5867350126983124,-0.6970145106315289,-0.7351975217192008,1.0662743672709527,-0.6869916516857052,-0.6129590861577774,-0.7614666970666479,-0.3476974039234085,-2.376101857220821,-0.584539720232843,0.9968262956829548,0.995960905928164,2.174315824789868,-0.4009330099732003,0.9964931084729888,3.238211956695973,1
-0.5978225247840041,0.0152857578512719,-0.8653144831753765,-0.6595294169549744,0.5867350126983124,-0.6909601678877435,-0.7520932127433567,-0.1741112959198661,-0.5859560083420667,-0.4537514721284637,-0.6658967507034882,-0.3462028345976285,0.4208573790559796,-0.6021453011263329,0.9968262956829548,0.9959712156279302,-0.3978862567932644,-0.3770924115782267,0.9964931084729888,-0.1660481847956632,1
0.4739855417168793,0.1230902094973055,0.389129687600441,0.6407955027120981,0.5867350126983124,0.6433897921846184,0.0909277305938522,0.1258228408044445,0.6185161493135898,-0.8237699047343456,0.4165594065332786,0.0540969844173783,-2.376101857220821,0.4821865931050993,0.9968262956829548,0.9960216026787546,0.2485615116347985,-0.3866286509362162,0.9964931084729888,1.292920447272181,1
0.9465013584682188,0.6344249856107321,-0.7680530370274298,-0.5575509935135848,0.5867350126983124,-0.5681708625846512,-0.7068721798684057,0.1720984851312132,-0.5180851160369161,-0.1598184462271986,0.8079955013864879,-0.3240519825414588,0.4208573790559796,-0.531215124257369,0.9968262956829548,0.9959709172620154,-1.0851010016086824,-0.3413315139857663,0.9964931084729888,-0.8734269154952237,1
0.1330392178124468,0.614984838592595,-1.01457443772921,-0.8220850679238668,0.5867350126983124,-0.8199963558372686,-0.8165791066196636,0.210311845215048,-0.7782817310060398,-0.7627842993603176,-0.0703698730547677,-0.3521236633940427,0.4208573790559796,-0.6977258956220541,0.9968262956829548,0.9960736395273204,0.994014794146438,-0.3592119627819966,0.9964931084729888,-0.1660481847956632,1
0.3579934933782578,1.2294113034385674,0.4679354988149832,2.177920265578464,0.5867350126983124,2.1838053923427427,0.2355318792460254,0.9368383921516574,2.7146079705706847,1.3177630839767172,0.0372055321831816,1.6346377358703357,0.4208573790559796,0.7926542407845252,0.9968262956829548,0.9960424997693564,-0.7686716134592102,-0.3466956486246354,0.9964931084729888,-0.9176380861639462,1
-0.2050312701827636,-0.4389067679361151,0.4792814559329394,0.6389882802064744,0.5867350126983124,0.6413779955213162,0.1804001428992687,-0.5082753166369721,0.6185161493135898,-0.8155603040109187,-0.1324387128191738,0.0527402526625782,0.4208573790559796,0.5993574635781919,0.9968262956829548,0.9959810164628912,2.24226078543546,-0.3413315139857663,0.9964931084729888,-0.652371062151611,1
-0.4986061859158445,0.5878864518400402,-0.9198594740446026,-0.7625853313464592,0.5867350126983124,-0.7605489961112798,-0.784505427319162,0.2183722399778964,-0.7398961420979252,-0.7460718978876272,-0.7112586126595709,-0.350797949618745,0.4208573790559796,-0.654779737495775,0.9968262956829548,0.9960192717416196,-0.7977908823073212,-0.3890127107757135,0.9964931084729888,0.0550076685479494,1
0.3495257543122153,-0.3393496513886853,-1.060072906490836,-0.8599405040661048,0.1635272040511625,-0.8579772726409143,-0.8307733844656413,-0.2633473480223942,-0.8217389909875061,-0.8164399040884288,0.4207968427499144,-0.3526366714567193,0.4208573790559796,-0.8028385058086294,-1.0030969190222077,-1.004000209026367,1.485159795384576,-0.3592119627819966,-1.0026668657945366,-0.9176380861639462,1
-0.5454982881023257,0.4412017061577323,1.056322723741825,1.3856487476171786,0.5867350126983124,1.389100967898462,0.844998036482638,0.3535660797719256,1.3384945526678629,-0.7510562983268506,-0.7172504295383143,0.5559136535056305,0.4208573790559796,1.4685939545561737,0.9968262956829548,0.9960286942407428,0.6290532912501146,-0.3413315139857663,0.9964931084729888,-0.652371062151611,1
-0.8000896503992859,-0.4801434434291334,-0.5910845188871989,-0.265025769611047,0.5867350126983124,-0.2625489479541133,-0.6401112312135399,-0.4003440270105952,-0.1268206094074428,-0.7976751024348816,-0.7522240588630472,-0.2878913445064873,-2.376101857220821,-0.4697648755618229,0.9968262956829548,0.9960058061869372,-1.38017625926954,-0.3842445910967188,0.9964931084729888,0.010796497879227,1
-0.8565678722831738,-0.6839704394374809,-0.4769788296473658,-0.2104290704422378,0.5867350126983124,-0.2079917455806165,-0.5793098045715638,-0.4872552882722891,-0.1979234489652197,-0.654593489826585,-0.762288352938263,-0.2758707943293623,0.4208573790559796,-0.3808645051773149,0.9968262956829548,0.9959576908429656,-0.7084917911731144,-0.3770924115782267,0.9964931084729888,0.0550076685479494,1
0.0553916482634523,-0.3799972315175176,0.0493526296379844,0.0647170365865111,0.1635272040511625,0.0656054270446098,-0.1493815551450673,-0.4887072143661244,-0.1014622540406832,-0.3910066665994156,0.1294706176330936,-0.1786828404014525,0.4208573790559796,-0.5757890173035346,-1.0030969190222077,-1.0040002090225644,1.5938717324175231,0.0901833169632557,-1.0026668657945366,-0.652371062151611,1
0.3708548706389453,0.9018742809511652,1.1585563717143423,0.1278743837972818,-0.6828884132431379,0.1286893588543584,0.9779215192054704,-0.7117923656997753,0.2197435806049385,0.8380878417079194,0.3611572431823029,-0.0909881219873806,0.4208573790559796,0.021811070243828,-1.0030969190222077,-1.0040002090373747,-0.3124697348388056,0.9651332780587863,-1.0026668657945366,-0.652371062151611,1
-0.8576862529145379,-0.6981087281779443,1.543076162269184,-0.3410926230365376,-1.1060962218902877,-0.3397325110730949,1.5162729049111754,-0.721773268400696,0.3305247879718807,1.5194847017523485,-0.7564832454534335,-0.2704756262354976,0.4208573790559796,0.3481393669826257,-1.0030969190222077,0.9960545654900906,-0.9996844796542236,3.9738167955044537,-1.0026668657945366,-0.652371062151611,1
-0.6827395684368652,-0.6215263308337675,-1.051279135862516,-0.8635760622610429,-3.645343073773188,-0.8616086047881382,-0.8281499011346156,-0.6972499460118958,-0.8214406573949561,-0.8155603040109187,-0.5639265139476782,-0.3526393757596571,0.4208573790559796,-0.7161127892770893,0.9968262956829548,0.996045040586767,2.261673631334201,-0.3413315139857663,0.9964931084729888,-0.652371062151611,1
0.2340130119584642,3.2193754436587927,-0.8867419003986104,-0.7332485818454915,0.1635272040511625,-0.731432619719707,-0.7682135613892043,1.2992129917840114,-0.7187144570268671,-0.6704262912217654,-0.6124182621608231,-0.3467551066306071,0.4208573790559796,-0.7632519925569955,-1.0030969190222077,-1.0040002086791384,-0.94532851113775,-0.3770924115782267,-1.0026668657945366,-0.652371062151611,1
-0.532157604856768,0.4647655207251713,-0.8223713026675529,-0.5779409492310864,0.5867350126983124,-0.5757281596966782,-0.747171592489606,0.4942504721852427,-0.5032181586748354,-0.7733395002904379,-0.7071536967613536,-0.337901714724923,-2.376101857220821,-0.6082916281838233,0.9968262956829548,0.9960000026195646,-0.6444293997072704,-0.3890127107757135,0.9964931084729888,2.2655662019840763,1
-0.2654238242764259,-0.1903085242496334,-0.4210407377961199,-0.1839488295934769,0.5867350126983124,-0.1815494000154769,-0.5465846161613822,-0.3002870071665989,-0.1014622540406832,-0.7001860938441877,-0.2533107717997518,-0.2693189541738251,0.4208573790559796,-0.3420593046872264,0.9968262956829548,0.9960348876531528,0.0078422224904146,-0.3592119627819966,0.9964931084729888,0.3202746925602845,1
-0.5429419895163505,-0.1679229004105664,-1.051279135862516,-0.8635760622610429,-3.645343073773188,-0.8616086047881382,-0.8281499011346156,-0.717718473982581,-0.8214406573949561,-0.8155603040109187,-0.3494999684946074,-0.3526393757596571,0.4208573790559796,-0.802057193047084,-1.0030969190222077,-1.0040002090382874,-0.9996844796542236,-0.3413315139857663,-1.0026668657945366,-0.652371062151611,1
-0.8057614378869182,-0.6733667228821334,-0.6834850284454812,-0.6958165238656456,0.5867350126983124,-0.6940398255345412,-0.686406615724088,-0.6167367803304347,-0.6858480395809297,-0.7406476974096486,-0.7092742460867054,-0.347599771937613,-2.376101857220821,-0.5266965321197649,0.9968262956829548,0.9959697865110448,0.4931633699589302,-0.3770924115782267,0.9964931084729888,1.0276534232598458,1
-0.7812369483277193,-0.3917791388012371,-0.5464102718880778,-0.4909458024022823,0.5867350126983124,-0.4887744152601452,-0.6171232116343802,0.7054876603682669,-0.4609542330635695,-0.6299646876563044,-0.7517912936946081,-0.3275990320656566,0.4208573790559796,-0.4290063931678709,0.9968262956829548,0.9960604832938148,-0.6502532534768926,-0.3592119627819966,0.9964931084729888,-0.1660481847956632,1
0.8404149671502511,1.607021431881778,-0.1488307914535439,-0.1653763092374331,0.1635272040511625,-0.1642204535357459,-0.2895689028788716,0.532373592368026,-0.2766835173984496,0.72080783137325,0.3972329661872838,-0.1770763584676757,0.4208573790559796,-0.4414032223177248,-1.0030969190222077,-1.0040002087240192,-0.6444293997072704,-0.2656376140817252,-1.0026668657945366,-0.1660481847956632,1
0.3893880353872648,-0.1319880831952219,-0.1639987954740619,-0.0183553480328727,0.5867350126983124,-0.0191908538360051,-0.3287939965296645,-0.1425118113587435,-0.2291490316521315,0.8910104463714388,0.4710753355833593,-0.1969900091033885,0.4208573790559796,0.0318769829884047,0.9968262956829548,0.99599969030021,-0.6386055459376483,-0.3770924115782267,0.9964931084729888,-0.652371062151611,1
0.1787330550367522,-0.2450943931189291,1.165082524369719,0.5793825870046345,0.1635272040511625,0.5796727196282162,1.112068327077964,-0.2145520778319782,0.4739238014576348,1.3054486828915768,0.1982938079979038,0.0915953404856238,0.4208573790559796,0.2145869722757977,-1.0030969190222077,-1.0040002089463946,-0.9996844796542236,-0.3770924115782267,-1.0026668657945366,-0.652371062151611,1
0.7159551797455873,-0.2333124858352096,-0.2905040987172756,0.0262685446332888,0.5867350126983124,0.0255174821983398,-0.4329784318426702,0.1158212161468971,0.078532346797885,0.4786246100321576,0.7369963019804395,-0.1774791482791503,0.4208573790559796,-0.1293469053564897,0.9968262956829548,0.9959940165890868,-0.6619009610161368,-0.3770924115782267,0.9964931084729888,-0.652371062151611,1
-0.4196804670738625,0.9649074849190646,-0.5824946876937178,-0.6256828672126503,0.1635272040511625,-0.6239919416886983,-0.6269386345000394,8.96596738422307,-0.6276232667682327,-0.6484362892840149,-0.7124011426016712,-0.3411351728907851,0.4208573790559796,-0.7237696543402343,-1.0030969190222077,-1.004000208869425,0.0660807601866365,-0.2346448361682595,-1.0026668657945366,0.3202746925602845,1
-0.8398720471435238,-0.6197590447412096,-0.9146291523762892,-0.769036888372558,0.1635272040511625,-0.7671793251822638,-0.7813437737901556,0.1649261411806271,-0.755210599848831,-0.7821355010655381,-0.7603527939051197,-0.3508320741489438,-2.376101857220821,-0.7811440547963853,-1.0030969190222077,-1.0040002086277209,-0.9162092422896392,-0.3556358730227505,-1.0026668657945366,-0.9618492568326688,1
1.5354885295430505,0.7204329087818847,-0.3656198867292647,-0.1144960396966553,0.5867350126983124,-0.1118591403488132,-0.5068488232056817,0.9827120727423948,-0.1155833774213885,-0.2926380579312117,1.385706206909158,-0.2429124745620116,0.4208573790559796,-0.2723010969605808,0.9968262956829548,0.99600656537406,0.6329358604298625,-0.3592119627819966,0.9964931084729888,0.5413305459038973,1
-0.8009683780382149,-0.6556938619565541,1.0804701135761534,0.5628435896638908,0.5867350126983124,0.5529709295499623,0.8827051613946736,-0.4682865027503564,0.6185161493135898,0.6961790292029695,-0.6927263973014576,0.0068566193990071,0.4208573790559796,1.5850616435438754,0.9968262956829548,0.9959839139555512,-0.1804623827273694,-0.3556358730227505,0.9964931084729888,1.292920447272181,1
-0.8615207007935006,-0.6969305374495723,-0.9114172345340964,-0.7345911966490407,0.1635272040511625,-0.7327736738401597,-0.7785590996055031,0.308806750016806,-0.7239352948964941,-0.7576532989081758,-0.7550223827216298,-0.3485424540542582,-2.376101857220821,-0.7721459361592541,-1.0030969190222077,-1.0040002089416853,-1.1530459622542746,-0.3842445910967188,-1.0026668657945366,1.7792433246281287,1
-0.6741919450400109,-0.6238827122905115,1.1039264036983785,0.7021480176089353,0.1635272040511625,0.7022954451678254,1.0206424862169243,-0.513470254061953,0.4745204686427351,1.0949310643408454,-0.5252030753422158,0.1532797297704275,0.4208573790559796,0.1407268725510387,-1.0030969190222077,-1.0040002090270137,-0.3474128574565389,-0.3413315139857663,-1.0026668657945366,-0.652371062151611,1
-0.1658879480850194,-0.4919253507128529,-0.373176079724352,-0.0166026218159849,0.5867350126983124,-0.0139300301979428,-0.5160604695715665,-0.5796478763991717,-0.1014622540406832,-0.8155603040109187,-0.0364074492505552,-0.2231162986735553,0.4208573790559796,-0.309048840511933,0.9968262956829548,0.9960367985430034,2.24226078543546,-0.3413315139857663,0.9964931084729888,-0.652371062151611,1
-0.5165801603484821,-0.6509810990430663,-1.051279135862516,-0.8635760622610429,-3.645343073773188,-0.8616086047881382,-0.8281499011346156,-0.7044190710433302,-0.8214406573949561,-0.8155603040109187,-0.387840421137534,-0.3526393757596571,0.4208573790559796,-0.802057193047084,-1.0030969190222077,-1.004000209020028,2.24226078543546,-0.3413315139857663,-1.0026668657945366,-0.652371062151611,1
1.2487836662597778,0.5660899233651591,0.1938604210129757,0.6276774759170547,0.5867350126983124,0.631900951573259,-0.0343802936056815,0.3579092606417204,0.6474545077909506,1.3871048900870904,1.1863118604856169,0.1440016256170317,0.4208573790559796,0.4584086413954007,0.9968262956829548,0.9960259099286352,-0.5124220475958342,-0.3413315139857663,0.9964931084729888,0.3202746925602845,1
-0.5975828717915689,0.2238255167731073,-0.7239948888557145,-0.5970778065454848,0.5867350126983124,-0.5949627460438506,-0.7047508255226287,-0.1407660967874691,-0.5340459632383472,-0.7855073013626597,-0.7204840598461179,-0.3398315850888324,0.4208573790559796,-0.5532351222535904,0.9968262956829548,0.9960136005242312,-0.1241651296210217,-0.3770924115782267,0.9964931084729888,-0.9176380861639462,1
-0.7452889994624441,-0.2939893083463651,-0.7593264823800608,-0.6169950829266235,0.5867350126983124,-0.6147617179721236,-0.7199449923561705,-0.4032638811853594,-0.5340459632383472,-0.7393282972933837,-0.7437530730945011,-0.3416642708158395,0.4208573790559796,-0.5717261909434984,0.9968262956829548,0.9959877218070244,-0.0368073230766889,-0.3413315139857663,0.9964931084729888,0.8065975699162331,1
0.0622617007132604,0.5166059127735371,-1.0404603011811155,-0.8533606957206928,-2.375719647831738,-0.8514051128002238,-0.824761575792867,0.1210622103621815,-0.8119437046987775,-0.8007537027061667,-0.1010088248011829,-0.3525565422136523,0.4208573790559796,-0.7992835327435978,-1.0030969190222077,-1.0040002089101767,0.9299524026805942,-0.3413315139857663,-1.0026668657945366,-0.652371062151611,1
0.0234379159387632,0.3563719737149518,-0.3242526062571838,0.0102111839912728,0.5867350126983124,0.0080556443887702,-0.4547119265230727,-0.2660124726307001,0.1274590559761036,0.3195635960157623,-0.1180199341242522,-0.1709935301686092,0.4208573790559796,-0.1625526977221695,0.9968262956829548,0.9960029955684238,-0.7744954672288327,-0.3770924115782267,0.9964931084729888,-0.9176380861639462,1
-0.0373540598089576,-0.4094519997268163,0.2361414812673758,0.793750225556311,0.5867350126983124,0.7968454954899492,-0.0527184824045442,-0.3519031473538996,0.8596691366249312,-0.8155603040109187,0.0829139052482253,0.1423923060781618,0.4208573790559796,0.2952965805434382,0.9968262956829548,0.9960290613391012,1.935537820235358,-0.3890127107757135,0.9964931084729888,-0.652371062151611,1
-0.8560086819674918,-0.682203153344923,-0.9379868509462886,-0.7894166641181515,0.1635272040511625,-0.7875354110568419,-0.7892540327702366,-0.6745035530198481,-0.7640114408290594,-0.7239352959369583,-0.7614220004223083,-0.3511543846735311,0.4208573790559796,-0.7762348062780082,-1.0030969190222077,-1.0040002089744848,0.3941578558753532,-0.3699402320597346,-1.0026668657945366,1.292920447272181,1
0.4014505693398351,0.8158663577800127,0.2741391125292036,0.0869562288547022,-0.2596806045959874,0.0878187680177277,0.0880660196283899,-0.712101066366619,-0.2661423971283456,0.4123614041930696,0.3084622912995251,-0.1505708174855097,0.4208573790559796,-0.2567008854883909,-1.0030969190222077,-1.0040002090375502,-0.3124697348388056,-0.3413315139857663,-1.0026668657945366,-0.652371062151611,1
-0.288430511550202,-0.4984053997188987,-0.8699207649045596,-0.6659505730843521,0.5867350126983124,-0.6631358581448075,-0.7633187907512106,-0.5467796864994255,-0.5854090634223916,-0.5956602846334137,-0.2504264928559007,-0.3393381841452104,0.4208573790559796,-0.6197508820198226,0.9968262956829548,0.995974641594224,1.2405579370604445,-0.3413315139857663,0.9964931084729888,-0.1660481847956632,1
3.474441007005183,0.3917176955661103,2.3196989680860027,2.82789288746687,0.1635272040511625,2.825569305412736,2.948866124470313,0.6941818217525004,2.4904599980347,1.5194847017523485,3.4695188520220626,2.3779795417691405,0.4208573790559796,0.8006757184697247,-1.0030969190222077,-1.0040002090206157,0.3048587647411458,1.816242640759344,-1.0026668657945366,-0.652371062151611,1
1.5028957225718675,0.2644730969019396,-0.2253739584720676,0.0207860071956506,0.5867350126983124,0.0232839562321732,-0.4202118257312103,0.6606587573668667,-0.1014622540406832,-0.7838947012205579,1.5497064915256749,-0.2116151831392527,0.4208573790559796,-0.1820594730020864,0.9968262956829548,0.9960195301559678,0.8775377187539942,-0.3508677533437558,0.9964931084729888,0.5413305459038973,1
-0.8496978198333657,-0.6462683361295785,-0.8519387471307722,-0.7039495247805558,0.1635272040511625,-0.7021676204820706,-0.7468949602552213,3.578786519663282,-0.6990741621839847,-0.561355881610523,-0.7586207615651818,-0.3406054012614494,-2.376101857220821,-0.7415314977860332,-1.0030969190222077,-1.0040002085437056,-0.0678678765146738,-0.3413315139857663,-1.0026668657945366,1.558187471284516,1
-0.2764478619284436,-0.1997340500766091,-0.9989320630268944,-0.8162047560098471,0.5867350126983124,-0.8150441632067175,-0.8111089715586276,0.1009910846022019,-0.7766906185124391,-0.7836015011947214,-0.2749355016387235,-0.3522495051591811,0.4208573790559796,-0.692803625224318,0.9968262956829548,0.9960251014296776,1.0600184702021562,-0.3413315139857663,0.9964931084729888,-0.652371062151611,1
0.0827919737318732,1.362546855744598,-1.00430489094415,-0.8073157675831034,0.5867350126983124,-0.8063499827250948,-0.8126888869763249,1.1023548962791498,-0.7756961732039388,-0.7818423010397013,-0.301348751906231,-0.3520854930595569,0.4208573790559796,-0.6947569071281816,0.9968262956829548,0.9960242144685792,-0.6968440836338702,-0.3830525611769701,0.9964931084729888,0.8065975699162331,1
-0.6241044696210608,-0.0925186937947615,-0.5383496045578431,-0.0753592793712286,0.5867350126983124,-0.0705436451353692,-0.5800285239440275,-0.176216471239483,0.1256690544208029,0.0537777725948179,-0.6619133678214855,-0.1348402371197924,0.4208573790559796,-0.3333606892753542,0.9968262956829548,0.995978954269468,-0.8385578586946766,-0.3520597832635044,0.9964931084729888,-0.652371062151611,1
-0.7210840472264921,-0.633308238117487,1.1967238057329537,0.5821853595679815,0.5867350126983124,0.5877065169205438,1.0273166658740018,-0.6896112902265971,0.7625118299844442,1.5194847017523485,-0.6223991424315521,0.0712719860898479,0.4208573790559796,1.841123879261023,0.9968262956829548,0.9960634810037858,-0.3474128574565389,-0.3413315139857663,0.9964931084729888,-0.652371062151611,1
0.0063426691450545,-0.1708683772314962,-0.8578818734941412,-0.6860388313135566,-1.5293040305374377,-0.6842777467739993,-0.7523818471514473,-0.160398566029853,-0.6687933025401482,-0.6611904904079101,0.0083072082852312,-0.3412951753882786,0.4208573790559796,-0.7492925378840509,-1.0030969190222077,-1.0040002089246352,0.2951523417917756,-0.3413315139857663,-1.0026668657945366,-0.652371062151611,1
-0.6736327547243289,-0.0506929229375572,-0.9992603523966452,-0.7768302055597783,0.5867350126983124,-0.7748099795879924,-0.8119526353978107,0.4722569665632504,-0.7509344850222794,-0.7888791016597814,-0.6683393699961637,-0.3512816046644521,-2.376101857220821,-0.693532850468427,0.9968262956829548,0.9960324918845712,-0.2658789046818283,-0.3890127107757135,0.9964931084729888,3.238211956695973,1
-0.0790536804926768,-0.4347831003868133,0.5998294009362578,1.4663408715056707,0.5867350126983124,1.4698106277386578,0.3060826737899882,-0.2124450722842648,1.2191611156478177,-0.8111623036233686,-0.0110291729532337,0.625392417963379,0.4208573790559796,0.7635503404169588,0.9968262956829548,0.9960606119389114,0.9318936872704682,-0.3413315139857663,0.9964931084729888,-0.652371062151611,1
-0.1698821646256056,-0.4978163043547127,-1.051279135862516,-0.8635760622610429,-3.645343073773188,-0.8616086047881382,-0.8281499011346156,-0.5871358069755007,-0.8214406573949561,-0.8155603040109187,-0.063655958716216,-0.3526393757596571,0.4208573790559796,-0.802057193047084,-1.0030969190222077,-1.0040002090369244,2.24226078543546,-0.3413315139857663,-1.0026668657945366,-0.652371062151611,1
-0.4681702558765781,-0.1867739520645176,-1.0807924471097798,-0.852482314809171,0.1635272040511625,-0.8505277529367622,-0.8368331179456868,0.8483112971169221,-0.8214406573949561,-0.8258223049152024,-0.3314755608315503,-0.3526147573902078,-2.376101857220821,-0.8067190258576382,-1.0030969190222077,-1.0040002089841442,-0.1591082522387548,-0.3842445910967188,-1.0026668657945366,1.5139763006157936,1
-0.7809174110044724,-0.4153429533686761,-0.8997889665943062,-0.7931010275077912,0.5867350126983124,-0.7924813513965275,-0.7759628650688842,0.5337023542057306,-0.7572492127312568,-0.7792035008071713,-0.7496880101298624,-0.351781614190123,-2.376101857220821,-0.6479172070735345,0.9968262956829548,0.9959921966977684,0.0699633293663844,-0.3937808304547082,0.9964931084729888,3.238211956695973,1
1.7318442146782649,0.3846485511958786,1.6962233093793395,0.6358295831481635,0.5867350126983124,0.6303459162302694,1.7419367165650528,0.3095125210832185,1.4828382891966925,1.9572323403265024,1.77887665115243,0.1687304383591666,0.4208573790559796,2.799976943988263,0.9968262956829548,0.9960178093842048,-1.00744961801372,3.137607806800755,0.9964931084729888,-0.652371062151611,1
2.5326047467349726,0.2267709935940371,0.8467467874860444,1.631525876233033,0.5867350126983124,1.6363796820225365,0.5935434019692134,0.4633706596459956,1.3384945526678629,2.3685919765753547,2.464968497408002,0.7711196241585048,0.4208573790559796,1.2637337484789684,0.9968262956829548,0.9959726661403572,-0.9996844796542236,-0.3413315139857663,0.9964931084729888,-0.652371062151611,1
-0.307762519606639,0.8912705643958176,-0.6277290305875963,-0.2667369994735709,0.5867350126983124,-0.2641422549337553,-0.6588258242940981,0.5678191033290231,-0.1307983906414443,-0.5313028789622639,-0.5797397083563133,-0.2881534726591004,0.4208573790559796,-0.4909775170377807,0.9968262956829548,0.996022391712964,0.2291486657360576,-0.3413315139857663,0.9964931084729888,-0.1660481847956632,1
0.1438236024720294,0.5943665008460859,-0.7874027595739874,-0.703603328452784,-0.2596806045959874,-0.7018218265800396,-0.7241842293673858,0.2393085303597593,-0.6880358192596305,-0.4896684752934562,-0.0348749821955452,-0.3411527838822819,0.4208573790559796,-0.73470803300187,-1.0030969190222077,-1.0040002086260502,0.4077468480044713,-0.3413315139857663,-1.0026668657945366,0.8065975699162331,1
0.5113714085367654,-0.2621781586803224,-0.8651873686234071,-0.6686564725073234,0.5867350126983124,-0.6665167967524664,-0.763954922089497,-0.1041370554411215,-0.6011710215621227,-0.8155603040109187,0.6095273770643796,-0.3457749907040741,0.4208573790559796,-0.6323821049981401,0.9968262956829548,0.9960722410715436,1.918066258926492,-0.3413315139857663,0.9964931084729888,-0.652371062151611,1
-0.5694635873458426,0.2962842465679823,0.3785475455288701,0.6838820351038911,0.5867350126983124,0.6864643529438365,0.088478092112615,-0.0758529171569131,0.6185161493135898,0.6818122279369726,-0.7074895195423203,0.0779883490851598,0.4208573790559796,0.5588594187714216,0.9968262956829548,0.9960673918664062,-1.0482165944010753,-0.3717282769393576,0.9964931084729888,-0.1660481847956632,1
0.0323050766588644,2.376969072872848,1.0870128936082053,-0.1395415755838107,-0.6828884132431379,-0.1384157507085473,0.8864295669910144,0.825809259326459,-0.1213511602106907,0.8597846436198332,-0.6170367410076318,-0.2181339371179461,0.4208573790559796,-0.0191818059785875,-1.0030969190222077,-1.0040002089479745,-0.6386055459376483,0.9174520812688394,-1.0026668657945366,-0.1660481847956632,1
-0.861121279139442,-0.6963414420853864,-0.8951479796627423,-0.7646019341454195,0.5867350126983124,-0.7625150995424961,-0.7753380191516227,0.4160754439648064,-0.7239850171619192,-0.7768579006004779,-0.7613717727550905,-0.3508763688906057,-2.376101857220821,-0.6456123344269755,0.9968262956829548,0.9959647464894416,-0.5861908620110485,-0.3592119627819966,0.9964931084729888,1.558187471284516,1
-0.5156215483787414,0.5478279670753938,-1.0111615103770564,-0.8250235509016727,-0.6828884132431379,-0.823100907661899,-0.8151306444370243,0.6593257658149729,-0.7889222958069938,-0.7626376993473991,-0.7117696343273806,-0.3520419743918747,0.4208573790559796,-0.7925902867530255,-1.0030969190222077,-1.0040002089335314,-0.2425834896033394,-0.3627880525412426,-1.0026668657945366,-0.652371062151611,1
0.5539497568594136,-0.1826502845152157,-0.9755151656706204,-0.7894705205268301,0.5867350126983124,-0.7874372860263047,-0.8039894269061262,-0.1636079644840479,-0.7458628139489275,-0.8155603040109187,0.6101163562573504,-0.3516471396418889,0.4208573790559796,-0.6845998412280914,0.9968262956829548,0.9959878529738404,1.910301120566996,-0.3413315139857663,0.9964931084729888,-0.652371062151611,1
-0.4551491099542673,-0.5514239824956365,1.389846601768344,-0.6402835259668451,-2.375719647831738,-0.6385756283364801,1.2904731909288552,-0.5441966184341701,-0.0291163578472807,0.952875651822977,-0.3984751580047236,-0.3167153732804845,0.4208573790559796,0.1973069383662852,-1.0030969190222077,-1.0040002089279505,-1.13169183176566,3.108999088726786,-1.0026668657945366,-0.9176380861639462,1
-0.4942924320520114,0.6303013180614304,-1.042734791134357,-0.8395310209503415,0.1635272040511625,-0.8375915139286255,-0.8253073498959411,0.1850991307651391,-0.807717312137651,-0.7994343025899017,-0.7167615319620171,-0.3524824807671113,-2.376101857220821,-0.7985673293788478,-1.0030969190222077,-1.0040002088897853,-0.7939083131275733,-0.3735163218189807,-1.0026668657945366,2.2655662019840763,1
-0.3424323191789266,-0.51136549773099,2.284210515130195,1.359215335270631,-0.2596806045959874,1.3585989742482258,2.804738931053977,-0.5583359218251107,1.6264859140095718,2.6519698015465,-0.2948992802560968,0.7715461802417348,0.4208573790559796,1.0145861307014978,-1.0030969190222077,-1.0040002090203308,-0.9996844796542236,3.9738167955044537,-1.0026668657945366,-0.652371062151611,1
0.9649546388857267,0.4176378915902932,1.0029280818036206,-0.1812386587539819,-1.1060962218902877,-0.180064364330557,0.8039918489769218,1.3560641851871913,-0.1014622540406832,0.1105119775942143,0.9496884232998954,-0.2134424973024795,0.4208573790559796,-0.1352718604648757,-1.0030969190222077,-1.0040002090075213,7.708413091831453e-05,1.3632712712548456,-1.0026668657945366,0.3202746925602845,1
0.3516826312441319,0.1490104055214884,-0.8488022201675794,-0.6355818185693941,0.5867350126983124,-0.6334151111398515,-0.7577014040487029,0.1568610128422335,-0.5584098732966064,-0.7912247018664749,0.2978525935223921,-0.3432415775427625,0.4208573790559796,-0.622837067427927,0.9968262956829548,0.9960624149681616,0.9454826793995864,-0.3413315139857663,0.9964931084729888,-0.652371062151611,1
-0.2465711222048593,-0.4683615361454139,-0.1155551552226657,0.3004520297503511,-0.2596806045959874,0.3013936943471537,-0.2747339590328915,-0.5009822711184689,0.3305247879718807,1.0949310643408454,-0.1157999011306461,-0.0492321088572145,0.4208573790559796,0.1135371884492586,0.9968262956829548,0.9960172570328732,-0.3474128574565389,-0.3413315139857663,0.9964931084729888,-0.652371062151611,1
-0.5010027158401962,-0.6515701944072523,1.521655796636866,3.6215338173852727,0.1635272040511625,3.61828769077044,1.871330385549588,-0.6997778263359306,2.59766120229104,1.6539169135984633,-0.3251742309022877,4.21209156091935,0.4208573790559796,0.6872811930107683,-1.0030969190222077,-1.00400020901357,0.9571303869388312,-0.3413315139857663,-1.0026668657945366,-0.652371062151611,1
-0.1922497772528879,-0.5567258407733102,1.1193648601928738,0.7697050057502526,0.5867350126983124,0.7685750947490311,0.9113182920318372,-0.5602707674277484,0.6185161493135898,0.4581006082235905,-0.1110460617104273,0.1246061267418395,0.4208573790559796,1.6148557035174738,0.9968262956829548,0.9960682029441508,0.3048587647411458,-0.3413315139857663,0.9964931084729888,-0.652371062151611,1
2.475088028550533,0.2621167154451957,0.6949313937875763,0.8998506940622176,0.5867350126983124,0.9070856116062558,0.4072711468087718,0.5544763814802526,0.7625118299844442,1.0949310643408454,2.6112432738275397,0.4087117241053352,0.4208573790559796,0.9823569792877498,0.9968262956829548,0.9960131171995388,1.269677205908555,-0.3651721123807399,0.9964931084729888,-0.652371062151611,1
-0.2433757489723904,-0.5190237374654079,1.3723638193472765,-0.645952180854024,-1.9525118391845877,-0.6442376938624813,1.264621519118509,-0.6250498233787739,-0.1014622540406832,1.1660320706062386,-0.1047389017840768,-0.3313953736694531,0.4208573790559796,0.184844999819636,-1.0030969190222077,-1.004000209028128,-0.9996844796542236,2.8258919827864752,-1.0026668657945366,-0.652371062151611,1
-0.6558984332841264,0.0482750982456866,-0.1187050774784321,0.4493281820958315,0.5867350126983124,0.4523515069460326,-0.3441331017849293,-0.2158365727283432,0.6185161493135898,-0.786093701414333,-0.7358854172809878,-0.0413288520205932,0.4208573790559796,-0.0830020367174881,0.9968262956829548,0.9960219890979912,-1.13169183176566,-0.3592119627819966,0.9964931084729888,-0.9176380861639462,1
0.438037592851604,-0.5956061348095847,1.2197580540768609,1.6927060642373364,0.5867350126983124,1.6786770619940878,1.0972348030012673,-0.6649111441028512,1.1225010316615809,2.793145613986858,1.8282103854834448,0.8157977231582682,0.4208573790559796,1.999105319645504,0.9968262956829548,0.9960468661961868,-1.170517523563141,-0.3413315139857663,0.9964931084729888,-0.652371062151611,1
-0.7459280741089379,-0.6150462818277218,0.0971013044127361,0.1171511625013988,0.1635272040511625,0.1179786024517372,-0.1220257315653565,-0.6620174819405341,-0.069441115106971,0.0348663709283525,-0.6682732966958356,-0.1088650602690665,0.4208573790559796,-0.3874796198917327,-1.0030969190222077,-1.0040002088021995,-0.6366642613477741,-0.2656376140817252,-1.0026668657945366,0.5855417165726204,1
0.0194436993981771,-0.3505424633082188,-0.6757443272578532,-0.3914500217923137,0.5867350126983124,-0.3890543232820017,-0.6818891790489257,-0.4339899365694276,-0.2819540775335016,-0.8155603040109187,0.0551631191103865,-0.312354696666052,0.4208573790559796,-0.5253422566664194,0.9968262956829548,0.9960036557601696,2.261673631334201,-0.3413315139857663,0.9964931084729888,-0.652371062151611,1
-0.7730887465849237,-0.3746953732398438,0.0568542828908793,0.224901725100507,0.1635272040511625,0.2256039135779305,-0.1137480095698224,0.7624316537973161,0.0573009394614019,0.1448163806171051,-0.751624914546949,-0.0170243536809594,0.4208573790559796,-0.3573600129341572,-1.0030969190222077,-1.0040002089405011,0.792121196799536,-0.3011005041942484,-1.0026668657945366,-0.1660481847956632,1
1.0755944370599628,0.060057005529406,-1.0074220775883391,-0.8322249179937292,-1.9525118391845877,-0.8302939037365473,-0.8133349747732469,0.5375620752763665,-0.7985186930340225,-0.7495902981976672,1.0227577201334206,-0.3520627353921465,0.4208573790559796,-0.7901291515541574,-1.0030969190222077,-1.0040002089497964,0.6212881528906182,-0.3413315139857663,-1.0026668657945366,-0.652371062151611,1
-0.5296811906016046,0.4865620492000523,-0.8445382953377597,-0.6059850978829598,0.1635272040511625,-0.6043170694517205,-0.7219563478447102,-0.2857786696615491,-0.6426393909265883,-0.305392259055107,-0.7200953933735991,-0.3173158110466531,0.4208573790559796,-0.7118937003647441,-1.0030969190222077,-1.0040002089274158,-1.3316441445226883,-0.3890127107757135,-1.0026668657945366,0.5413305459038973,1
0.6967030560199621,0.1118973975777719,-0.9156090604698314,-0.7698415003321025,0.1635272040511625,-0.7679830018442968,-0.7815430556834306,0.0541866939618245,-0.7534205982935304,-0.7800831008846811,0.7134206159365285,-0.350853835024258,0.4208573790559796,-0.7818993237992125,-1.0030969190222077,-1.0040002089702469,1.48710107997445,-0.3413315139857663,-1.0026668657945366,-0.1660481847956632,1
0.3532004335295545,-0.3799972315175176,-0.9592539935179036,-0.7660236384184178,0.1635272040511625,-0.7641695778919233,-0.7958073502974777,-0.3015742816395913,-0.7416364213878008,-0.755161098688564,0.4276455197134567,-0.3497211668157296,0.4208573790559796,-0.7784485257690535,-1.0030969190222077,-1.0040002090186235,2.3102057460810523,-0.3770924115782267,-1.0026668657945366,-0.652371062151611,1
-0.8597632455156426,-0.6939850606286425,-0.9730970263519813,-0.7656261918667198,0.5867350126983124,-0.765546208270619,-0.8006418033445415,-0.6545373989609367,-0.7079744476950631,-0.695055093392046,-0.7628845075122649,-0.3499840609630744,0.4208573790559796,-0.6737526157219692,0.9968262956829548,0.9959766127746832,-0.5823082928313004,-0.3413315139857663,0.9964931084729888,0.8065975699162331,1
2.9055846872949056,0.6762507564679365,1.0016148901648512,0.6885162734916992,0.5867350126983124,0.6105679192413858,0.8029412642270801,1.2179077604397297,0.7625118299844442,1.7689979237393576,2.6970085104729944,0.0363828282940074,0.4208573790559796,1.5129464756532345,0.9968262956829548,0.9960465922755394,-0.628899122988278,-0.3413315139857663,0.9964931084729888,-0.1660481847956632,1
0.4183860474719203,-0.5773441785198193,-1.051279135862516,-0.8635760622610429,-3.645343073773188,-0.8616086047881382,-0.8281499011346156,-0.7069317815415356,-0.8214406573949561,-0.8155603040109187,0.4957361485211216,-0.3526393757596571,0.4208573790559796,-0.802057193047084,-1.0030969190222077,-1.0040002090343974,0.1456734283714729,-0.3413315139857663,-1.0026668657945366,-0.652371062151611,1
-0.7850713962066821,-0.632130047389115,0.5563085359761274,0.2390803222764021,0.1635272040511625,0.2397660292604828,0.3004064454317737,-0.1197908743377715,0.0425334266301713,0.7501278339569174,-0.6957667407827355,-0.103678707444569,0.4208573790559796,-0.2597740490171362,-1.0030969190222077,-1.0040002089122126,0.0447266296980216,0.1342884239939568,-1.0026668657945366,0.3202746925602845,1
0.1527706475229424,-0.4070956182700725,1.0564191018669975,1.627120960373011,0.5867350126983124,1.6297325321685965,0.843021579313796,-0.3041077680795687,2.058472956022136,-0.4978780760168831,0.2418990469853066,0.7614580079278618,0.4208573790559796,1.4659374911669192,0.9968262956829548,0.9960552684675796,0.553343192245026,-0.3413315139857663,0.9964931084729888,1.292920447272181,1
1.382350267376978,0.5572534929023694,1.8353634619025043,2.43740693070801,0.5867350126983124,2.443467056242055,1.985635794946196,0.6549176860224538,2.7784513593764086,0.894089046642724,1.2289231597131054,1.6069792705582762,0.4208573790559796,2.989080676040969,0.9968262956829548,0.9960717061425296,-0.7065505065832405,0.5282543124708955,0.9964931084729888,-0.1660481847956632,1
-0.8141492926221491,-0.5337511215700572,-0.8321349247563863,-0.7532432511357535,0.5867350126983124,-0.7513118848403061,-0.7511740261508748,-0.5905970421823923,-0.7398961420979252,-0.7451922978101171,-0.7549291775117777,-0.3504573705104237,0.4208573790559796,-0.6130576360292502,0.9968262956829548,0.9960456438734312,0.0330789221587774,-0.3413315139857663,0.9964931084729888,0.3202746925602845,1
1.6395778125907252,1.504518838513418,0.4486685704632348,0.5461892703177541,0.5867350126983124,0.5301212206216527,0.1722085068174795,0.6874005962294878,0.3965559564563055,1.1081250655034958,1.3479101863019678,-0.0002597512383704,0.4208573790559796,0.6930889512049223,0.9968262956829548,0.99601438527652,-1.015214756373216,-0.3592119627819966,0.9964931084729888,-0.652371062151611,1
-0.3070435606293335,1.294800888863211,-0.7214778877267909,-0.655269337462348,0.5867350126983124,-0.6548474063852011,-0.7013984343349237,0.3552814990208064,-0.660340517417895,-0.6279122874754477,-0.6878308441058743,-0.3449704882066266,-2.376101857220821,-0.5408643368624548,0.9968262956829548,0.9960037555725711,-0.1940513748564879,-0.3770924115782267,0.9964931084729888,1.7792433246281287,1
0.0889430672043759,0.0040929459317384,1.295371286365573,1.1069851462146143,0.1635272040511625,1.106661982758243,1.2074437881495923,-0.0361728359771054,0.9065075106552988,1.811218727459838,0.1013059017020223,0.4750550003028975,0.4208573790559796,0.2725213135443897,-1.0030969190222077,-1.0040002090173292,-0.6366642613477741,0.0901833169632557,-1.0026668657945366,-0.652371062151611,1
1.6621051938796307,0.2367856147851987,-1.0589941607238698,-0.8568352606826711,-0.2596806045959874,-0.854875638856337,-0.830455978881763,0.4082146867081849,-0.8205953788827308,-0.8148273039463271,1.7991124963005662,-0.3526288804419247,0.4208573790559796,-0.803085921516452,-1.0030969190222077,-1.0040002090161615,1.7452919304277004,-0.3699402320597346,-1.0026668657945366,-0.1660481847956632,1
-0.8375554015499838,-0.6904504884435266,-0.9756238785374522,-0.8169899388155738,0.1635272040511625,-0.8150766340119285,-0.8037039841778403,-0.7173962743959904,-0.7844472919187421,-0.8006071026932483,-0.7427192950211536,-0.3521656506606244,0.4208573790559796,-0.7911188143854483,-1.0030969190222077,-1.0040002089716566,0.920245979731224,-0.3377554242265203,-1.0026668657945366,-0.8734269154952237,1
0.1609987335965498,-0.4330158142942554,0.5214915237684641,0.5448695351513368,0.5867350126983124,0.5482867949859669,0.2291171889164723,-0.2708189509451432,0.4025226283073078,0.9537552519004872,0.2198316858289779,0.0084695947266747,0.4208573790559796,0.7629252902077226,0.9968262956829548,0.9959719972782048,-0.6871376606844999,-0.3592119627819966,0.9964931084729888,-0.652371062151611,1
-0.6772275496108564,-0.4123974765477462,-0.6652459658602933,-0.676360942034018,0.1635272040511625,-0.6746111072722599,-0.6751149729596739,-0.5707742520409301,-0.6662574670034722,-0.6850862925135991,-0.6382870803925946,-0.3450310414874651,0.4208573790559796,-0.726178702021666,-1.0030969190222077,-1.00400020892078,0.6989395364855807,-0.314510840791421,-1.0026668657945366,-0.1660481847956632,1
-0.6187522194566754,-0.6721885321537614,2.0093074096753885,0.752637943597037,-0.6828884132431379,0.7527266806261999,2.302647312354496,-0.7170999573947946,0.5668049932715701,1.6402831123970578,-0.4177749149025089,0.3161083215762702,0.4208573790559796,0.543155032264359,-1.0030969190222077,-1.0040002090361837,-0.5415413164439452,2.154779137967969,-1.0026668657945366,-0.652371062151611,1
-0.6907280015180376,-0.2185851017305602,-0.4612351345735322,-0.2262233806229541,0.5867350126983124,-0.2235674562139934,-0.5685114618375158,-0.5274737417999068,-0.1014622540406832,-0.7759783005229678,-0.7035325211343173,-0.2792534630211428,0.4208573790559796,-0.3754604252432925,0.9968262956829548,0.9960467874048664,0.6115817299412479,-0.3592119627819966,0.9964931084729888,-0.652371062151611,1
-0.7972138144900639,-0.4742524897872736,-0.8330077491768142,-0.7786869972543002,0.1635272040511625,-0.7768182165787134,-0.7501197844003472,-0.3643468602837189,-0.7608789381072831,-0.7424068975646687,-0.754163728791573,-0.3511658063131316,0.4208573790559796,-0.7644369835786727,-1.0030969190222077,-1.0040002089883175,-0.9938606258846016,-0.314510840791421,-1.0026668657945366,0.8065975699162331,1
0.320208204904313,0.5124822452242352,-0.2182884211927624,0.240034870067371,0.5867350126983124,0.2437660778286811,-0.3741062610605022,0.4128702800527407,0.2109924618901353,0.386853001945279,0.2177811712122319,-0.0546532357485664,0.4208573790559796,-0.0416836135110952,0.9968262956829548,0.9960128273336804,-0.3008220272995613,-0.3770924115782267,0.9964931084729888,-0.1660481847956632,1
0.5189604199638791,-0.2068031944468407,-0.1838382227954682,-0.2795859724886232,0.1635272040511625,-0.2782973571224081,-0.3239719242308388,1.2048346131945686,-0.4260492027352062,0.3238149963903942,0.5853615159306594,-0.2459301573043401,0.4208573790559796,-0.465728092960505,-1.0030969190222077,-1.0040002089267035,-0.2581137663223319,-0.3085506911926776,-1.0026668657945366,0.3202746925602845,1
-0.7278742153454886,-0.6604066248700419,-0.4928222745788804,-0.6781454301412525,0.1635272040511625,-0.67639352105377,-0.5838740780174226,-0.3049699977529431,-0.670881637687999,-0.6509284895036266,-0.6165932875111986,-0.3457675841857222,-2.376101857220821,-0.6945225132997179,-1.0030969190222077,-1.0040002089382758,0.4970459391386781,-0.217956417291778,-1.0026668657945366,2.751889079340024,1
0.0561904915715696,-0.4683615361454139,-0.621381584002531,-0.4228039195841588,-1.9525118391845877,-0.4213488247268963,-0.584709415109298,-0.4641948395503262,-0.533449296053247,0.0335469708120875,0.1718482685157563,-0.2644581461596548,0.4208573790559796,-0.6135003799274594,-1.0030969190222077,-1.0040002090173197,0.9571303869388312,-0.3413315139857663,-1.0026668657945366,-0.652371062151611,1
-0.8091165797810106,-0.5019399719040145,-0.9096857288584052,-0.7734118194081229,0.1635272040511625,-0.7715491707078983,-0.7795148114914137,-0.5761806233847417,-0.760580604514733,-0.7577998989210941,-0.7576916244652048,-0.3508425868970634,0.4208573790559796,-0.7746331151168402,-1.0030969190222077,-1.004000208869228,0.0097835070802886,-0.3663641423004886,-1.0026668657945366,0.3202746925602845,1
1.860138449961891,0.3699211670912293,0.0430183649600844,-0.0584911052488047,0.1635272040511625,-0.0574594951093631,-0.1225942536610041,0.3450786673376858,-0.3002518712099085,0.5199658136751287,1.8229533724684188,-0.1959484954060423,0.4208573790559796,-0.3454840589586671,-1.0030969190222077,-1.0040002089224442,-0.9996844796542236,-0.3502717383838814,-1.0026668657945366,-0.652371062151611,1
-0.7374603350428953,-0.273370970599856,-1.0074933777215629,-0.8152719125588987,0.5867350126983124,-0.8133523170800199,-0.8146893293031103,-0.432973109679345,-0.7743039497720383,-0.7838947012205579,-0.7422254643703975,-0.3522157410617438,0.4208573790559796,-0.6972310642064087,0.9968262956829548,0.9960083303465076,-1.0948074245580528,-0.3794764714177241,0.9964931084729888,0.3202746925602845,1
-0.7382591783510125,-0.248628965304045,-0.9095868341490816,-0.7797148142129409,0.5867350126983124,-0.7777932952285221,-0.780853324873343,-0.4882405922265522,-0.7479014268313532,-0.7267206961824066,-0.7482660140453107,-0.3513430053682123,-2.376101857220821,-0.6494928544759845,0.9968262956829548,0.996015676897647,-0.4522422253097381,-0.3449076037450124,0.9964931084729888,1.6023986419532383,1
-0.2038330052205877,1.6818365431333968,-0.7691951696513261,-0.7311143910167169,0.5867350126983124,-0.7291105260717983,-0.7246500031242987,0.6987647414356013,-0.7080738922259131,-0.6434518888447914,-0.6789954835193417,-0.3493241914382018,-2.376101857220821,-0.5721559129623484,0.9968262956829548,0.996016154815146,-0.881266119671906,-0.3413315139857663,0.9964931084729888,1.7792433246281287,1
0.945862283821725,0.0441514306963847,-0.2055776104193572,-0.0142836625432455,0.5867350126983124,-0.0151521442759944,-0.3522101872860428,0.0315588795608825,-0.232828479293583,0.9198906489163512,1.058914764123421,-0.1933769868531341,0.4208573790559796,0.0018355073069838,0.9968262956829548,0.995978095645353,-0.628899122988278,-0.3770924115782267,0.9964931084729888,-0.1660481847956632,1
-0.7345844991336733,-0.65922843414167,1.4431979836470274,-0.5344845567641718,-0.6828884132431379,-0.5328996420343677,1.367170535952393,-0.6922122203524894,0.0673448370772558,1.1660320706062386,-0.6555501502308294,-0.317753087287167,0.4208573790559796,0.2415031969110369,-1.0030969190222077,-1.004000209033988,-1.00744961801372,3.1107871336064097,-1.0026668657945366,-0.652371062151611,1
-0.6927251097883306,0.1448867379721865,-0.9016928119485448,-0.7591473122216171,0.5867350126983124,-0.7753225974502201,-0.772600715120112,10.02290303660165,-0.7189630683539922,-0.6343626880438545,-0.741115373130042,-0.3512999586487795,0.4208573790559796,-0.6374866817069034,0.9968262956829548,0.9959603991800384,0.3766862945664865,-0.3699402320597346,0.9964931084729888,0.8065975699162331,1
-0.4486784791585178,-0.6038534699081882,1.4073475092319514,0.9328903485750064,0.5867350126983124,0.9327296435377832,1.3206514156228992,-0.6686298858194071,1.3384945526678629,0.0335469708120875,-0.3195298967986865,0.2287788833544295,0.4208573790559796,2.0933837262053165,0.9968262956829548,0.9960031059531264,1.609402009136516,0.5216981479122778,0.9964931084729888,-0.652371062151611,1
-0.8462627936084617,-0.6262390937472553,-0.6802178136007769,-0.6486443980811436,0.5867350126983124,-0.6463821815481163,-0.684101590691529,1.0930232781876086,-0.6484071737158905,-0.6522478896198917,-0.7605296371501157,-0.3443326393642981,0.4208573790559796,-0.5214487147380515,0.9968262956829548,0.9959578295115752,-0.3357651499172944,-0.3770924115782267,0.9964931084729888,1.292920447272181,1
2.639649750022681,0.3381100174251866,0.3007645426558455,-0.0327525625081409,0.1635272040511625,-0.0317508713808248,0.0779734935899082,0.5203169818976543,-0.1014622540406832,-0.4643066730585839,2.646237457629184,-0.2098332701295262,0.4208573790559796,-0.5023977052357027,-1.0030969190222077,-1.004000209028348,1.609402009136516,0.3726944079436928,-1.0026668657945366,-0.652371062151611,1
-0.4710460917858001,-0.3069494063584566,-0.9112481150870732,-0.761309772884679,0.5867350126983124,-0.7592020094970496,-0.7811575707341755,-0.4348127281190934,-0.7398961420979252,-0.7437262976809338,-0.4550220188608194,-0.3507406163561862,-2.376101857220821,-0.6500658171677844,0.9968262956829548,0.9959756179382496,0.3398018873588792,-0.3770924115782267,0.9964931084729888,1.7792433246281287,1
0.0258344458631149,-0.3328696023826395,-1.059836601359997,-0.8573520503530582,-0.2596806045959874,-0.8553918277997687,-0.8307097611739122,-0.2850293571614816,-0.8214406573949561,-0.8173195041659389,0.0143549333411754,-0.3526305193236547,0.4208573790559796,-0.8033072934655566,-1.0030969190222077,-1.0040002089692293,1.2289102295212,-0.3699402320597346,-1.0026668657945366,-0.652371062151611,1
-0.5376696236827768,-0.5950170394453986,-0.8088751347371257,-0.663156785439838,0.5867350126983124,-0.6610264908710126,-0.7414787105630298,-0.6012338284086236,-0.670583304095449,-0.7290662963891,-0.4597992530129418,-0.345380182622477,0.4208573790559796,-0.5967151774335923,0.9968262956829548,0.9959928583056696,1.203673529852837,-0.3592119627819966,0.9964931084729888,-1.3597497928511717,1
-0.8274899758677068,-0.5767550831556333,-0.7651504953012044,-0.6816907874074892,0.1635272040511625,-0.6799347571237095,-0.7157525437450322,-0.0750795601998128,-0.7064827797323125,-0.677169891816009,-0.7554327995678992,-0.3452638415970019,-2.376101857220821,-0.7369738400103516,-1.0030969190222077,-1.004000208931963,0.1146128749334881,-0.3866286509362162,-1.0026668657945366,3.724534834051921,1
0.941308876965457,5.796667661972435,1.3080746712701423,-0.6509526570618297,-2.375719647831738,-0.6492323574137662,1.1768877840833771,1.6261710972515155,-0.1213511602106907,0.748661833827734,-0.5268623822056613,-0.322729299607881,0.4208573790559796,0.1269757679478396,-1.0030969190222077,-1.0040002088984044,-1.00744961801372,2.8384082969438365,-1.0026668657945366,-0.652371062151611,1
0.4008114946933414,3.562228945615031,-0.8860619068972093,-0.6618488019648069,-0.2596806045959874,-0.6601158364135196,-0.7570854092929845,1.3567870102926762,-0.6461199495063396,-0.3555294634731781,-0.5227201692747927,-0.3115130316573732,0.4208573790559796,-0.7486414439160964,-1.0030969190222077,-1.0040002086779478,-0.3610018495856572,-0.3699402320597346,-1.0026668657945366,-0.1660481847956632,1
5.001030568817204,0.933685430617208,0.1337353404025671,0.2239476820788618,0.5867350126983124,0.2263173704845057,-0.1426713224040028,1.348762853607241,-0.1014622540406832,-0.8155603040109187,4.922295078890752,-0.140134707214295,0.4208573790559796,0.1779694475180364,0.9968262956829548,0.9960245189521478,2.261673631334201,-0.3413315139857663,0.9964931084729888,-0.652371062151611,1
1.9203712353939304,0.181999745915903,-0.9019047025806308,-0.7896530456306342,0.1635272040511625,-0.7877715177945864,-0.774805740070425,0.3029857832907694,-0.7607794935764332,-0.7976751024348816,2.0775217649209883,-0.3515212967339363,0.4208573790559796,-0.786170500228994,-1.0030969190222077,-1.0040002090109588,1.935537820235358,-0.3049746014334316,-1.0026668657945366,-0.652371062151611,1
-0.2583141188341826,0.6285340319688724,0.7770206429283095,-0.0423990405025433,-0.6828884132431379,-0.0413861361105529,0.5530719533204492,0.2353868413647759,-0.1014622540406832,-0.1265402432947361,-0.4609771366553307,-0.1800886248377697,0.4208573790559796,-0.2782130301896077,-1.0030969190222077,-1.004000208949676,-0.390121118433768,0.93950463478419,-1.0026668657945366,-0.4313152088079983,1
5.251068524257896,0.974922106110226,-0.551159675264854,-0.273520675896265,0.5867350126983124,-0.2767349729115273,-0.5698170565084972,1.396154721571374,-0.3715535998293856,0.4581006082235905,5.09053668638863,-0.2530351390578905,0.4208573790559796,-0.3084237903026967,0.9968262956829548,0.9960742103795628,0.3048587647411458,-0.3413315139857663,0.9964931084729888,-0.652371062151611,1
-0.1517484215313445,2.878289227795113,1.5300685444298645,1.4033961168701274,0.5867350126983124,1.4039471755829984,1.5040888009226532,-0.2338602512840812,0.5707827745055717,-0.8127749037654703,-0.4101735703662235,0.5704566602123012,0.4208573790559796,2.326019600955461,0.9968262956829548,0.9959628596871432,-1.0831597170188083,-0.3413315139857663,0.9964931084729888,-0.8734269154952237,1
-0.0257708318412578,-0.0789695004184841,0.4371306481858109,0.7827157141271736,0.5867350126983124,0.7855588047119522,0.1369548701650854,0.429552551079665,0.827498830894944,0.4771586099029743,-0.0408147028182606,0.1531533068835224,0.4208573790559796,0.6046052809599051,0.9968262956829548,0.996025119454857,-1.0540404481706975,-0.3610000076616195,0.9964931084729888,0.8065975699162331,1
0.131840952850271,1.1498834292734608,-0.9950709923098046,-0.8085751623674801,0.5867350126983124,-0.8078989853761981,-0.8093102864953609,1.2180482670946104,-0.7656522755880849,-0.7497368982105856,-0.1801532775743858,-0.3520758056479866,0.4208573790559796,-0.688311076845432,0.9968262956829548,0.9960260079793388,1.355093727863014,-0.3413315139857663,0.9964931084729888,0.3202746925602845,1
-0.3664775027532551,0.997896825313479,0.8574635468098741,0.4435638127149119,0.5867350126983124,0.4440285958032812,0.5878058891450698,0.2252872402520613,0.2905480865701654,-0.1609912463305453,-0.6712123626636013,-0.0434127217393051,0.4208573790559796,1.174195306005865,0.9968262956829548,0.9959795963196286,0.4970459391386781,-0.3592119627819966,0.9964931084729888,-1.1386939395075588,1
4.697470111732658,0.980813059752086,-1.051279135862516,-0.8635760622610429,-3.645343073773188,-0.8616086047881382,-0.8281499011346156,1.2955865466708716,-0.8214406573949561,-0.8155603040109187,4.8471165190082885,-0.3526393757596571,0.4208573790559796,-0.802057193047084,-1.0030969190222077,-1.0040002090337834,2.24226078543546,-0.3413315139857663,-1.0026668657945366,-0.652371062151611,1
2.917647221247476,0.4152815101335493,1.96223930424268,0.4575226512738889,0.1635272040511625,0.4579544363962737,2.1968426075626444,0.5330575859146048,0.8345096703198717,2.5808687952811065,3.00974659579153,0.0301319058774466,0.4208573790559796,0.7063973119099124,-1.0030969190222077,-1.004000209022877,-0.9996844796542236,3.9738167955044537,-1.0026668657945366,-0.652371062151611,1
2.0123181001582227,0.9360418120739517,0.1683653218854041,-0.03920041608945,0.1635272040511625,-0.0381912298443478,0.0085550322734064,0.6482235841847883,-0.3067157657151609,0.5400500154449409,1.9312948243749928,-0.1857799970953988,0.4208573790559796,-0.2662198792998858,-1.0030969190222077,-1.0040002088583766,-1.0268624639124606,-0.3413315139857663,-1.0026668657945366,-0.1660481847956632,1
0.0010703033114809,-0.368215324233798,0.0396646368920414,0.2532362612038546,0.5867350126983124,0.2520200130072731,-0.2109572213179243,-0.3679158810027883,-0.1014622540406832,0.245823789517839,0.0783029755002096,-0.1294719259985843,0.4208573790559796,0.1441125611844022,0.9968262956829548,0.9960079093963676,0.6309945758399885,-0.3413315139857663,0.9964931084729888,-0.652371062151611,1
0.0817534774313208,0.3710993578196012,-1.0093588006584684,-0.8126872277189261,0.1635272040511625,-0.8123733700970632,-0.8139384873331823,0.1752634735614882,-0.7664478318348853,-0.756040698766074,-0.0567953975278407,-0.3521156002393558,0.4208573790559796,-0.6950433884740815,0.9968262956829548,0.9959893617320248,0.9571303869388312,-0.3413315139857663,0.9964931084729888,0.3202746925602845,1
1.834735232763764,7.005491349282057,1.2531397343943331,0.3515289579835957,0.1635272040511625,0.3520839523578312,1.117896433862794,0.8802280888059796,0.368711487818295,1.4541010959907703,0.4681484528146358,-0.0538711810611186,0.4208573790559796,0.1873191568978631,-1.0030969190222077,-1.0040002089983835,-1.1239266934061638,0.0621706138491617,-1.0026668657945366,-0.9176380861639462,1
-0.3410742855551273,-0.5620276990509839,0.5959782931362021,0.262891360461488,0.1635272040511625,0.2635493890044325,0.3733789843900786,-0.5797592560930965,0.115575434539524,-0.2807634568848264,-0.2306198251856879,-0.0849066688477094,0.4208573790559796,-0.377843429166006,-1.0030969190222077,-1.0040002089496172,0.0272550683891552,0.5073937888752935,-1.0026668657945366,0.0550076685479494,1
-0.0791335648234886,-0.4159320487328621,0.4218802557368818,1.000335626745446,0.5867350126983124,1.0040141328373196,0.157130404910196,-0.4743054553882966,1.0505031913261538,1.307207883046597,-0.0543750518137826,0.3083924420284506,0.4208573790559796,0.6949380580739132,0.9968262956829548,0.9959746455093338,-0.3784734108945238,-0.3770924115782267,0.9964931084729888,-0.652371062151611,1
-0.2915460004518592,0.5607880650874852,0.7116471950190717,1.049814979291293,0.5867350126983124,1.0518063064023797,0.4201242694324634,0.2551775169283382,0.8596691366249312,-0.29454385809915,-0.4741307312386514,0.3057746094934607,0.4208573790559796,0.9482136116082156,0.9968262956829548,0.9960497222833375,-0.0251596155374444,-0.4009330099732003,0.9964931084729888,0.8065975699162331,1
0.4774205679417833,-0.2863310686119474,-0.6057709300214712,-0.4579996281739697,0.1635272040511625,-0.4565036211002432,-0.6332198054702932,-0.345960454658896,-0.5211678964932673,-0.7160188952393681,0.4573505507725409,-0.3189888372896672,0.4208573790559796,-0.7225846633185571,-1.0030969190222077,-1.004000208956917,1.2289102295212,-0.3413315139857663,-1.0026668657945366,-0.652371062151611,1
-0.8504966631414829,-0.6904504884435266,-0.9916493574899934,-0.8168959729511572,-0.2596806045959874,-0.8149827773753677,-0.8089509508398919,-0.7199637741109292,-0.7856406262889426,-0.8023663028482685,-0.7509949011437067,-0.3521412012345237,0.4208573790559796,-0.7926814399085391,-1.0030969190222077,-1.00400020900519,1.2619120675490587,-0.3413315139857663,-1.0026668657945366,-0.652371062151611,1
-0.6204297904037216,-0.6156353771919078,1.79409485552893,0.1559686399260268,0.1635272040511625,0.1567509576412233,1.9116278027584936,-0.685821189803833,0.5465183089781623,1.944038339163852,-0.4554235412243522,-0.1452121236689043,0.4208573790559796,0.5178404987902879,-1.0030969190222077,-1.0040002090359457,-0.9996844796542236,3.9738167955044537,-1.0026668657945366,-0.652371062151611,1
-0.8039240982782486,-0.4995835904472706,-0.0308794314895739,0.1215682579827431,0.5867350126983124,0.124655264854411,-0.27732940164226,-0.5601884238417303,-0.04030386756791,-0.5997650849951272,-0.7495168473948494,-0.1774082730541817,0.4208573790559796,0.0114847199120696,0.9968262956829548,0.996028606876896,1.0017799325059342,-0.3413315139857663,0.9964931084729888,0.8065975699162331,1
-0.5613153856030468,-0.5767550831556333,2.375526560698654,1.3684591165404307,0.1635272040511625,1.3678320103563162,2.9778962950867416,-0.2649354527425104,1.4824902333387175,2.1577811579987864,-0.45859117297538,0.7499291227362862,0.4208573790559796,1.0649808038211763,-1.0030969190222077,-1.004000208967477,-1.2481689071581037,2.2406052921898736,-1.0026668657945366,-1.1829051101762815,1
-0.6250630815908015,0.0447405260605707,0.0110573820356141,-0.1842698207549375,0.1635272040511625,-0.1830920028463808,-0.20155377991477,0.0587037776629718,-0.2342207027254835,-0.523093278238837,-0.703676626703359,-0.2582682928631097,0.4208573790559796,-0.5865971771715793,-1.0030969190222077,-1.0040002089147106,-0.2445247741932134,0.0153834394990259,-1.0026668657945366,-0.1660481847956632,1
0.9151867007900238,-0.2209414831873042,1.4721461163497622,0.8595022481853543,0.1635272040511625,0.8594667639461648,1.5716147425523623,-0.0762233939472223,0.4751171358278353,1.945797539318872,1.0099539253753669,0.2481934485801693,0.4208573790559796,0.5005474430014163,-1.0030969190222077,-1.0040002088573927,-0.9996844796542236,-0.3055706163933059,-1.0026668657945366,-0.8734269154952237,1
0.3777249230887534,-0.07955859578267,-0.6295622285619605,-0.4901350596174579,0.5867350126983124,-0.4879066522939721,-0.6593572314453278,-0.1878302771141436,-0.3992986239365461,-0.813947703868817,0.4667459647972624,-0.3274970117724916,0.4208573790559796,-0.4958867655561577,0.9968262956829548,0.9960006468819924,1.6016368707770197,-0.3413315139857663,0.9964931084729888,-0.652371062151611,1
0.1604395432808677,-0.3900118527086791,-0.1377017276165437,0.4536308494866287,0.5867350126983124,0.4567820805058745,-0.3574604740538203,-0.1783415179205103,0.6185161493135898,-0.8054449031195535,0.2635451534802668,-0.0392464330430455,0.4208573790559796,-0.1016103023216278,0.9968262956829548,0.9960116119762428,0.7338826591033141,-0.3520597832635044,0.9964931084729888,0.3202746925602845,1
0.5815897353202698,-0.1096024593561548,1.3756955333793175,0.2958097732539911,0.5867350126983124,0.299458399965346,1.2695280026805866,-0.2025465557430133,0.7635559975583697,1.6306075115444476,0.5563062305726534,-0.1083044821613917,0.4208573790559796,2.140926607745354,0.9968262956829548,0.9960094318228786,-0.9996844796542236,-0.0731247820423134,0.9964931084729888,-0.1660481847956632,1
1.3429672922867988,-0.6291845705681852,2.774697124610831,1.825163046461401,0.1635272040511625,1.8240050582240617,3.7453965627647134,-0.6286363387961498,1.3384945526678629,3.6434256889132106,3.7613862952018655,1.109847677891572,0.4208573790559796,1.3672837331424528,-1.0030969190222077,-1.004000209035214,-1.1918716540517558,0.974669517416776,-1.0026668657945366,-0.652371062151611,1
-0.0870421135738491,0.1254465909540494,1.3772678779105776,-0.0759947094517119,0.5867350126983124,-0.0809101102874708,1.2634758420231085,0.0439855981425225,0.4269859828964172,0.6174548222658226,-0.1704393065293038,-0.2233394985070001,0.4208573790559796,2.0843465419301075,0.9968262956829548,0.9959958876120968,-1.0851010016086824,0.8900353931146195,0.9964931084729888,-0.1660481847956632,1
-0.4474003298655302,0.3398773035177444,-0.7512957086327356,-0.7017499142554499,0.5867350126983124,-0.7387220848506346,-0.7063889095301096,0.0420734249842003,-0.6597935724982198,-0.463427072981074,-0.5825586614353603,-0.349886852577956,-2.376101857220821,-0.5460340229680137,0.9968262956829548,0.9960472885760712,-0.6793725223250034,-0.3413315139857663,0.9964931084729888,1.7792433246281287,1
0.2278619184859617,0.8388410769832657,-0.369790795601303,-0.2617010773218864,0.1635272040511625,-0.2604332517261239,-0.4188433158524452,-0.0535265505404886,-0.4457889421089387,0.2670807913909979,-0.0184077069597926,-0.2340530315956593,0.4208573790559796,-0.5057443282309889,-1.0030969190222077,-1.0040002088916409,-1.06957072488969,-0.3770924115782267,-1.0026668657945366,-0.652371062151611,1
0.0114552663170048,-0.4565796288616944,1.6525554469650918,0.6863260507775688,0.5867350126983124,0.6899711581641296,1.680318553673379,-0.4880204219311588,1.266496712332435,2.156315157869603,0.1893358679854231,0.0840898788168638,0.4208573790559796,2.6967655281881147,0.9968262956829548,0.9960255575923196,-0.9996844796542236,-0.3413315139857663,0.9964931084729888,-0.652371062151611,1
-0.4583444831867362,0.5130713405884212,-0.7922805869420376,-0.4891256645163325,0.5867350126983124,-0.4867463745582953,-0.7340398319601423,0.0777273524016381,-0.3913430614685431,-0.7877063015564347,-0.6466235277668074,-0.3272672260711302,-2.376101857220821,-0.5921444977785516,0.9968262956829548,0.9959740170166366,0.1398495746018508,-0.3657681273406143,0.9964931084729888,0.76238639924751,1
-0.2866730562723442,1.387877956404595,-0.9779615660831724,-0.7710713289406221,0.5867350126983124,-0.769028062440176,-0.8048618989488705,1.780556195351263,-0.7398961420979252,-0.8009003027190851,-0.6774564390317199,-0.3510976953686119,-2.376101857220821,-0.6858499416465639,0.9968262956829548,0.9960450775317502,-1.00744961801372,-0.3890127107757135,0.9964931084729888,2.751889079340024,1
0.2681236212150698,-0.4595251056826243,1.1515146796182243,3.686873479324183,0.5867350126983124,3.692454893717573,0.9678001511362504,-0.4525826993149047,4.218408166084954,-0.793863502099005,0.4464674410807013,3.3845081052881096,0.4208573790559796,1.6270702263563002,0.9968262956829548,0.9960742466812214,2.3063231769013046,-0.3413315139857663,0.9964931084729888,-0.1660481847956632,1
-0.8160665165616304,-0.6692430553328315,-0.8525329175179166,-0.73551511852349,0.1635272040511625,-0.7336965217287955,-0.7557177454790616,-0.7062654512322536,-0.7262722413714701,-0.7556008987273191,-0.7208071762231752,-0.3492784396810217,0.4208573790559796,-0.7635905614203319,-1.0030969190222077,-1.0040002089272295,-0.6463706842971444,-0.4009330099732003,-1.0026668657945366,-0.1660481847956632,1
-0.8049625945788009,-0.6450901454012066,0.9937057895809176,0.9764356730098728,0.5867350126983124,0.9773221244199172,0.7551149045896374,-0.68684513966077,1.194498871997008,0.7576044346157524,-0.7217866904774749,0.2623354121699596,0.4208573790559796,1.4160767151009634,0.9968262956829548,0.996042508021746,-1.2559340455176,-0.3502717383838814,0.9964931084729888,-1.4039609635198942,1
0.3612687509415386,3.6659097297117618,-0.8389998477479537,-0.761862857926169,0.5867350126983124,-0.7599254736898392,-0.7532031117995426,1.2852368056068568,-0.7398961420979252,-0.756920298843584,-0.5941729873004019,-0.3507827317162663,0.4208573790559796,-0.6161047557992775,0.9968262956829548,0.995995906598792,-0.7259633524819811,-0.3413315139857663,0.9964931084729888,-0.1660481847956632,1
3.60784783946076,0.5448824902544639,-0.1451664361169717,0.1261171161630261,0.5867350126983124,0.1287543812907878,-0.362911017230646,0.6560508280776718,-0.1014622540406832,-0.8155603040109187,3.688394881149949,-0.176116970030077,0.4208573790559796,-0.109293211143491,0.9968262956829548,0.9960177098528626,2.24226078543546,-0.3413315139857663,0.9964931084729888,-0.652371062151611,1
-0.1129246367568473,-0.4754306805156456,1.5709659826134534,2.4120823651896464,0.5867350126983124,2.4145030161122767,1.5655638280521906,-0.5587189565258048,2.058472956022136,-0.5637014818172162,-0.0028237510263912,1.572406991228595,0.4208573790559796,2.4073151937942603,0.9968262956829548,0.9960446023157428,1.609402009136516,-0.3413315139857663,0.9964931084729888,-0.1660481847956632,1
1.2413544234942873,-0.0966423613440634,0.3516188585114354,0.6565602558273484,0.5867350126983124,0.6592413543660186,0.0545133870521132,0.2954957666055328,0.6185161493135898,-0.8133613038171437,1.3820217982367853,0.0629424775689486,0.4208573790559796,0.4353208492917338,0.9968262956829548,0.9959999027767008,1.555046040620042,-0.3627880525412426,0.9964931084729888,-0.652371062151611,1
0.0210413860144116,-0.4742524897872736,0.8387169883429586,0.1086648977994708,-0.2596806045959874,0.1095022023586597,0.5983530173294545,-0.4578076318522029,-0.1014622540406832,0.0335469708120875,0.1223088399285163,-0.1409421748637534,0.4208573790559796,-0.2175310723762478,-1.0030969190222077,-1.0040002090155709,0.9571303869388312,0.5216981479122778,-1.0026668657945366,-0.652371062151611,1
-0.7861897768380461,-0.4129865719119323,-0.9504586991124926,-0.8179411756801138,0.1635272040511625,-0.816026765139148,-0.7948361768853648,-0.030161174406106,-0.7887234067452937,-0.7619046992828075,-0.7530949707356989,-0.3521573318678874,0.4208573790559796,-0.7828889866305033,-1.0030969190222077,-1.00400020881799,-1.0579230173504457,-0.3502717383838814,-1.0026668657945366,-0.4313152088079983,1
-0.861121279139442,-0.6963414420853864,-0.9872640655668732,-0.8290353742503412,0.1635272040511625,-0.8271080675844901,-0.8076444814955743,0.6245727863926811,-0.7941431336766207,-0.7856539013755781,-0.7552782299015205,-0.3523406116648545,-2.376101857220821,-0.7935669277049573,-1.0030969190222077,-1.004000208952126,-0.7803193209984548,-0.3612980151415567,-1.0026668657945366,1.292920447272181,1
-0.6467117352407783,-0.5048854487249443,-0.8520121071639025,-0.6413495888854337,0.5867350126983124,-0.63840431718535,-0.7531453898118673,-0.5494860272300062,-0.5601998748519071,-0.4619610728518906,-0.5908921938110292,-0.3342490431576079,0.4208573790559796,-0.5990981813563059,0.9968262956829548,0.9960045137489388,-0.0309834693070665,-0.3592119627819966,0.9964931084729888,0.0550076685479494,1
0.944504250197926,-0.6450901454012066,0.1049097166692829,0.0787854641746242,-0.2596806045959874,0.0796575012027775,-0.0932546748018359,-0.7151653123711114,-0.2649490627581451,0.0136093690551937,1.0026675501689262,-0.1540298444557447,0.4208573790559796,-0.3969725699445093,-1.0030969190222077,-1.0040002090378228,-0.3124697348388056,-0.3055706163933059,-1.0026668657945366,-0.652371062151611,1
-0.6729936800778351,-0.1319880831952219,0.9895084764753416,0.8336050615973478,0.1635272040511625,0.8335996807811594,0.8655891476175883,1.048626976150554,0.6185161493135898,-0.0724448385278699,-0.7044863236065888,0.2306382295320717,0.4208573790559796,-0.208012078564753,-1.0030969190222077,-1.0040002090254796,-0.3435302882767908,0.5216981479122778,-1.0026668657945366,-0.652371062151611,1
-0.5646705274971392,0.3392882081535585,-1.0886945451836922,-0.8407018180479011,0.1635272040511625,-0.838760950067528,-0.8389132559957622,1.295380197011579,-0.8092089801004015,-0.816146704062592,-0.704609276750299,-0.3524608287562669,-2.376101857220821,-0.8053647504042928,-1.0030969190222077,-1.0040002088854725,-1.13169183176566,-0.3890127107757135,-1.0026668657945366,2.486622055327689,1
-0.4664128005987202,0.6809635193814243,-0.6193557177889325,-0.3436884951521226,-0.6828884132431379,-0.3423253656934749,-0.6263789983389907,-0.4123918361466684,-0.3869177798457164,-0.5480152804349543,-0.5868354875041147,-0.272381984244686,0.4208573790559796,-0.6757710070226282,-1.0030969190222077,-1.0040002090021551,-0.8929138272111503,-0.3413315139857663,-1.0026668657945366,-0.3871040381392759,1
-0.2397809540858629,-0.2291888182859079,-0.6450698492924117,-0.4566853246935232,-1.1060962218902877,-0.4551908453932284,-0.6199792297616213,-0.4514484902849855,-0.5155492805002402,-0.1259538432430628,-0.2204967826782798,-0.2852862841865343,0.4208573790559796,-0.6454560718746666,-1.0030969190222077,-1.0040002089907334,0.2893284880221537,-0.3413315139857663,-1.0026668657945366,-0.1660481847956632,1
0.0517169690461132,2.551930396036082,-0.8666032471617853,-0.7888917352432832,0.1635272040511625,-0.7870110923701076,-0.7631804495531701,1.2174557594964612,-0.7672931103471106,-0.7405010973967303,-0.6331411362964464,-0.3514819134656582,0.4208573790559796,-0.7660907622572771,-1.0030969190222077,-1.0040002087767863,-0.4270055256413754,-0.3627880525412426,-1.0026668657945366,1.292920447272181,1
1.198536422179204,-0.1679229004105664,0.816441590602969,0.533862685150982,0.5867350126983124,0.5367239899214079,0.550779133924213,-0.0249150687192593,0.4745204686427351,1.307207883046597,1.2423938911892909,-8.142773818168405e-05,0.4208573790559796,1.1815136022056738,0.9968262956829548,0.9960045441437232,-0.6735486685553813,-0.3413315139857663,0.9964931084729888,-0.652371062151611,1
-0.5061951973429581,-0.6038534699081882,-1.051279135862516,-0.8635760622610429,-3.645343073773188,-0.8616086047881382,-0.8281499011346156,-0.6832517619852901,-0.8214406573949561,-0.8155603040109187,-0.3621286391093705,-0.3526393757596571,0.4208573790559796,-0.7161127892770893,0.9968262956829548,0.9960158161221734,2.261673631334201,-0.3413315139857663,0.9964931084729888,-0.652371062151611,1
3.091475525093785,0.4629982346326133,-0.0759281767989301,0.1272023418957733,0.5867350126983124,0.1270659064512093,-0.2597154925246518,1.1601899707110563,-0.1734600943761104,1.0925854641341517,2.9260606500304984,-0.153300338200429,0.4208573790559796,0.128486305953494,0.9968262956829548,0.9960465900707176,-0.9996844796542236,-0.3890127107757135,0.9964931084729888,-0.1660481847956632,1
-0.2577549285185005,-0.515489165280292,0.9205157394386996,1.6330911336339575,0.5867350126983124,1.63613206085617,0.6736931311759888,-0.6042777452752296,1.3384945526678629,-0.8155603040109187,-0.1429678370468116,0.7679197188094576,0.4208573790559796,1.2427685227108332,0.9968262956829548,0.9960634034370566,2.24226078543546,-0.3770924115782267,0.9964931084729888,-0.652371062151611,1
0.1967869138002015,-0.3593788937710084,1.3295635168558109,0.1850784855799862,0.5867350126983124,0.1807634933408225,1.1976556972418957,-0.4904417509399961,0.6185161493135898,0.3502029987156949,0.3109744220959396,-0.1552849912465301,0.4208573790559796,1.981760176339196,0.9968262956829548,0.9960161326904888,0.3048587647411458,-0.1804074748196946,0.9964931084729888,-0.652371062151611,1
-0.7754053921784636,-0.6274172844756273,1.6247966131792029,-0.1125452920308821,-0.2596806045959874,-0.1114508481915657,1.6423678712456429,-0.7027093680752007,0.4745204686427351,1.5194847017523485,-0.6602355245570429,-0.2236857313713517,0.4208573790559796,0.3858507296065506,-1.0030969190222077,-1.0040002090144886,-0.9996844796542236,3.9738167955044537,-1.0026668657945366,-0.652371062151611,1
-0.7076634796501228,-0.150839134849173,0.5692853467797756,1.1760921410887009,0.1635272040511625,1.175688646238341,0.3701703918854868,-0.3267331759719605,0.7116956747200751,0.0291489704245374,-0.7396180355446635,0.499442661102909,0.4208573790559796,-0.261922659111386,-1.0030969190222077,-1.0040002089855251,0.0194899300296589,-0.3413315139857663,-1.0026668657945366,-0.1660481847956632,1
0.1313616468654005,-0.3523097494007767,1.2160711095594054,1.5030345810111947,0.1635272040511625,1.502251041535814,1.406168059408585,-0.1744353709416264,1.1292632597593837,2.671907403303394,0.2238187311450487,0.9834444412147954,0.4208573790559796,0.5902291261474697,-1.0030969190222077,-1.004000209008339,-0.9996844796542236,-0.3890127107757135,-1.0026668657945366,0.3202746925602845,1
-0.8364370209186198,-0.6191699493770236,-1.0066431545306795,-0.8380927805185825,0.1635272040511625,-0.8361549453371625,-0.8137870911256468,1.3671900983361276,-0.8017506402866487,-0.7696744999674794,-0.7591354456670595,-0.3524336646786983,0.4208573790559796,-0.7919782584231483,-1.0030969190222077,-1.004000208666162,-0.8948551118010243,-0.3538478281431275,-1.0026668657945366,-0.1660481847956632,1
-0.8484995548711899,-0.6285954752039993,-0.8831641415828146,-0.8063924956091476,-0.6828884132431379,-0.8044915094917228,-0.7701015855332479,0.1863938679163879,-0.7646578302795846,-0.7359564969962619,-0.7619156815859596,-0.3516128040058829,0.4208573790559796,-0.7694634290112814,-1.0030969190222077,-1.0040002089415845,0.0078422224904146,-0.3085506911926776,-1.0026668657945366,0.8065975699162331,1
-0.0319219253137604,-0.3988482831714688,0.3623778749614688,0.9070856335292088,0.5867350126983124,0.9101888291024964,0.0649314736810403,0.2731765115444686,0.6185161493135898,-0.8123351037267152,0.0682504909062741,0.2120531246268947,0.4208573790559796,0.4488766257045467,0.9968262956829548,0.9959982058958168,1.2677359213186812,-0.3413315139857663,0.9964931084729888,-0.652371062151611,1
0.1105917208543526,0.1984944161131102,1.1067242518162042,0.7043049489138141,0.5867350126983124,0.7067651865223064,0.8997996467031204,0.3747692771011932,0.7625118299844442,1.3827068896995405,0.0181246244068453,0.1946616659909915,0.4208573790559796,1.6418109937907903,0.9968262956829548,0.9960085957725076,-0.9996844796542236,-0.3961648902942056,0.9964931084729888,0.8065975699162331,1
-0.7446499248159504,-0.2945784037105511,-0.7135337666299582,-0.5019475040674942,0.5867350126983124,-0.5070676355703811,-0.6831527454392026,-0.3651893621171665,-0.3995969575290962,-0.0742040386828899,-0.7430259678166813,-0.3043591252792215,0.4208573790559796,-0.4985692727041302,0.9968262956829548,0.9960145102567364,0.6659376984577219,-0.3556358730227505,0.9964931084729888,-0.4313152088079983,1
-0.5232904441366668,-0.3517206540365907,0.1815697219304478,0.2915821494571979,0.5867350126983124,0.293675696090132,-0.10562234369651,-0.3371056970116782,-0.1014622540406832,-0.1620174464209736,-0.4888611158035597,-0.113165337202603,0.4208573790559796,0.2685105747017898,0.9968262956829548,0.9959986821982012,0.6251707220703662,-0.3413315139857663,0.9964931084729888,-0.652371062151611,1
-0.0439844592663307,-0.3959028063505389,-0.8210607080437492,-0.7430690259248749,0.1635272040511625,-0.7412416483126564,-0.740231397899388,-0.4440303208056867,-0.7229905718534188,-0.7733395002904379,0.0531532649861501,-0.3496740958314129,0.4208573790559796,-0.7751019027737674,-1.0030969190222077,-1.0040002090094262,1.5938717324175231,-0.2823260329582067,-1.0026668657945366,-0.652371062151611,1
0.4730269297471385,-0.2121050527245145,1.5033192846579837,1.773459215548927,0.1635272040511625,1.7723613289093976,1.5777764273220405,-0.0718021290510446,1.4824902333387175,2.046804948219606,0.5234208613586323,1.30870543214519,0.4208573790559796,0.5385192432125229,-1.0030969190222077,-1.00400020897906,-0.9996844796542236,0.1229641397563443,-1.0026668657945366,-0.652371062151611,1
-0.4112926123386316,-0.4936926368054108,0.9859417754172288,1.6205750588325398,-0.2596806045959874,1.619654887885182,1.1314069050250206,-0.6177711896995479,1.362957907256972,3.288800257663754,-0.2950744043993874,1.469295323288916,0.4208573790559796,0.5053915821229977,-1.0030969190222077,-1.0040002089432385,-1.00744961801372,-0.3413315139857663,-1.0026668657945366,-0.652371062151611,1
-0.8492185138484954,-0.6521592897714382,-0.9313831774331428,-0.8009665404910571,0.1635272040511625,-0.7990718616156005,-0.7869917330608808,-0.7051266688266106,-0.774005616179488,-0.7418204975129954,-0.7620162116639475,-0.3515321491452874,0.4208573790559796,-0.7755446466719765,-1.0030969190222077,-1.0040002085642028,0.0330789221587774,-0.3380534317064575,-1.0026668657945366,0.3202746925602845,1
-0.009314659694043,-0.4447977215779748,1.3704170876361566,-0.061115468531647,-1.1060962218902877,-0.0600808077782808,1.2728324188858582,-0.5024671558018659,0.3305247879718807,0.6703774269293421,0.1204566946998597,-0.1529006534354946,0.4208573790559796,0.1595825538630012,-1.0030969190222077,-1.0040002090349742,0.29709362638165,2.2477574717083657,-1.0026668657945366,-0.652371062151611,1
0.1568447483943401,-0.3776408500607737,1.020488103765992,0.1134688213076977,0.1635272040511625,0.1143005416872716,0.800995452590555,-0.4005323811825505,-0.1014622540406832,0.676827827497749,0.2363242243854443,-0.1616398769914334,0.4208573790559796,-0.0247291265855599,-1.0030969190222077,-1.0040002090115403,-0.88320740426178,0.1474007531111922,-1.0026668657945366,0.3202746925602845,1
1.3112532129545449,0.0082166134810403,-0.7137865370623208,-0.6791627353135323,0.5867350126983124,-0.67716237907179,-0.7000722037037388,0.0649870178715104,-0.6827155368591535,-0.7346370968799969,1.3136102953586355,-0.3465373636797356,0.4208573790559796,-0.5469064888850727,0.9968262956829548,0.9960334354900588,1.275501059678177,-0.3413315139857663,0.9964931084729888,0.3202746925602845,1
0.9780556691388494,-0.0854495494245298,0.5027609690609363,0.3633777410098966,0.5867350126983124,0.3637567802919605,0.2079642560179997,-0.231623307002857,-0.1014622540406832,0.6703774269293421,0.964857477773883,-0.0834488832610639,0.4208573790559796,0.6968132087016221,0.9968262956829548,0.9959740831900376,-0.0271009001273186,-0.3592119627819966,0.9964931084729888,-0.652371062151611,1
-0.7816363699817779,-0.4053283321775145,-0.7842028595566797,-0.7607736123082716,0.1635272040511625,-0.7589256545202432,-0.7292528849418163,0.2391096675184224,-0.7527244865775801,-0.7265740961694884,-0.7523899895493918,-0.3505266415503221,0.4208573790559796,-0.750464507026369,-1.0030969190222077,-1.0040002086326103,-0.0639853073349256,-0.3347753494271486,-1.0026668657945366,1.292920447272181,1
0.3581532620398813,-0.4094519997268163,1.1978820037566396,0.4099901478080181,0.5867350126983124,0.4132849911058833,1.025636522752104,-0.4547343760341922,0.6185161493135898,0.4581006082235905,0.6100791339682515,-0.0609176780293183,0.4208573790559796,1.7728371439019543,0.9968262956829548,0.9960475782558594,0.29709362638165,-0.3413315139857663,0.9964931084729888,-0.652371062151611,1
-0.428148206139905,0.2073308465758999,1.152002713391929,0.0732623823238048,0.5867350126983124,0.0760136181553981,0.9630655352873208,-0.3948871540995171,-0.1014622540406832,1.0949310643408454,-0.477106272059992,-0.1947692221859232,0.4208573790559796,1.709134110077286,0.9968262956829548,0.9960091924431596,-1.00744961801372,-0.3413315139857663,0.9964931084729888,-0.652371062151611,1
1.7066007661417602,-0.1620319467687066,2.1822528860930475,0.6854102894124516,0.1635272040511625,0.6855771732512845,2.579845345442505,-0.1529725779214617,1.1225010316615809,2.156315157869603,1.8616058046990944,0.137848559474479,0.4208573790559796,0.7818200371577624,-1.0030969190222077,-1.004000209010728,-0.9996844796542236,4.405331626453475,-1.0026668657945366,-0.652371062151611,1
-0.6755499786638103,-0.2751382566924139,-1.051279135862516,-0.8635760622610429,-3.645343073773188,-0.8616086047881382,-0.8281499011346156,-0.6974138207733307,-0.8214406573949561,-0.8155603040109187,-0.6001505281606355,-0.3526393757596571,0.4208573790559796,-0.7161127892770893,0.9968262956829548,0.9959664312291868,-0.9996844796542236,-0.3413315139857663,0.9964931084729888,-0.652371062151611,1
-0.3794187643447542,-0.6551047665923682,0.8321229569867232,1.4219407998357814,0.5867350126983124,1.412542087397192,0.5883426162628336,-0.7075567789801798,0.5668049932715701,-0.4017084675424542,-0.0819950367349084,0.576159716771806,0.4208573790559796,1.14092440424339,0.9968262956829548,0.9959719627775812,-0.0833981532336663,-0.3413315139857663,0.9964931084729888,-0.652371062151611,1
-0.2949810266767633,0.8011389736753634,1.2712659340880896,0.7929157295857769,0.5867350126983124,0.7928647684666592,1.1285301317915242,0.0891233418210212,0.6185161493135898,-0.5194282779158785,-0.536770163282136,0.1415712370469435,-2.376101857220821,1.8412020105371771,0.9968262956829548,0.9960024458363366,-0.0853394378235405,-0.1562688689447838,0.9964931084729888,-0.3428928674705531,1
-0.8584052118918435,-0.6981087281779443,1.9522904716984344,1.4281074095910704,0.1635272040511625,1.4274109670027528,2.3068111428284857,-0.7216042343272041,1.266496712332435,0.6703774269293421,-0.7570687864429935,0.7726601133391302,0.4208573790559796,0.3858507296065506,-1.0030969190222077,0.996029130338174,0.0039596533106664,2.2477574717083657,-1.0026668657945366,-0.652371062151611,1
-0.790823068025126,-0.6397882871235328,0.4412122362333056,0.0545413662940089,-0.2596806045959874,0.0554415851608071,0.2833729381592762,-0.6975886703197919,-0.2454579347115377,0.8826542456350939,-0.7007979535259383,-0.1631984764743081,0.4208573790559796,-0.1232526658164355,-1.0030969190222077,-1.0040002090091655,-0.6735486685553813,-0.3413315139857663,-1.0026668657945366,-0.652371062151611,1
-0.4835080473924289,-0.5225583096505236,-1.051279135862516,-0.8635760622610429,-3.645343073773188,-0.8616086047881382,-0.8281499011346156,-0.6416294752280352,-0.8214406573949561,-0.8155603040109187,-0.3732611680355936,-0.3526393757596571,0.4208573790559796,-0.802057193047084,-1.0030969190222077,-1.004000208997608,1.9277726818758625,-0.3413315139857663,-1.0026668657945366,-0.652371062151611,1
-0.8353985246180673,-0.6598175295058559,0.3635307117692625,0.2742760764678238,0.5867350126983124,0.2774840465832618,0.0618811992280113,-0.701404404469598,-0.1114067071256869,0.1131507778267443,-0.7408375513457435,-0.12003652300397,0.4208573790559796,0.4776289353294177,0.9968262956829548,0.99596878265205,-1.13169183176566,-0.3413315139857663,0.9964931084729888,-0.1660481847956632,1
-0.7480849510408544,-0.6162244725560937,-1.0422051619693902,-0.853927994227489,-2.7989274564788875,-0.851971751867553,-0.8253135108105965,-0.6703081009640068,-0.8124906496184527,-0.8023663028482685,-0.6750625525352141,-0.3525560972563279,0.4208573790559796,-0.7997132547624477,-1.0030969190222077,-1.004000208920212,1.6016368707770197,-0.3413315139857663,-1.0026668657945366,-0.652371062151611,1
-0.8555293759826214,-0.6839704394374809,-0.9178282700894792,-0.7645264588696115,0.5867350126983124,-0.7624969628673592,-0.7838335577019007,-0.2776335432380845,-0.7398961420979252,-0.8041255030032886,-0.7614680424505913,-0.3508693875674954,-2.376101857220821,-0.657813835386443,0.9968262956829548,0.996040528527074,-1.0520991635808234,-0.4009330099732003,0.9964931084729888,1.7792433246281287,1
-0.1244279803937354,-0.4618814871393681,1.7805234762210091,1.168111725770095,-0.6828884132431379,1.1677175075188453,1.9250476373878105,-0.4419099247474205,1.2430775253172517,2.2250705639283037,-0.0247794453154231,0.785854553443279,0.4208573790559796,0.6422385123076755,-1.0030969190222077,-1.0040002089849898,-0.9996844796542236,0.9198361411083366,-1.0026668657945366,-0.1660481847956632,1
-0.7338655401563677,-0.2556981096742768,-0.9993385698091288,-0.7796369133425047,0.5867350126983124,-0.7795675586390369,-0.8106625753081919,0.3832127969788815,-0.7470561483191279,-0.7900519017631282,-0.7358051427057023,-0.3514309349034706,-2.376101857220821,-0.6924390126022635,0.9968262956829548,0.9960017488426864,-0.6366642613477741,-0.3890127107757135,0.9964931084729888,3.238211956695973,1
0.2730764497253967,0.7628477750032749,-1.0571656647945655,-0.837803981759468,0.5867350126983124,-0.8357743405101132,-0.8299161799773304,0.1820220428796192,-0.8002589723238981,-0.799141102564065,0.0179089892581498,-0.3524941900391606,0.4208573790559796,-0.7174149772129984,0.9968262956829548,0.9960760923731458,0.4155119863639677,-0.4009330099732003,0.9964931084729888,0.0550076685479494,1
-0.6758695159870571,-0.0601184487645329,-0.2046471026515339,0.2065755312167483,0.1635272040511625,0.2072990224393406,-0.3549415389328583,-0.4556717236232832,0.0081256189560583,-0.4628406729294005,-0.7314662047448972,-0.0906700460727837,0.4208573790559796,-0.5668820518219169,-1.0030969190222077,-1.0040002087656574,-0.5357174626743227,-0.335371364387023,-1.0026668657945366,0.0992188392166722,1
-0.701272733185185,-0.1461263719356852,-0.9813602256240312,-0.7860296826201238,0.5867350126983124,-0.7840119314289313,-0.806023639135042,0.080444990511406,-0.7766906185124391,-0.8101361035329402,-0.7329195183779077,-0.3515572729158338,-2.376101857220821,-0.6870609764269594,0.9968262956829548,0.9960648592985492,-0.6716073839655071,-0.4009330099732003,0.9964931084729888,2.751889079340024,1
-0.6095655214133273,-0.4394958633003011,1.2582926740651743,0.5408358611371924,0.5867350126983124,0.5398439026304921,1.106368278684604,-0.542124079109954,0.6185161493135898,-0.2825226570398464,-0.5460885167043253,0.0022375766969951,0.4208573790559796,1.825666908461783,0.9968262956829548,0.995992415158942,-0.5046569092363379,-0.0895151934388577,0.9964931084729888,0.3202746925602845,1
-0.8342801439867032,-0.6032643745440023,-0.4862744408175704,-0.50752892539377,0.1635272040511625,-0.505975344444979,-0.5756071968620994,3.311227206107039,-0.5504543108286034,-0.6295248876175494,-0.755311341295237,-0.3269159325298336,0.4208573790559796,-0.6856806572148958,-1.0030969190222077,-1.004000208867639,-0.3920624030236423,-0.3222590352697874,-1.0026668657945366,0.0992188392166722,1
1.3485591954436194,-0.0530493043943011,1.8104488123840767,3.59288906347182,0.5867350126983124,3.5949983594979966,1.9484140727601311,0.1988407431467916,3.2824362417244,3.661017690463411,1.4488042653902151,3.273138400076685,0.4208573790559796,3.1049884242162302,0.9968262956829548,0.9959860242582956,0.3242716106398864,-0.3413315139857663,0.9964931084729888,-0.652371062151611,1
-0.6904883485256024,-0.0648312116780207,-0.9852744879023608,-0.8131501125516714,0.1635272040511625,-0.8112412712411503,-0.8065872329969785,1.0538922895765377,-0.7853422926963924,-0.7643968995024193,-0.735116829331582,-0.3519872784286517,-2.376101857220821,-0.7887878979801712,-1.0030969190222077,-1.0040002089550664,-0.0756330148741702,-0.3761983891384152,-1.0026668657945366,1.7792433246281287,1
0.5520325329199324,-0.3169640275496181,0.7788475454404343,0.614787262499359,0.5867350126983124,0.616336913016544,0.5054188945789547,-0.1305565288115835,0.6185161493135898,-0.7899053017502098,0.6536863910315693,0.0391376775868544,0.4208573790559796,1.0233368336308062,0.9968262956829548,0.9960609209548854,1.9801873658024616,-0.3413315139857663,0.9964931084729888,-0.1660481847956632,1
1.4464973850187914,0.6568106094497993,1.1038964628452832,-0.2050526073825724,-1.1060962218902877,-0.2038506311348515,0.920624183556852,0.2649779139318422,-0.1014622540406832,0.2613633908871828,1.3616880390349957,-0.2211255808991814,0.4208573790559796,-0.0584037066081669,-1.0030969190222077,-1.0040002089593938,-0.0368073230766889,1.4479053955570018,-1.0026668657945366,-0.652371062151611,1
0.5307034165932024,-0.2916329268896213,0.7417311886901832,0.3589208660947894,0.5867350126983124,0.3611260771800926,0.466097101033687,-0.3236859418717921,-0.1014622540406832,1.307207883046597,0.6676304734251511,-0.0844478448576964,0.4208573790559796,1.0751769353593437,0.9968262956829548,0.9959945796661273,-0.9996844796542236,-0.3413315139857663,0.9964931084729888,-0.652371062151611,1
1.0633721344457694,0.2485675220689182,-0.3212436947196989,-0.1198693101265167,0.1635272040511625,-0.1187663526977397,-0.4642505008931935,0.4209373443950036,-0.2349168144414338,-0.5777750830573766,0.985610174586917,-0.229172789945727,0.4208573790559796,-0.6324081487568582,-1.0030969190222077,-1.0040002090022837,1.3085028977060364,-0.3031865565538086,-1.0026668657945366,-0.652371062151611,1
-0.5067543876586402,-0.6044425652723742,-0.2807047293164456,0.2015392145719802,0.5867350126983124,0.2044119003045018,-0.4570094258564073,-0.5725812178069403,0.2267046977644412,-0.8076439033133286,-0.3564071696596848,-0.1477182702553398,0.4208573790559796,-0.2315686583253469,0.9968262956829548,0.9960679626866824,2.273321338873445,-0.3413315139857663,0.9964931084729888,-0.652371062151611,1
-0.7956161278738294,-0.3870663758877493,-0.8403696107022259,-0.7467445033090997,0.5867350126983124,-0.7461805046467844,-0.7523118151460781,8.603630954282963,-0.717819456249217,-0.6676408909763171,-0.7516582501713228,-0.3501676272191396,0.4208573790559796,-0.609098984704087,0.9968262956829548,0.9959593300013324,0.3960991404652271,-0.3770924115782267,0.9964931084729888,0.8065975699162331,1
0.3462504967489346,3.1693023377029848,0.4037134728245387,0.3735094028573581,0.5867350126983124,0.3760366010156878,0.1048051818393561,1.6087422485329816,0.1396907332706582,-0.5890632840520885,-0.4830166184666113,-0.0778803876985959,0.4208573790559796,0.5035164314952888,0.9968262956829548,0.9960516332194252,0.0311376375689032,-0.3556358730227505,0.9964931084729888,-0.652371062151611,1
-0.6014173196705316,-0.5832351321616791,0.9262653597292198,0.1642428785121889,0.5867350126983124,0.1641573247627674,0.6798536917733302,0.823117090793779,-0.1014622540406832,-0.5635548818042979,-0.4945382623266677,-0.1552965179380687,0.4208573790559796,1.253159982439387,0.9968262956829548,0.99602967400568,1.3900368504807468,-0.2164663798920921,0.9964931084729888,0.8065975699162331,1
-0.2596721524579819,0.6674143260051469,-0.9065895621011192,-0.7692481958209035,0.5867350126983124,-0.7671448872510478,-0.77946837749114,0.2399778162460207,-0.742282810838326,-0.7371292970996086,-0.4612042075675446,-0.3510277108903267,0.4208573790559796,-0.6478520976767391,0.9968262956829548,0.9960265515489632,0.7455303666425583,-0.3413315139857663,0.9964931084729888,1.292920447272181,1
-0.6730735644086469,-0.0353764434687219,-1.0006748535831531,-0.7900110849671729,0.5867350126983124,-0.7882197490650708,-0.8114295145481275,-0.0895042997322975,-0.7606800490455831,-0.7409408974354854,-0.7337798166661175,-0.3516203119261367,0.4208573790559796,-0.690329468146091,0.9968262956829548,0.9960474201419012,0.207794535247443,-0.3890127107757135,0.9964931084729888,0.8065975699162331,1
-0.3076027509450155,1.3160083219739058,-0.7538672791344304,-0.782291506548963,0.1635272040511625,-0.780418535917543,-0.7173356618532002,0.6657576416123449,-0.7538183764169305,-0.7032646941154728,-0.6898287392617254,-0.3513033875255397,0.4208573790559796,-0.7481205687417328,-1.0030969190222077,-1.0040002086985806,-0.0251596155374444,-0.3288151998284052,-1.0026668657945366,0.3202746925602845,1
0.1553269461089174,-0.6062098513649322,-0.0227005440579615,0.5258131838179391,0.5867350126983124,0.5288725592424244,-0.2706619338127775,-0.6967258612936387,0.5668049932715701,-0.8155603040109187,0.6704320112564872,-0.0042987031052106,0.4208573790559796,0.0110289541345014,0.9968262956829548,0.9960019250981664,0.1456734283714729,-0.3413315139857663,0.9964931084729888,-0.652371062151611,1
-0.7234805771508438,-0.680435867252365,1.4623637328815404,1.509616606501608,0.1635272040511625,1.5088254159442511,1.458372155063716,-0.7173195435094692,1.0505031913261538,1.944038339163852,-0.5591865768282073,0.7793855470569315,0.4208573790559796,0.272716641734776,-1.0030969190222077,-1.004000209027371,-0.0271009001273186,0.5216981479122778,-1.0026668657945366,-0.652371062151611,1
0.9417881829503272,-0.2686582076863681,0.9936388988268544,0.2404006334940361,0.5867350126983124,0.2427179596250283,0.7621368038661895,-0.1490420085895279,-0.1014622540406832,0.6944198290479494,0.9877028445672208,-0.1335547318611361,0.4208573790559796,1.42098596361934,0.9968262956829548,0.996039397838436,0.0233724992094071,-0.3413315139857663,0.9964931084729888,-0.1660481847956632,1
-0.6755499786638103,-0.0330200620119779,-0.5854846590965779,-0.5227654190745237,0.5867350126983124,-0.5490737161926611,-0.6272984842811519,0.7041413893484365,-0.4259994804697812,-0.481312274557111,-0.732840514443013,-0.335088690611177,0.4208573790559796,-0.4431481541518428,0.9968262956829548,0.9960560634638914,0.0369614913385256,-0.3413315139857663,0.9964931084729888,-0.1660481847956632,1
-0.6570168139154905,-0.3988482831714688,1.0807998778028496,0.1620613732547844,0.5867350126983124,0.1647362352836493,0.8709135252095536,-0.6143510090983987,-0.1014622540406832,1.1081250655034958,-0.567376078378387,-0.1634443606661289,0.4208573790559796,1.591963239604193,0.9968262956829548,0.995988027744164,-0.9996844796542236,-0.3413315139857663,0.9964931084729888,-0.652371062151611,1
-0.7412148985910463,-0.2763164474207859,-0.4987123385499142,-0.23277049345273,0.5867350126983124,-0.2302973097817738,-0.5903067885281772,0.6105097240718214,-0.1014622540406832,-0.7947431021765149,-0.7451299988169511,-0.2807762512837043,0.4208573790559796,-0.4049419601122725,0.9968262956829548,0.9960181954079383,-0.3144110194286798,-0.3413315139857663,0.9964931084729888,-0.8734269154952237,1
-0.770692216660572,-0.3664480381412401,-0.912476375841919,-0.7917806453578884,0.1635272040511625,-0.7898966443561032,-0.7809589535824526,-0.519161545835555,-0.7727128372784376,-0.7575066988952573,-0.752080924960187,-0.3516092633118812,0.4208573790559796,-0.7768077689698083,-1.0030969190222077,-1.004000208977004,-0.0678678765146738,-0.3532518131832531,-1.0026668657945366,-0.1660481847956632,1
-0.3866083541178092,-0.4866234924351792,0.4360543900777954,1.150802239104935,0.5867350126983124,1.1543942711694926,0.137260384908675,-0.5126122979931298,1.0312109523412465,-0.7783239007296613,-0.325851556974204,0.3788156673141319,0.4208573790559796,0.5443790889241134,0.9968262956829548,0.9960475369472894,1.6443451317542488,-0.4009330099732003,0.9964931084729888,-0.1660481847956632,1
-0.8536920363739519,-0.6774903904314352,-0.983419243814234,-0.826962560590977,-0.6828884132431379,-0.8250376634064099,-0.8059069850836386,-0.7144499328266427,-0.7907620196277194,-0.7794967008330079,-0.762508472700103,-0.3522560082140463,0.4208573790559796,-0.7872643380951576,-1.0030969190222077,-1.0040002088604194,-0.6444293997072704,-0.3413315139857663,-1.0026668657945366,-0.652371062151611,1
4.614390407688466,0.8394301723474518,1.389672506938313,-0.1239412522627502,-1.9525118391845877,-0.1228335615245789,1.2941913621629204,1.1063745064274446,0.3305247879718807,1.5194847017523485,4.685591367129745,-0.0545997401173768,0.4208573790559796,0.2161495977988886,-1.0030969190222077,-1.004000209033701,-0.3474128574565389,2.2477574717083657,-1.0026668657945366,-0.652371062151611,1
-0.0680296428406591,-0.4294812421091394,-1.0296711870940425,-0.8445511524020045,-2.7989274564788875,-0.8426058098761073,-0.8210373621232738,-0.2963924915725575,-0.8059273105823502,-0.7698210999803976,-0.0187591511432124,-0.3523087716468861,0.4208573790559796,-0.7960671285419025,-1.0030969190222077,-1.0040002089233118,2.335442445749416,-0.3413315139857663,-1.0026668657945366,0.3202746925602845,1
3.310039054194658,0.7239674809670005,1.0220813235207338,0.8887009913340355,0.1635272040511625,0.888631565874508,0.8875388870663604,0.9802402189043992,0.6185161493135898,0.2830601927990965,3.399887011163756,0.2678895153944515,0.4208573790559796,-0.1644538921085966,-1.0030969190222077,-1.0040002089739122,0.6756441214070922,0.5216981479122778,-1.0026668657945366,-0.1660481847956632,1
-0.8061608595409768,-0.5090091162742462,-0.6935324621029024,-0.5565697286490134,0.5867350126983124,-0.6136016778914207,-0.6721872630573228,-0.634512681991964,-0.4652800701555461,-0.2854546572982132,-0.7536095800940241,-0.3391534990970332,0.4208573790559796,-0.4925531644402306,0.9968262956829548,0.9959986089814816,0.2932110572019016,-0.3413315139857663,0.9964931084729888,-0.652371062151611,1
-0.7494429846646538,-0.3028257388091548,-0.0457952275629149,-0.0029126431745043,0.1635272040511625,-0.0019456385839271,-0.1690544811913048,-0.1618235899651836,-0.3186491094171655,0.0457147718843094,-0.7408362059618002,-0.1638490251866438,0.4208573790559796,-0.3858649068512055,-1.0030969190222077,-1.0040002089548272,-1.00744961801372,-0.3890127107757135,-1.0026668657945366,0.8065975699162331,1
-0.2422573683410263,0.1460649287005586,1.2029016994744175,0.0022443531752821,0.1635272040511625,0.0032053631671024,1.051120234819104,-0.356986144166129,0.115575434539524,0.6636338263350987,-0.2998378857378667,-0.1770141548418251,0.4208573790559796,0.0089975409544833,-1.0030969190222077,-1.004000208911396,-1.0288037485023347,1.4163166026836618,-1.0026668657945366,-0.652371062151611,1
0.3810800649828458,-0.225065150736606,-0.3480882208723276,-0.0176205251206309,0.5867350126983124,-0.0149173796904867,-0.5011656300124647,-0.1499255483503805,-0.1014622540406832,-0.7487106981201571,0.445099260353883,-0.2233549643159471,0.4208573790559796,-0.2858829171321118,0.9968262956829548,0.9959733064620429,0.8600661574451282,-0.3538478281431275,0.9964931084729888,0.0550076685479494,1
-0.6362468879044426,0.0730171035414976,-0.7206571430713719,-0.7796770828130514,0.1635272040511625,-0.7778071512416217,-0.701969866786254,-0.1073548667999108,-0.7435755897393767,-0.6900706929528225,-0.7222791010007352,-0.3511968664159551,0.4208573790559796,-0.7459849805268419,-1.0030969190222077,-1.004000208535315,-0.3998275413831384,-0.2608694944027305,-1.0026668657945366,0.5855417165726204,1
-0.2790840448452306,-0.4795543480649474,-1.0509795836806914,-0.856564854781143,-1.5293040305374377,-0.8546583899606476,-0.8281813832030918,-0.406080996800676,-0.8147281515625786,-0.8160001040496737,-0.2480668389063975,-0.3526174728174363,0.4208573790559796,-0.7161258111564485,0.9968262956829548,0.9960040547105726,0.6309945758399885,-0.3627880525412426,0.9964931084729888,1.292920447272181,1
-0.3814158726150472,-0.0400892063822097,-0.6050633114534407,-0.4926818353988904,0.1635272040511625,-0.4911455130132612,-0.6361026988520474,-0.4477748094864186,-0.5183337273640412,-0.6243938871654077,-0.4131043397996721,-0.3193116813654945,0.4208573790559796,-0.6938453755730453,-1.0030969190222077,-1.0040002088893143,0.582462461093137,-0.3592119627819966,-1.0026668657945366,0.3202746925602845,1
1.1203296623145274,0.0276567604991774,-0.1050603783681641,-0.1251336684864269,0.1635272040511625,-0.1240245916590812,-0.2292504679457007,0.2034203987036681,-0.3715535998293856,0.4668966089986907,1.1316161731919967,-0.1993851496461014,0.4208573790559796,-0.3974153138427184,-1.0030969190222077,-1.0040002089980669,-1.1239266934061638,-0.3449076037450124,-1.0026668657945366,-0.9176380861639462,1
-0.716530640370224,-0.1726356633240542,-0.887867092198599,-0.7708414221465897,0.5867350126983124,-0.7690025785411513,-0.7721513824994514,-0.4885675662067247,-0.7478517045659282,-0.7563338987919107,-0.7440188611668619,-0.3510995060012776,-2.376101857220821,-0.6407161077879577,0.9968262956829548,0.9960369766284044,-0.7686716134592102,-0.3592119627819966,0.9964931084729888,0.2760635218915621,1
0.4961933856825381,0.1183774465838176,-1.0458192673083786,-0.841848545612778,0.5867350126983124,-0.8408972368717614,-0.8258149206005535,3.419267803802253,-0.7995628606079478,-0.7921043019439848,0.4198813837200279,-0.3524901264010225,0.4208573790559796,-0.712023919158335,0.9968262956829548,0.9959613396157424,0.7455303666425583,-0.3770924115782267,0.9964931084729888,1.292920447272181,1
-0.4963694246531163,0.1030609671149823,1.185755485799631,2.68917204399501,0.5867350126983124,2.6930637165007774,1.0093355550887515,0.0621326757678281,2.7784513593764086,-0.2253486520016951,-0.5849008253936002,1.9220211827804217,0.4208573790559796,1.6936380736399688,0.9968262956829548,0.9959891425691936,-0.698785368223744,-0.3592119627819966,0.9964931084729888,-0.1660481847956632,1
0.3933023675970393,-0.2651236355012523,-1.0426386545254451,-0.8482667864550558,-1.9525118391845877,-0.846317124799618,-0.82526090607777,-0.2499633683555052,-0.8089603687732765,-0.7805229009234363,0.4718686636486119,-0.3523239689197945,0.4208573790559796,-0.7994137515371886,-1.0030969190222077,-1.0040002090289497,1.2619120675490587,-0.3556358730227505,-1.0026668657945366,-0.652371062151611,1
-0.8442656853381686,-0.635075524210045,-1.0203158353229909,-0.803734435360236,0.1635272040511625,-0.8018365390267831,-0.8174024817161835,-0.6978744448560273,-0.7803700661538906,-0.7863869014401698,-0.7600522500808893,-0.3516373636997862,-2.376101857220821,-0.7923168272864846,-1.0030969190222077,-1.0040002089088846,-0.3241174423780501,-0.3866286509362162,-1.0026668657945366,2.2655662019840763,1
-0.3743860515036157,0.9501801008144152,0.3645371881593752,0.0518417541066668,0.1635272040511625,0.0527451110582659,0.1715894803713597,0.2967466370955439,-0.2546068315497412,0.4497444074872455,-0.672640562463003,-0.1704334100266965,0.4208573790559796,-0.2193411136071614,-1.0030969190222077,-1.0040002088714837,-0.6444293997072704,-0.3770924115782267,-1.0026668657945366,-0.1660481847956632,1
-0.7897845717245737,-0.633308238117487,0.1871659147586588,0.3090754637881281,0.5867350126983124,0.3114921560200421,-0.0963471073543373,-0.6905406243133879,-0.1014622540406832,-0.8155603040109187,-0.6964438426239946,-0.1055373057663163,0.4208573790559796,0.2383909677442144,0.9968262956829548,0.996014481907997,2.261673631334201,-0.3413315139857663,0.9964931084729888,-0.652371062151611,1
-0.681940725128748,-0.6215263308337675,1.71323654879023,0.0148962738521173,-0.2596806045959874,0.0158425769907969,1.7819301231001854,-0.6913862476293835,0.4745204686427351,1.7317615204581,-0.5305337854999154,-0.1794718432982449,0.4208573790559796,0.4801291361663629,-1.0030969190222077,-1.0040002090254785,-0.9996844796542236,3.9738167955044537,-1.0026668657945366,-0.652371062151611,1
0.7775459988014255,-0.1561409931268469,1.5889630190838075,0.0044999657137625,-1.5293040305374377,0.0054583537351172,1.5909863169365637,-0.0490620483708646,0.6185161493135898,1.5194847017523485,0.7651335870277772,-0.0822259010328983,0.4208573790559796,0.4047064109185132,-1.0030969190222077,-1.0040002089577122,-0.6754899531452553,3.542301964555432,-1.0026668657945366,-0.652371062151611,1
2.5337231273663368,0.8576921286372171,1.2101377126948265,0.8257966113831933,0.5867350126983124,0.8240705818740047,1.0313333741539903,0.8526801933498325,0.6185161493135898,0.5687836179769348,2.3414058200278607,0.1572789766249286,0.4208573790559796,1.7781891363185407,0.9968262956829548,0.99603060754564,0.0136660762600368,-0.307358661272929,0.9964931084729888,-0.1660481847956632,1
-0.8004091877225328,-0.4589360103184382,-0.8049993645929705,-0.7566833613032404,0.5867350126983124,-0.7560158990346569,-0.7384264221097525,0.9482200719963072,-0.7383050296043245,-0.7542814986110541,-0.7571490610182791,-0.3506394488023389,-2.376101857220821,-0.5973792932809059,0.9968262956829548,0.9959600562675026,-0.9996844796542236,-0.3770924115782267,0.9964931084729888,0.3202746925602845,1
0.0258344458631149,0.3687429763628572,1.2070213789945532,0.5974650192105836,0.5867350126983124,0.6010933142992105,1.0368401153230251,-0.7158522158486929,0.5668049932715701,0.8216686402610656,0.0269108037358937,0.0318228464502701,0.4208573790559796,1.7925262254928986,0.9968262956829548,0.9959719431799758,-0.0833981532336663,-0.3413315139857663,0.9964931084729888,-0.652371062151611,1
0.9002483309282314,1.3784524305776191,0.1315039049306547,0.3944412668945791,0.1635272040511625,0.3949463791172265,-0.0322737045849593,-0.7101581150919208,0.1545079683673138,0.4305398057949433,0.7601725584802851,0.0539932465698675,0.4208573790559796,-0.3176432808889325,-1.0030969190222077,-1.0040002090375584,-0.4270055256413754,-0.279345958158835,-1.0026668657945366,-0.652371062151611,1
-0.160535697920634,-0.4854453017068071,-0.2174205790266569,-0.0879450081007147,0.5867350126983124,-0.0895740513566022,-0.3760128646192104,-0.3705286610875258,-0.2260165289303554,0.6942732290350312,-0.0454387126879477,-0.2250196821257379,0.4208573790559796,-0.0401470317467226,0.9968262956829548,0.9960437996166844,-0.9996844796542236,-0.3770924115782267,0.9964931084729888,-0.652371062151611,1
-0.2666220892386018,0.3151352982219335,0.5754313940759398,-0.0370556623705104,-0.2596806045959874,-0.036048969231299,0.3403321936161834,0.4024668724874529,-0.1014622540406832,-0.2751926563939296,-0.3673343780474448,-0.1983679261685286,0.4208573790559796,-0.382192736871942,-1.0030969190222077,-1.0040002088770397,-1.2559340455176,0.659079596163313,-1.0026668657945366,-1.1829051101762815,1
-0.0633164673227675,-0.4277139560165816,-1.0337935444084827,-0.8454351960644118,-2.375719647831738,-0.843488825907956,-0.8226305509573211,-0.4457537065941803,-0.8050323098046999,-0.7994343025899017,-0.0159321257605054,-0.35244288973186,0.4208573790559796,-0.7977599728585842,-1.0030969190222077,-1.004000209015782,2.0306607651391877,-0.3413315139857663,-1.0026668657945366,-0.1660481847956632,1
-0.7357028797650373,-0.6686539599686455,1.2335516427678317,0.587084602040438,0.5867350126983124,0.5921767665534974,1.076177909366922,-0.7052559948506673,0.667094802633833,2.015139345429245,-0.6239947677883465,0.0409418722849139,0.4208573790559796,1.9087204550140595,0.9968262956829548,0.9959731002472856,-1.00744961801372,-0.3413315139857663,0.9964931084729888,-0.652371062151611,1
1.3052618881436655,-0.0224163454566304,1.0652572031736047,0.7027473512516561,0.1635272040511625,0.7028940821327782,0.8985144380457326,0.4711835360288677,0.5465183089781623,0.1396853801649633,1.440769184019309,0.1430250166883213,-2.376101857220821,-0.111467864996459,-1.0030969190222077,-1.0040002088612052,-0.8773835504921579,0.5073937888752935,-1.0026668657945366,0.2760635218915621,1
0.7000581979140544,-0.1855957613361456,1.2388077107474402,0.9471952819503622,0.5867350126983124,0.9516663064198548,1.086722034888151,-0.3209006068287203,0.6185161493135898,2.3685919765753547,0.7188402709215929,0.2379493573704864,0.4208573790559796,1.9354022858208355,0.9968262956829548,0.9960288958283092,-0.9996844796542236,-0.3413315139857663,0.9964931084729888,-0.652371062151611,1
2.0004153348672764,0.3581392598075097,2.9419886649891773,3.752075945596337,0.1635272040511625,3.748678074123368,4.216403582768466,0.2967198257900886,3.090558019449252,2.2815115689018626,1.9698987480401555,4.019798668972516,0.4208573790559796,1.3012888485505842,-1.0030969190222077,-1.0040002089599571,-0.0212770463576962,2.3309015586108366,-1.0026668657945366,-0.1660481847956632,1
-0.353536241161756,-0.1343444646519657,-0.91879090002399,-0.7888471190966274,-0.2596806045959874,-0.7869665280861795,-0.7826120928552612,-0.2334442856447534,-0.765751720118935,-0.7375690971383636,-0.3703563346148305,-0.3513037639710791,0.4208573790559796,-0.7743075681328629,-1.0030969190222077,-1.0040002087944409,-0.2581137663223319,-0.3413315139857663,-1.0026668657945366,0.8065975699162331,1
0.5346976331337885,-0.3151967414570603,0.9784989831600388,2.313872389571802,0.5867350126983124,2.3174512753615644,0.7337362942473818,-0.275140905119148,2.7784513593764086,0.245823789517839,0.6342204044732296,1.4651973494614794,0.4208573790559796,1.3731696226127617,0.9968262956829548,0.9960147787425312,0.9454826793995864,-0.3413315139857663,0.9964931084729888,-0.652371062151611,1
-0.8169452442005594,-0.5319838354774993,-0.9071802913393902,-0.783515029482663,0.5867350126983124,-0.7814830888443608,-0.7799126610243254,-0.6222273527003855,-0.7478517045659282,-0.785214101336823,-0.7587108275458327,-0.3514854402267056,0.4208573790559796,-0.6520190990716479,0.9968262956829548,0.9960512822442504,-0.7764367518187066,-0.3770924115782267,0.9964931084729888,-0.1660481847956632,1
1.8838640962129731,8.824617833888349,-0.7560379369579422,-0.6136065031638569,0.1635272040511625,-0.6119296154541684,-0.7109012973704586,1.4499006235812952,-0.6185240921954541,-0.680688292126049,0.4756832755892787,-0.3365446823079677,0.4208573790559796,-0.7340699609132745,-1.0030969190222077,-1.0040002089098157,-0.9530936494972462,-0.3392454616262061,-1.0026668657945366,-0.652371062151611,1
0.3122197718231408,0.6532760372646834,0.5400754311742085,0.8205145086641401,0.1635272040511625,0.8205243445762601,0.4983811584875533,-0.1297594096124783,0.5554683167546658,1.6037797091803918,0.1189831255641468,0.3985308184580195,0.4208573790559796,0.0633117997612481,-1.0030969190222077,-1.0040002088845283,-1.0190973255529645,-0.3413315139857663,-1.0026668657945366,-0.652371062151611,1
0.460804627132945,0.2497457127972902,1.563926417483529,3.4024830914170834,0.1635272040511625,3.399491593877113,1.916397298534756,-0.1583099171871564,2.850449199711836,2.4873379870392074,0.36517149515145,4.3276517857199766,0.4208573790559796,0.8423587542981721,-1.0030969190222077,-1.0040002089974684,-1.00744961801372,-0.3484836935042584,-1.0026668657945366,-0.1660481847956632,1
-0.8048827102479893,-0.4830889202500633,-0.8267484008212737,-0.7283486436171959,0.1635272040511625,-0.7265383772805143,-0.7475456476261282,3.5309442343201414,-0.7126483406450149,-0.7132334949939197,-0.7576337729556414,-0.348439845191907,0.4208573790559796,-0.7607517917200503,-1.0030969190222077,-1.0040002089658349,-0.4075926797426347,-0.323153057709599,-1.0026668657945366,-0.652371062151611,1
0.958883429744036,0.2067417512117139,-0.9784851436904504,-0.8040596126299691,0.5867350126983124,-0.8020443342026725,-0.8049877936097829,0.074979677483709,-0.7667461654274353,-0.8155603040109187,0.9092719684888518,-0.3520000469694674,0.4208573790559796,-0.6859020291640003,0.9968262956829548,0.9960538647921284,1.925831397285988,-0.3413315139857663,0.9964931084729888,-0.652371062151611,1
1.202290985727355,0.1484213101573023,1.62776372691038,0.4593173093199387,0.1635272040511625,0.4597470082948528,1.653503665245618,0.1839895372058625,0.6426314480447238,1.9296715378978544,1.178513192970976,0.0068724360707909,0.4208573790559796,0.3754071823605605,-1.0030969190222077,-1.004000209015442,-0.9996844796542236,1.1409576912217168,-1.0026668657945366,-0.652371062151611,1
-0.7881070007775275,-0.6751340089746912,-1.0153396853847023,-0.8357036766612803,0.5867350126983124,-0.8337490876854443,-0.8170943577762643,-0.5913510461232576,-0.7985684152994474,-0.7912247018664749,-0.6878801748504632,-0.3524994244300973,-2.376101857220821,-0.7007209278746449,0.9968262956829548,0.9960719273709288,-0.26199633550208,-0.3449076037450124,0.9964931084729888,1.0276534232598458,1
-0.0680296428406591,-0.3246222672840358,0.7932202596478883,0.3685683138972011,0.1635272040511625,0.3691035013732247,0.5847893490387612,-0.3371408198349918,0.2874155838483891,-0.1419332446511615,0.0186174086478676,-0.0420910117722856,0.4208573790559796,-0.2779135269643485,-1.0030969190222077,-1.0040002089456852,0.3436844565386271,0.6531194465645696,-1.0026668657945366,1.292920447272181,1
-0.3372398376761646,1.197600153772525,-0.7956285680840052,-0.7222264983985572,0.5867350126983124,-0.7202492590330536,-0.7361420827655922,0.6138057243549586,-0.6832127595134038,-0.7624910993344808,-0.695946050564961,-0.3490532200458756,0.4208573790559796,-0.5932904231621516,0.9968262956829548,0.9960710581631326,-0.4347706640008717,-0.3770924115782267,0.9964931084729888,0.0550076685479494,1
0.1975857571083187,-0.344651509666359,1.1985864980533218,2.174521784085504,0.5867350126983124,2.177095897314762,1.0188903612321505,-0.4612576965230534,2.7784513593764086,0.245823789517839,0.3121449061266403,1.3108800908094929,0.4208573790559796,1.7409856269896202,0.9968262956829548,0.9960158305550456,0.6309945758399885,-0.3770924115782267,0.9964931084729888,-0.652371062151611,1
-0.7594285260161191,-0.6274172844756273,1.017626233767244,0.2581608386558605,0.5867350126983124,0.2615875846621052,0.7920852183716237,-0.7001519591933971,0.0425334266301713,1.5194847017523485,-0.6469071048046413,-0.1257699166216478,0.4208573790559796,1.50914408688038,0.9968262956829548,0.9960246259457476,-0.9996844796542236,-0.3413315139857663,0.9964931084729888,-0.652371062151611,1
-0.034078802245677,-0.4212339070105358,1.650253958238609,-0.2018154836230298,-1.1060962218902877,-0.2006172702746302,1.6870586722390146,-0.5193890936619024,0.3305247879718807,2.156315157869603,0.086625969034989,-0.2210029416925372,0.4208573790559796,0.4801291361663629,-1.0030969190222077,-1.0040002090217082,-0.9996844796542236,3.9738167955044537,-1.0026668657945366,-0.652371062151611,1
0.4128740286459114,0.8518011749953573,1.1659282469640777,0.9694136626951516,0.5867350126983124,0.970410517026235,0.9869338586696969,0.1920194316783268,0.6185161493135898,-0.7651298995670109,0.2019792630800105,0.2500220395176235,0.4208573790559796,1.6521764097606255,0.9968262956829548,0.9960368997712516,1.289090051807296,-0.3413315139857663,0.9964931084729888,-0.1660481847956632,1
-0.5756945651491568,-0.6115117096426059,1.9053070599790212,1.3715997636077364,0.1635272040511625,1.3709690066707945,2.1511224599053174,-0.6882596711661528,1.194498871997008,2.793145613986858,-0.4269999136277416,0.6834315734324318,0.4208573790559796,0.7818200371577624,-1.0030969190222077,-1.004000209020622,-0.6735486685553813,0.0901833169632557,-1.0026668657945366,-0.652371062151611,1
-0.3646401631445854,1.0202824491525462,-0.9331301273760952,-0.7918398642112943,0.5867350126983124,-0.7899089226869679,-0.7889442999142073,0.3543266321548062,-0.7687350560444361,-0.7759783005229678,-0.6789847204477951,-0.3517172210329033,0.4208573790559796,-0.6636997248567518,0.9968262956829548,0.9960428125303956,-0.8036147360769436,-0.3592119627819966,0.9964931084729888,-1.7134391582009518,1
-0.8600827828388896,-0.6945741559928286,-0.8653361769662855,-0.7372009904879108,0.5867350126983124,-0.7351496966959304,-0.7640585135784862,-0.716661832828387,-0.6991238844494098,-0.7954761022411065,-0.7630589589635839,-0.3497662389941092,-2.376101857220821,-0.6320565580141628,0.9968262956829548,0.9959577496241534,-0.8676771275427876,-0.3544438431030018,0.9964931084729888,1.558187471284516,1
-0.7091013976047338,-0.1331662739235938,-0.6704651546416392,-0.7687841708234259,-0.2596806045959874,-0.7669269013972151,-0.675453171630514,6.460579827895375,-0.7398961420979252,-0.7402078973708937,-0.741504263833218,-0.3503825222108823,-2.376101857220821,-0.7444223550037512,-1.0030969190222077,-1.0040002087507365,0.4388074014424563,-0.2149763424924063,-1.0026668657945366,1.2487092766034584,1
0.4941962774122451,-0.3493642725798468,-1.0276553705460312,-0.8501282257503456,-0.2596806045959874,-0.8481764003195376,-0.8208449520194224,-0.2616914357652618,-0.8122917605567526,-0.8094031034683485,0.538710850900415,-0.352598699583462,0.4208573790559796,-0.798176672998075,-1.0030969190222077,-1.0040002090181377,1.430803826868102,-0.3413315139857663,-1.0026668657945366,-0.652371062151611,1
3.471085865111091,1.2624006438329822,-1.0422051619693902,-0.853927994227489,-2.7989274564788875,-0.851971751867553,-0.8253135108105965,0.9954788327816952,-0.8124906496184527,-0.8023663028482685,3.285299464813149,-0.3525560972563279,0.4208573790559796,-0.7997132547624477,-1.0030969190222077,-1.0040002089022055,1.586106594058027,-0.3413315139857663,-1.0026668657945366,-0.652371062151611,1
-0.2488078834675876,-0.4966381136263407,-1.0277543464066157,-0.8204426871493207,0.5867350126983124,-0.8215535672694185,-0.8197811341559889,-0.124942229072157,-0.773607838056088,-0.799141102564065,-0.1592354722540839,-0.3523503211385125,0.4208573790559796,-0.7050181480631446,0.9968262956829548,0.9959807246259972,0.8348294577767651,-0.3747083517387294,0.9964931084729888,1.292920447272181,1
-0.8441059166765451,-0.6327191427533011,-0.5315237259793243,-0.2892186616220191,0.5867350126983124,-0.2868210452601477,-0.6088515464100428,-0.3412874763419389,-0.1462122929232001,-0.7736327003162744,-0.7608037965003462,-0.2930256624982676,0.4208573790559796,-0.427274483213112,0.9968262956829548,0.9960246644268738,0.3514495948981235,-0.3413315139857663,0.9964931084729888,-0.652371062151611,1
-0.525207668076148,-0.4836780156142493,-0.5605019384472638,-0.4718937392883007,0.5867350126983124,-0.4698144862530344,-0.6247860575815998,-0.5426351007397592,-0.4972514868238332,-0.5724974825923165,-0.4649332381407047,-0.3250200559825779,0.4208573790559796,-0.4442419920180063,0.9968262956829548,0.9960714868497146,-0.5434826010338191,-0.3890127107757135,0.9964931084729888,0.8065975699162331,1
-0.3047269150357934,0.3669756902702994,-0.7358192714089524,-0.5240680176259069,0.5867350126983124,-0.5218532160270872,-0.7101177872101322,0.3524174215959215,-0.4306236511543079,-0.7872665015176799,-0.4447117437546306,-0.3318115984443576,0.4208573790559796,-0.56054039657404,0.9968262956829548,0.996060309553682,-0.0581614535653035,-0.3627880525412426,0.9964931084729888,-0.652371062151611,1
1.792556306095174,0.2627058108093816,-0.4743861700796308,-0.4041548015646938,0.1635272040511625,-0.4027213848262658,-0.5624583239984899,0.2859491063684978,-0.4652303478901211,-0.6871386926944557,1.8147169319673275,-0.3098587918358304,0.4208573790559796,-0.6982207270376994,-1.0030969190222077,-1.0040002089273194,1.5938717324175231,-0.2876901675970758,-1.0026668657945366,-0.652371062151611,1
-0.8133504493140319,-0.487801683163551,-0.5937565026910201,-0.4571998813052132,0.5867350126983124,-0.4549837981628941,-0.6419086516104225,5.4907437141423125,-0.4609542330635695,-0.668080691015072,-0.7510166515174572,-0.3228408031013401,0.4208573790559796,-0.4668479745853868,0.9968262956829548,0.9959605311955884,-0.848264281644047,-0.4098732343713154,0.9964931084729888,0.8065975699162331,1
0.09006144783574,-0.1567300884910328,-1.0216008073114615,-0.823824964509645,-1.9525118391845877,-0.821673317395669,-0.8188015369968965,-0.3527624275949454,-0.7725139482167376,-0.7663026996703576,0.103539239047957,-0.3519246259818777,0.4208573790559796,-0.7009553217031084,0.9968262956829548,0.9960309255442232,0.935776256450216,-0.3413315139857663,0.9964931084729888,-0.652371062151611,1
0.828671970520928,-0.2445052977547432,1.4209204328112237,-0.8635760622610429,-3.645343073773188,-0.8616086047881382,1.33347809317053,-0.2092130114805377,-0.1014622540406832,1.307207883046597,0.9421306542546636,-0.3526393757596571,0.4208573790559796,0.235005279110851,-1.0030969190222077,-1.004000209029646,-0.9996844796542236,3.9738167955044537,-1.0026668657945366,-0.652371062151611,1
-0.8479403645555077,-0.6503920036788804,-0.814601226249488,-0.7351614640879147,0.1635272040511625,-0.733343278388419,-0.74187197838463,-0.2875831652779839,-0.7237861281002191,-0.7059034943480028,-0.7589144289825906,-0.3487604863406268,-2.376101857220821,-0.7556993025287232,-1.0030969190222077,-1.004000208917364,-0.6366642613477741,-0.3469936561045726,-1.0026668657945366,2.044510348640464,1
0.3639049338583254,-0.3794081361533316,-1.0525580888295971,-0.8624119657051333,-1.5293040305374377,-0.8604458614020379,-0.8285354322170867,-0.3302284446433799,-0.8214406573949561,-0.816146704062592,0.4909694532098888,-0.3526388881989977,0.4208573790559796,-0.8023176306342658,-1.0030969190222077,-1.0040002090321538,1.1570826996958592,-0.3472916635845097,-1.0026668657945366,-0.1660481847956632,1
-0.0797726394699824,-0.4271248606523956,0.7514244046323798,0.9009842705691884,0.5867350126983124,0.9028390056264834,0.4677322084957991,-0.0552849617156919,0.6185161493135898,-0.0986862408402522,-0.0035282837513838,0.206325789291835,0.4208573790559796,0.9972279655158304,0.9968262956829548,0.9959763029774265,-0.3512954266362868,-0.335371364387023,0.9964931084729888,-0.652371062151611,1
-0.6736327547243289,-0.0259509176417463,-0.8374263241230994,-0.7765223365696429,0.5867350126983124,-0.7746081595048944,-0.7531346010469128,0.3319790893165079,-0.747255037380828,-0.7196838955623266,-0.7352300658134793,-0.3512689649270566,0.4208573790559796,-0.6125237389755277,0.9968262956829548,0.9960743111957612,0.3708624407968641,-0.3413315139857663,0.9964931084729888,0.3202746925602845,1
-0.6788252362270909,-0.0430346832031395,-0.6304824752754206,-0.7806095422159259,0.1635272040511625,-0.7787385267344838,-0.6587692962647076,-0.2222432624803659,-0.7398961420979252,-0.7044374942188195,-0.7368232993765965,-0.3512033060315845,-2.376101857220821,-0.7295774125343885,-1.0030969190222077,-1.0040002087992017,0.2039119660676948,-0.2191484472115267,-1.0026668657945366,1.5139763006157936,1
-0.7912224896791846,-0.5007617811756425,-1.051279135862516,-0.8635760622610429,-3.645343073773188,-0.8616086047881382,-0.8281499011346156,-0.7085435089323053,-0.8214406573949561,-0.8155603040109187,-0.6949404508108711,-0.3526393757596571,0.4208573790559796,-0.802057193047084,-1.0030969190222077,-1.0040002090383175,-0.9996844796542236,-0.3413315139857663,-1.0026668657945366,-0.652371062151611,1
-0.6939233747505065,-0.1143152222696426,-0.8822524008927936,-0.739729508244626,0.5867350126983124,-0.737711345343987,-0.7703058144880244,-0.3649836831026058,-0.6947980473574331,-0.7001860938441877,-0.7348638971502351,-0.3497604785635284,-2.376101857220821,-0.6348041745589307,0.9968262956829548,0.9960362452095796,0.089376175265125,-0.3413315139857663,0.9964931084729888,1.7792433246281287,1
-0.1660477167466429,0.2185236584954334,1.4553557232601484,0.9576970910037604,0.1635272040511625,0.9575474630571142,1.4389235692463234,-0.7134475177758373,0.5668049932715701,0.825773440622779,-0.1475283896405047,0.3204297555775803,0.4208573790559796,0.1272362055350214,-1.0030969190222077,-1.0040002090372042,-0.4270055256413754,0.9067238119911012,-1.0026668657945366,-0.652371062151611,1
-0.7734082839081705,-0.56261679441517,-0.3371805636962914,-0.6237895838815793,0.1635272040511625,-0.6221008591491605,-0.491710408386841,-0.6045453110169683,-0.6129551984678521,-0.350691663046873,-0.7017950325150537,-0.337545076136674,-2.376101857220821,-0.6369137190151034,-1.0030969190222077,-1.0040002088715534,-0.6366642613477741,-0.2525252849644897,-1.0026668657945366,0.1434300098853946,1
4.367308172487808,1.1622544319213663,0.6226604424964095,0.6649587375637279,0.1635272040511625,0.6651493947075959,0.3744248588923876,1.1690019010208097,0.3862137252479017,-0.2121546508390448,4.315567281965356,0.118701837689497,0.4208573790559796,-0.3354832556108859,-1.0030969190222077,-1.004000208949526,0.8115340426982766,0.0776670028058945,-1.0026668657945366,-0.9176380861639462,1
3.6973182899698895,1.4785986424892352,-0.3883930268390853,0.3891293471580859,0.5867350126983124,0.3922985483631099,-0.5260171815343059,-0.6281401604478807,0.6185161493135898,-0.7803763009105179,4.850929038129488,-0.0686834629550618,0.4208573790559796,-0.3198830441386959,0.9968262956829548,0.995961926868557,2.2810864772329413,-0.3413315139857663,0.9964931084729888,-0.652371062151611,1
0.4891635645711065,-0.3917791388012371,0.7867234911628503,0.9357965597746376,0.5867350126983124,0.9396395962211006,0.5183048414809402,-0.4432767026611037,0.6185161493135898,1.307207883046597,0.640671370994412,0.2298919873560543,0.4208573790559796,1.1505996606071938,0.9968262956829548,0.996038947216462,-0.3474128574565389,-0.3413315139857663,0.9964931084729888,-0.652371062151611,1
0.0822327834161911,-0.2421489162979992,-0.916750217091966,-0.7853787176849151,-0.6828884132431379,-0.7835021584156945,-0.7805426771662686,0.1189836326019569,-0.7611772716998333,-0.7119140948776547,0.1293609688417118,-0.3509166657378317,0.4208573790559796,-0.7694764508906405,-1.0030969190222077,-1.0040002089150712,0.712528528614699,-0.3413315139857663,-1.0026668657945366,1.292920447272181,1
0.3749289715103431,0.227949184322409,-0.9080406036789042,-0.7743683026160033,-1.1060962218902877,-0.7725045420800005,-0.7747439532051797,-0.0570842264787796,-0.7574481017929569,-0.6601642903174818,0.244398321890707,-0.3498316381930854,0.4208573790559796,-0.7626529861064772,-1.0030969190222077,-1.0040002087507918,0.6601138446880995,-0.3413315139857663,-1.0026668657945366,1.292920447272181,1
-0.6872929752931335,-0.4324267189300693,0.3203840174608561,0.8646270007525645,0.5867350126983124,0.8676021469009012,0.0237024788396159,-0.4843789544638063,0.9993887024692342,-0.739914697345057,-0.6520344377562401,0.1856681753482439,0.4208573790559796,0.3985731057403817,0.9968262956829548,0.9960340620064786,1.0328404859439193,-0.3413315139857663,0.9964931084729888,0.3202746925602845,1
4.220960078440732,0.7227892902386285,1.223377509859517,-0.0828001105687591,0.5867350126983124,-0.0799942823399408,1.0584360185252977,1.0266750908810705,-0.1014622540406832,1.0940514642633352,4.407268801030115,-0.2425975141668139,0.4208573790559796,1.8357588649650776,0.9968262956829548,0.9960349688199808,-1.1239266934061638,-0.3466956486246354,0.9964931084729888,-0.9176380861639462,1
-0.1521478431854031,-0.4088629043626303,-0.893894896951981,-0.7055268234397711,0.5867350126983124,-0.7060140546308894,-0.7729247777386113,-0.2549163044190175,-0.6836105376368038,-0.7402078973708937,-0.1067274539958771,-0.3482752686596759,0.4208573790559796,-0.6413020923591167,0.9968262956829548,0.9960343670316018,0.1961468277081985,-0.3818605312572214,0.9964931084729888,0.8065975699162331,1
0.7134787654904239,2.5548758728570125,1.4004476356330688,0.8376899114644782,0.1635272040511625,0.837679782334683,1.360447734032566,-0.7090822003630471,0.5668049932715701,0.8380878417079194,0.7809680086052959,0.2328468674499877,0.4208573790559796,0.0967129203173142,-1.0030969190222077,-1.0040002090373952,-0.3124697348388056,0.9734774874970272,-1.0026668657945366,-0.652371062151611,1
-0.6028552376251426,-0.6156353771919078,1.850572876955993,0.9728818229515028,0.5867350126983124,0.9667093544804454,1.9891081434030935,-0.6904327641875945,1.3384945526678629,0.6703774269293421,-0.4573659766643171,0.2478751823165741,0.4208573790559796,3.036167791803439,0.9968262956829548,0.9959774487792938,-0.0271009001273186,2.679272302657388,0.9964931084729888,-0.652371062151611,1
-0.7842725528985648,-0.6916286791718986,-1.004444733882843,-0.803428289248682,0.5867350126983124,-0.8030447021319165,-0.8124666105394102,-0.7150566415903312,-0.7575475463238069,-0.7737793003291927,-0.7008858519435694,-0.3520160957045147,0.4208573790559796,-0.6943402069886907,0.9968262956829548,0.9960343300098904,1.7588809225568185,-0.3413315139857663,0.9964931084729888,0.3202746925602845,1
0.8909817485540718,-0.1090133639919688,1.996298027064972,0.4647189180161021,-0.2596806045959874,0.4651423380498307,2.2664092862682588,-0.2611593006768005,0.9065075106552988,2.3685919765753547,0.9475423864231726,0.0513427674103938,0.4208573790559796,0.7629643558457997,-1.0030969190222077,-1.0040002090296605,-0.9996844796542236,3.9738167955044537,-1.0026668657945366,-0.652371062151611,1
-0.8540914580280105,-0.6715994367895755,-0.1202598611171339,0.5934181991523816,0.5867350126983124,0.5966303610758963,-0.3473745062996113,-0.6639116376663379,0.8805524881034391,-0.6000582850209638,-0.7599972388263174,0.0312802001118446,0.4208573790559796,-0.0770901034884611,0.9968262956829548,0.996055259735541,0.5999340224020037,-0.3413315139857663,0.9964931084729888,0.3202746925602845,1
-0.8342002596558914,-0.5584931268658682,-0.8477482773331618,-0.711615227396476,0.1635272040511625,-0.7098244123274072,-0.7538398513004607,1.9928243892058248,-0.7091180597998387,-0.7733395002904379,-0.7606720236174519,-0.3479141213369492,0.4208573790559796,-0.7711041858105269,-1.0030969190222077,-1.0040002087606912,-0.3144110194286798,-0.3627880525412426,-1.0026668657945366,-0.1660481847956632,1
0.3865920838088545,-0.6268281891114413,0.8411179615395598,1.3366300279832015,0.1635272040511625,1.336039920587095,0.6807656770079782,-0.6920011296562899,0.5668049932715701,1.2309758763290617,1.0599719369286715,0.6244041331987695,0.4208573790559796,-0.0022012752943341,-1.0030969190222077,-1.0040002090361484,-0.3124697348388056,-0.3413315139857663,-1.0026668657945366,-0.652371062151611,1
-0.2359465062069003,-0.3776408500607737,-0.9999264215720648,-0.7877656977720978,-3.2221352651260378,-0.7858863638280678,-0.8065336211915641,-0.5777318097268336,-0.7494428170595289,-0.6032834853051672,-0.1717913426488021,-0.3423614598708549,0.4208573790559796,-0.7832015117351214,-1.0030969190222077,-1.0040002090173243,1.6016368707770197,-0.3413315139857663,-1.0026668657945366,-0.652371062151611,1
-0.5002837568628906,0.1484213101573023,0.9275749900216655,0.5627811266546597,0.5867350126983124,0.5629289105916885,0.6759678376058005,0.175757418768137,0.6185161493135898,-0.4470078715342203,-0.5954781592125408,0.0112714882929516,0.4208573790559796,1.26571307414155,0.9968262956829548,0.9960103029341204,-1.00744961801372,-0.3413315139857663,0.9964931084729888,0.3202746925602845,1
-0.7733283995773588,-0.3988482831714688,-0.6336990919379273,-0.5036164202414443,-0.2596806045959874,-0.5020673872692141,-0.6423240378626678,-0.2290211698920088,-0.5152012246422651,-0.5754294828506832,-0.7433279317684074,-0.315863607482441,0.4208573790559796,-0.6850946726437368,-1.0030969190222077,-1.0040002089706226,0.7882386276197875,-0.3413315139857663,-1.0026668657945366,0.8065975699162331,1
1.597798307576194,-0.0012089123459353,0.3591624378317288,0.6841003804920402,0.5867350126983124,0.6861489533027798,0.0750414377244183,0.5044925330739488,0.5465183089781623,1.1154550661494125,1.6117041006846369,0.0848354971407878,0.4208573790559796,0.547921040109786,0.9968262956829548,0.9960741546547168,-0.628899122988278,-0.3604039927017452,0.9964931084729888,0.8065975699162331,1
1.0866983590427923,1.7407460795519942,0.5314419967348881,0.1807730602149132,0.1635272040511625,0.1815265447611584,0.2888428825402002,-0.7095783923173286,-0.1953378911631187,0.227058987864292,0.9508015042823472,-0.1355227440058742,0.4208573790559796,-0.2302925141481561,-1.0030969190222077,-1.0040002090372293,-0.4270055256413754,-0.2698097188008456,-1.0026668657945366,-0.652371062151611,1
-0.8093562327734457,-0.511954593095176,-0.9205444373654404,-0.7296063310586877,0.5867350126983124,-0.7276034935697004,-0.785005205302751,0.044583907168725,-0.6832127595134038,-0.783015101143048,-0.7528072828024825,-0.3494134738090244,-2.376101857220821,-0.6577226822309293,0.9968262956829548,0.996017404620195,-0.8036147360769436,-0.3890127107757135,0.9964931084729888,2.044510348640464,1
0.0557910699175109,-0.46600515468867,0.6619309090882299,-0.2511383783989136,0.1635272040511625,-0.2498828311019009,0.3858204183804752,-0.4279880902000899,0.0640134452937795,0.7856050370831549,0.1618478801778488,-0.1331051150126843,-2.376101857220821,-0.1584117400859788,-1.0030969190222077,-1.0040002090363636,-0.9996844796542236,1.5659163576121211,-1.0026668657945366,2.751889079340024,1
1.6025114830940856,0.1660941710828816,0.0104318796558941,0.2519669218966028,0.5867350126983124,0.2546019753249797,-0.2444748694367218,0.0165726449211578,-0.0820705705249258,-0.5969796847496787,1.4987833355527156,-0.1285912586103537,0.4208573790559796,0.0451983655727538,0.9968262956829548,0.9959812545446852,1.5938717324175231,-0.3770924115782267,0.9964931084729888,-0.1660481847956632,1
-0.0761778445834549,-0.271603684507298,-1.0699715787657058,-0.8376533587455745,-0.2596806045959874,-0.8357160343570726,-0.8334815803731782,0.2286513443321585,-0.8047339762121498,-0.8105759035716953,0.0193075158672456,-0.3524078193086742,-2.376101857220821,-0.8026822432563203,-1.0030969190222077,-1.004000208900781,-0.0212770463576962,-0.3842445910967188,-1.0026668657945366,1.7792433246281287,1
-0.4896591408649315,0.5931883101177139,-0.9782305109161976,-0.8083662525279663,0.1635272040511625,-0.8064629720748527,-0.8040056320376964,0.098983007491608,-0.7790772872528401,-0.7440194977067704,-0.7004811903508356,-0.3518075998112246,-2.376101857220821,-0.7863007190225849,-1.0030969190222077,-1.0040002088007904,-1.263699183877096,-0.3556358730227505,-1.0026668657945366,0.010796497879227,1
-0.5349535564351783,0.278611385642403,-0.8885734865553164,-0.7765052035786482,-0.2596806045959874,-0.7746389590649605,-0.7712436650874829,-0.2052886978419044,-0.7597850482679327,-0.739035097267547,-0.6715457189073386,-0.3509344156460856,0.4208573790559796,-0.7690597507511497,-1.0030969190222077,-1.0040002087367912,-0.1241651296210217,-0.3431195588653893,-1.0026668657945366,-0.1660481847956632,1
-0.510828488530038,0.570213590914461,-0.6181954603433147,-0.3959921568811975,0.5867350126983124,-0.3936585107892436,-0.6541702002316283,0.9331798745953662,-0.2819540775335016,-0.7775909006650695,-0.7119489441096061,-0.3131462830571916,0.4208573790559796,-0.4867584281254355,0.9968262956829548,0.9960235666118332,-0.6716073839655071,-0.3890127107757135,0.9964931084729888,1.292920447272181,1
-0.7810771796660959,-0.5844133228900511,-0.9846536609898888,-0.821976665952054,-0.2596806045959874,-0.8200575644740916,-0.8066031684396928,-0.6473169292283809,-0.7885245176835937,-0.7976751024348816,-0.7108075353207919,-0.3522354470535717,0.4208573790559796,-0.79051980793493,-1.0030969190222077,-1.0040002088818898,0.5941101686323812,-0.3413315139857663,-1.0026668657945366,-0.8734269154952237,1
0.365742273466995,-0.1343444646519657,-1.014163847198548,-0.8272001279521481,0.5867350126983124,-0.8252338262924995,-0.8167462973949495,-0.1957515806862866,-0.7824086790363163,-0.7981149024736367,0.3985110809334512,-0.3523813310450408,0.4208573790559796,-0.6999656588718176,0.9968262956829548,0.996018446944009,0.5106349312677969,-0.3538478281431275,0.9964931084729888,-0.9176380861639462,1
-0.3403553265778218,-0.5508348871314505,-0.7219729950538809,-0.4972635032035528,-0.2596806045959874,-0.4957218549929155,-0.6627142957893051,-0.2100154861816182,-0.5650229345981339,-0.1552738458267302,-0.2655682659332595,-0.2961209567761063,0.4208573790559796,-0.6742214033788966,-1.0030969190222077,-1.004000208663433,-0.5124220475958342,-0.3890127107757135,-1.0026668657945366,0.5413305459038973,1
0.135275979075175,0.6096829803149213,2.0706169459483683,0.398357443297044,0.5867350126983124,0.3986830846399944,2.3769009039420026,-0.7128725847564537,0.6185161493135898,2.3685919765753547,0.4824510800291162,-0.067930440612958,0.4208573790559796,3.620693912474275,0.9968262956829548,0.9960210071924464,-1.1549872468441489,3.9738167955044537,0.9964931084729888,-0.652371062151611,1
-0.8603224358313247,-0.6904504884435266,-0.8710278706582856,-0.7523546797888492,0.1635272040511625,-0.750516508341356,-0.7637112952861177,-0.2274197058234969,-0.7561553228919063,-0.7451922978101171,-0.7601169032537217,-0.3498956277133987,-2.376101857220821,-0.7647234649245727,-1.0030969190222077,-1.0040002089179334,-0.5163046167755821,-0.3794764714177241,-1.0026668657945366,3.238211956695973,1
-0.0067583611080678,0.0906899644670768,-0.1623545744479802,-0.1707866895805812,0.1635272040511625,-0.1696245447413649,-0.3077349521358009,-0.1780070066484659,-0.3715535998293856,-0.0415122358021008,-0.0768073857365168,-0.2181209857408942,0.4208573790559796,-0.4699732256315684,-1.0030969190222077,-1.0040002087213902,-1.015214756373216,-0.314510840791421,-1.0026668657945366,-0.652371062151611,1
0.5946108812425805,-0.3269786487407798,0.9686601980329236,-0.1425997540291412,-1.1060962218902877,-0.1414703742642747,0.7676805435500245,-0.2369071636678958,-0.1014622540406832,0.0335469708120875,0.656438523374764,-0.19686799496239,0.4208573790559796,-0.1609640284403605,-1.0030969190222077,-1.0040002090253943,0.9571303869388312,1.384727809810322,-1.0026668657945366,-0.652371062151611,1
-0.8429076517143692,-0.6174026632844657,-0.9529996225511193,-0.8208029070871022,0.1635272040511625,-0.8188851700106162,-0.7958947286543686,1.245070143145342,-0.7917564649362199,-0.7809627009621912,-0.7617934011342209,-0.3522740015437259,0.4208573790559796,-0.7861053908321985,-1.0030969190222077,-1.0040002089257405,-0.3415890036869165,-0.3413315139857663,-1.0026668657945366,0.0992188392166722,1
-0.6545403996603272,-0.441852244757045,-0.8122822654899069,-0.6377122161956368,0.5867350126983124,-0.6539720625279882,-0.7290420440794768,-0.526688671382987,-0.5924199028473193,-0.2765120565101946,-0.6161419859417623,-0.3391896199557231,0.4208573790559796,-0.5656059076447261,0.9968262956829548,0.9959861312874824,-0.5298936089047006,-0.3413315139857663,0.9964931084729888,0.3202746925602845,1
-0.6351285072730786,0.1195556373121897,-0.9438213703403484,-0.780726319297879,0.5867350126983124,-0.7786989223015903,-0.7931400511332827,-0.3405036572392405,-0.7458628139489275,-0.803539102951615,-0.7337878142262251,-0.3514043967942784,0.4208573790559796,-0.6697548987587286,0.9968262956829548,0.996058125359761,-0.2425834896033394,-0.3967609052540799,0.9964931084729888,-0.652371062151611,1
-0.0784146058461831,0.1996726068414823,0.8247893788719608,0.6290967812020278,0.5867350126983124,0.6324508021352612,0.5574453846326121,-0.7124710327120177,0.5668049932715701,0.6170150222270677,-0.1530924491688203,0.0480981532612569,0.4208573790559796,1.1562772000077568,0.9968262956829548,0.9960019048568136,-0.3124697348388056,-0.3413315139857663,0.9964931084729888,-0.652371062151611,1
-0.4247131799150009,-0.5414093613044748,1.134013197798522,1.52320662347359,0.1635272040511625,1.5223996356006402,1.0886791254637085,-0.3141696265532598,0.977709794743926,0.79220203766448,-0.3282519461597692,0.7890810151122044,-2.376101857220821,0.1717710329431095,-1.0030969190222077,-1.0040002090171358,-0.7609064750997141,-0.3890127107757135,-1.0026668657945366,1.7792433246281287,1
0.0355803342221451,0.278611385642403,1.4121058998798437,0.9230335279921388,0.5867350126983124,0.9228023630917788,1.3272956760950754,-0.1497458585747941,1.3384945526678629,-0.3778126654367653,-0.0366786188586895,0.2222859450287637,0.4208573790559796,2.1027594793438613,0.9968262956829548,0.996020224097296,0.935776256450216,0.5485188211066231,0.9964931084729888,-0.652371062151611,1
3.6302154520880414,0.6921563313009578,-0.4717342711911214,-0.1547826154532414,0.5867350126983124,-0.1522145438602273,-0.5747644317465738,0.8015783108287298,-0.1014622540406832,-0.8155603040109187,3.7103111855868622,-0.2619140667640096,0.4208573790559796,-0.3856174911433828,0.9968262956829548,0.9960237217570324,2.24226078543546,-0.3770924115782267,0.9964931084729888,-0.652371062151611,1
-0.5500516949585939,0.1531340730707902,-0.9085737613161772,-0.7667034671966645,0.5867350126983124,-0.7647390790090686,-0.7803575271788599,0.049689557991318,-0.7269683530874204,-0.7252546960532233,-0.6495139356819559,-0.3509547077057101,-2.376101857220821,-0.648425060368539,0.9968262956829548,0.9960262216852948,-0.19987522862611,-0.3413315139857663,0.9964931084729888,1.7792433246281287,1
-0.5403856909303754,-0.3069494063584566,0.917602102430247,-0.1556310386267198,-0.6828884132431379,-0.1544865110282789,0.7076616238524059,-0.5056974460683885,-0.1014622540406832,-0.0133650333217801,-0.5098144990548076,-0.2137906148988283,0.4208573790559796,-0.1933233986476994,-1.0030969190222077,-1.0040002088196545,-0.7667303288693362,1.2607566981564593,-1.0026668657945366,-1.1386939395075588,1
2.363409734075744,11.938575928975414,-0.7755210507364106,-0.6088946403472679,0.5867350126983124,-0.6114090713490965,-0.7231498533838531,1.880057015460198,-0.5822765607006155,-0.6019640851889022,0.7339175403132241,-0.3412891146542211,0.4208573790559796,-0.5682233053959032,0.9968262956829548,0.9959629977380474,-0.6541358226566407,-0.3890127107757135,0.9964931084729888,0.8065975699162331,1
0.2499099937899971,0.2291273750507811,-0.1436697684287328,-0.1210872055925706,0.1635272040511625,-0.119982832457023,-0.2422373206017873,0.1563647971871566,-0.3744374912240367,0.4689490091795476,0.1943072111431475,-0.1998207316211682,0.4208573790559796,-0.3974153138427184,-1.0030969190222077,-1.0040002089272884,-1.0598643019403198,-0.3890127107757135,-1.0026668657945366,0.3202746925602845,1
5.389268416562176,1.1398688080822992,0.3324769361816412,0.6737877084666469,0.5867350126983124,0.6637627967601677,0.092947111908259,1.4664377720039634,0.4745204686427351,1.944038339163852,5.535534384614781,0.089116467631406,0.4208573790559796,0.6288910859646081,0.9968262956829548,0.9960076164341132,-0.6735486685553813,-0.3413315139857663,0.9964931084729888,-0.652371062151611,1
-0.1801872433003178,1.6335307232701468,0.2186035280909183,0.5430322796188526,0.5867350126983124,0.5461230830861611,-0.0678994955968782,0.6924043059805112,0.5787383369735747,-0.7954761022411065,-0.6492370855638387,0.0036483165563192,0.4208573790559796,0.2760762866094212,0.9968262956829548,0.9959945467586696,-0.7104330757629883,-0.3413315139857663,0.9964931084729888,-0.652371062151611,1
-0.6737126390551407,-0.2380252487486975,-0.8456831450512505,-0.7170187322814114,0.1635272040511625,-0.7152216360669881,-0.753988424126957,-0.3886209850472914,-0.7011624973318356,-0.7350768969187519,-0.6819945685596908,-0.3475141423550987,0.4208573790559796,-0.7604262447360729,-1.0030969190222077,-1.004000208958391,-0.0096293388184519,-0.3413315139857663,-1.0026668657945366,0.5855417165726204,1
1.7105949826823463,7.369552284348989,2.666740755026226,-0.8635760622610429,-3.645343073773188,-0.8616086047881382,3.495106087475676,-0.6850641903457589,0.6185161493135898,3.4299760701041127,2.837312472952014,-0.3526393757596571,0.4208573790559796,1.272067751268786,-1.0030969190222077,-1.0040002090294828,-1.135574400945408,8.288965104994674,-1.0026668657945366,-0.652371062151611,1
-0.8025660646544494,-0.633308238117487,-1.051279135862516,-0.8635760622610429,-3.645343073773188,-0.8616086047881382,-0.8281499011346156,-0.6920925923428275,-0.8214406573949561,-0.8155603040109187,-0.6972338819729413,-0.3526393757596571,0.4208573790559796,-0.802057193047084,-1.0030969190222077,-1.0040002090366316,2.261673631334201,-0.3413315139857663,-1.0026668657945366,-0.652371062151611,1
-0.5519689188980752,0.3911286002019243,-0.9374341127192444,-0.7275135371972714,0.5867350126983124,-0.7248895574609221,-0.787739133047205,0.7053679590617006,-0.6819697028777782,-0.5867176838453951,-0.7164290726409088,-0.3455874269316469,-2.376101857220821,-0.6517847052431843,0.9968262956829548,0.9960313576659996,-1.3879413976290362,-0.3586159478221222,0.9964931084729888,0.2760635218915621,1
-0.7677364964205382,-0.5202019281937798,0.8181294805306195,0.2957258734756982,0.5867350126983124,0.2939961221095616,0.5398238833695839,-0.5814973539309436,-0.1114067071256869,0.6630474262834252,-0.7100695922278731,-0.1131699636121981,0.4208573790559796,1.1430730143376395,0.9968262956829548,0.996025179999308,-1.00744961801372,-0.3413315139857663,0.9964931084729888,-0.652371062151611,1
0.4867670346467549,-0.3328696023826395,2.325689155896965,0.2920906865431326,0.1635272040511625,0.2927147731881264,2.837439348097202,-0.2740057463017945,0.7625118299844442,3.0054224326926096,0.5637192961004245,-0.0835545009877228,0.4208573790559796,0.9515211689654244,-1.0030969190222077,-1.0040002090332265,-0.9996844796542236,4.405331626453475,-1.0026668657945366,-0.652371062151611,1
0.0590663274807915,1.6447235351896805,0.6332776567999788,0.3576914879918609,0.1635272040511625,0.3582393189143076,0.3732613938555511,0.3344831674583083,0.1785735448330228,0.7114254305464763,-0.3803330292466247,-0.0436320698863218,0.4208573790559796,-0.2127390207721026,-1.0030969190222077,-1.0040002088339497,-1.13169183176566,0.1015076012008681,-1.0026668657945366,-0.1660481847956632,1
-0.5191364589344573,-0.3475969864872889,-0.7585221553900126,-0.699975943488827,0.1635272040511625,-0.6981986581630648,-0.7100931512384563,-0.4918771123722964,-0.6871905407474053,-0.7759783005229678,-0.4358559781782909,-0.3471631623106486,0.4208573790559796,-0.7668981187775407,-1.0030969190222077,-1.0040002089774085,1.584165309468153,-0.2608694944027305,-1.0026668657945366,-0.1660481847956632,1
0.8432908030594733,0.1366394028735828,-0.1348432987303079,-0.0591732826695269,0.1635272040511625,-0.0581408795530029,-0.2249236101915996,0.0502720111853325,-0.2490379378221391,0.4510638076035104,0.8219548314647607,-0.1611147389459164,0.4208573790559796,-0.3819192774054011,-1.0030969190222077,-1.004000208607245,-0.9317395190086316,-0.3574239179023735,-1.0026668657945366,-1.1829051101762815,1
-0.2362660435301471,1.5475228000989942,-0.8045109959419717,-0.7599890424590614,0.5867350126983124,-0.7581289191635171,-0.7399207274271041,0.5998264583911002,-0.7438739233319267,-0.7237886959240399,-0.6789937644176364,-0.3507156031426546,0.4208573790559796,-0.5958947990339696,0.9968262956829548,0.9959910057069072,-0.2814091814008207,-0.3627880525412426,0.9964931084729888,0.3202746925602845,1
0.8582291729212654,1.8538523894757013,0.8113992651719902,1.0404407958899191,0.5867350126983124,1.0434088830227946,0.544270079174048,-0.7077177310824069,0.5668049932715701,0.4328854060016367,0.8520494259189927,0.2993365044680245,0.4208573790559796,1.1149197111632867,0.9968262956829548,0.9960019167410956,-0.4270055256413754,-0.2578894196033587,0.9964931084729888,-0.652371062151611,1
1.5517849330286415,0.2674185737228695,-0.8403892610931892,-0.4975205142609727,-0.6828884132431379,-0.4930211150171915,-0.7297164457177246,0.5622363651489348,-0.3812991638526892,-0.0976600407498237,1.558680277171266,-0.2745155712273265,0.4208573790559796,-0.5521803500255041,0.9968262956829548,0.9960347848579808,-0.0620440227450517,-0.3496757234240071,0.9964931084729888,0.8065975699162331,1
-0.0208978876617427,-0.2698363984147401,-0.875112146161683,-0.7451700414795688,-0.6828884132431379,-0.7433402216036022,-0.7646089523993146,-0.001904722601172,-0.726421408167745,-0.7387418972417104,-0.0110252862885086,-0.3490013962317881,0.4208573790559796,-0.7637207802139228,-1.0030969190222077,-1.004000208983899,0.299034910971524,-0.3413315139857663,-1.0026668657945366,-0.1660481847956632,1
-0.1547041417713782,-0.4347831003868133,1.6999908316260748,0.1214987991287486,-0.2596806045959874,0.1223211852967388,1.7644241210652736,-0.4291902248320992,0.4745204686427351,1.3444442863278545,-0.0768501390484938,-0.1329096573563202,0.4208573790559796,0.4478609191145378,-1.0030969190222077,-1.0040002089878983,-0.628899122988278,3.1864810335104505,-1.0026668657945366,-0.1660481847956632,1
-0.6283383391540821,-0.5938388487170266,-0.9758393939705072,-0.7735071043906134,-1.9525118391845877,-0.7716443449291629,-0.797229218312455,-0.6045307345888334,-0.7363161389873238,-0.5692722823081131,-0.5015632593303393,-0.3427720809771134,0.4208573790559796,-0.7757660186210811,-1.0030969190222077,-1.0040002090112077,0.9843083711970676,-0.3413315139857663,-1.0026668657945366,-0.1660481847956632,1
1.400484010471239,-0.0512820183017432,1.411528411201047,0.994045985618188,0.5867350126983124,0.9992017156245068,1.3237372649468706,0.1062639269808886,0.9065075106552988,2.1803575599882103,1.666837112503393,0.2750097950117097,0.4208573790559796,2.245244883291025,0.9968262956829548,0.9960494796978334,-0.628899122988278,-0.4098732343713154,0.9964931084729888,-0.1660481847956632,1
-0.4976475739461037,-0.1714574725956822,0.4292644269241544,0.6214700799815127,0.1635272040511625,0.6217112892365338,0.2624733977009849,-0.072601238678068,0.4027215173690079,-0.4436360712370985,-0.5149993845417601,0.0986505034846152,0.4208573790559796,-0.4740881395090409,-1.0030969190222077,-1.0040002087774602,0.2349725195056797,0.3494498245085935,-1.0026668657945366,0.8065975699162331,1
0.1677889017155462,-0.3417060328454291,-0.9719674569747822,-0.7849945710438515,0.5867350126983124,-0.7829570450660188,-0.8027913868617383,-0.3612421745774561,-0.7398961420979252,-0.8155603040109187,0.2058233987238782,-0.3515235995234854,0.4208573790559796,-0.6830372157050005,0.9968262956829548,0.9960492710137104,1.9277726818758625,-0.3413315139857663,0.9964931084729888,-0.652371062151611,1
-0.7681359180745968,-0.6397882871235328,-0.9983621883410808,-0.8246932194521501,-1.1060962218902877,-0.8227709601964562,-0.8108177672200259,-0.6912521252665638,-0.7889222958069938,-0.7761249005358862,-0.6786752073972758,-0.352085056444298,0.4208573790559796,-0.7895822326210756,-1.0030969190222077,-1.0040002089114648,0.2893284880221537,-0.3413315139857663,-1.0026668657945366,-0.1660481847956632,1
-0.7865891984921047,-0.6403773824877188,0.4268881012424328,0.7143633937383657,0.5867350126983124,0.716027094969541,0.1400852844733272,-0.7050587142568816,0.4025226283073078,1.091412664030805,-0.6612545034070137,0.1107547662119763,0.4208573790559796,0.6645189478910787,0.9968262956829548,0.9960723471035328,0.0233724992094071,-0.4009330099732003,0.9964931084729888,-0.652371062151611,1
-0.410573653361326,0.1425303565154426,0.252361329439392,0.8610148843701309,0.5867350126983124,0.8644951197716483,-0.0374781052552646,-0.0504814152774326,1.0704915420270111,-0.2331184526863669,-0.503687994294626,0.1837289561087115,0.4208573790559796,0.3158190624133642,0.9968262956829548,0.996039266090826,0.994014794146438,-0.3770924115782267,0.9964931084729888,-0.652371062151611,1
-0.1022201364280764,-0.2663018262296243,0.8230696863049001,1.5015637300438094,0.5867350126983124,1.5043691445917229,0.5614817984638225,-0.5026826785468235,1.5544880736741444,1.811218727459838,-0.031227197863852,0.6646159138011785,0.4208573790559796,1.2383280618493837,0.9968262956829548,0.9959749000625956,-0.6366642613477741,-0.3592119627819966,0.9964931084729888,-0.652371062151611,1
-0.6178734918177464,0.1442976426080006,-0.6030892636391509,-0.4437677680792879,0.5867350126983124,-0.4413453758856296,-0.6463728813161352,0.4362567810572734,-0.4614514557178196,-0.7038510941671462,-0.720744017921391,-0.3207505553427218,0.4208573790559796,-0.4720697482083819,0.9968262956829548,0.9959913265382334,-1.00744961801372,-0.3413315139857663,0.9964931084729888,-0.652371062151611,1
-0.5816060056292244,-0.5950170394453986,-1.0415036622300895,-0.8540552324348242,-2.375719647831738,-0.8520988421705757,-0.8251223447375888,-0.5544199096095526,-0.812938150007278,-0.8073507032874918,-0.519380477866123,-0.352585304242054,0.4208573790559796,-0.7997002328830886,-1.0030969190222077,-1.004000208962716,2.011247919240447,-0.3449076037450124,-1.0026668657945366,-0.652371062151611,1
-0.3500213306060403,1.1198395656999762,-0.6123176535409034,-0.5840167227988845,0.1635272040511625,-0.5823742308592464,-0.6337346565209626,1.8419065072526029,-0.6190710371151295,-0.4468612715213019,-0.6883569639712703,-0.3328544626026303,0.4208573790559796,-0.6773206106663598,-1.0030969190222077,-1.0040002088026931,-1.0520991635808234,-0.3770924115782267,-1.0026668657945366,-0.1660481847956632,1
0.1690670510085337,2.085955962964976,-0.6080910610530177,-0.3251251249185662,0.5867350126983124,-0.3317933370406368,-0.6269455269968254,0.3237986737252576,-0.3171574414544149,0.0622805733440814,-0.3627017726692308,-0.2907131653972163,0.4208573790559796,-0.4128332190038811,0.9968262956829548,0.9960098467557011,-1.015214756373216,-0.3413315139857663,0.9964931084729888,-0.1660481847956632,1
0.673696368746186,-0.2680691123221822,-1.051279135862516,-0.8635760622610429,-3.645343073773188,-0.8616086047881382,-0.8281499011346156,-0.1995283292220165,-0.8214406573949561,-0.8155603040109187,0.7115557643039626,-0.3526393757596571,0.4208573790559796,-0.7161127892770893,0.9968262956829548,0.996001710601348,2.24226078543546,-0.3413315139857663,0.9964931084729888,-0.652371062151611,1
-0.8270905542136482,-0.5702750341495877,-0.6827849838339298,-0.5738007939822327,0.5867350126983124,-0.5717128346254938,-0.685958152479203,-0.5334585806539567,-0.4972514868238332,-0.7189508954977348,-0.7594742581901225,-0.3375045037402714,0.4208573790559796,-0.5259282412375785,0.9968262956829548,0.9959817672621774,0.3339780335892568,-0.3592119627819966,0.9964931084729888,-0.3871040381392759,1
-0.1394462345863392,-0.4813216341575054,-1.004632149066666,-0.791294723551554,0.5867350126983124,-0.7893134930091789,-0.8133654483961684,-0.352640183280803,-0.7398961420979252,-0.8092565034554303,-0.066747875248655,-0.3516952054088981,0.4208573790559796,-0.6966060139971724,0.9968262956829548,0.9959992627291472,1.2677359213186812,-0.3890127107757135,0.9964931084729888,-0.8734269154952237,1
-0.4933338200822708,-0.2462725838473011,-1.0015518858585384,-0.8076443715053371,-0.2596806045959874,-0.8057419301815902,-0.8109730933568173,0.0290739529785552,-0.7785800645985899,-0.7460718978876272,-0.4934915536187537,-0.3511857958918194,-2.376101857220821,-0.7886316354278621,-1.0030969190222077,-1.0040002087329816,-0.1862862364969915,-0.3770924115782267,-1.0026668657945366,2.751889079340024,1
-0.5656291394668798,-0.4200557162821638,0.7820705737103809,1.1354258603980243,-0.2596806045959874,1.1350696368697957,0.7162870228490191,-0.5822150715149979,0.7625118299844442,1.3262658847259807,-0.5007534129400045,0.5892036787309634,0.4208573790559796,0.1283039996424669,-1.0030969190222077,-1.0040002090236886,-0.2231706437045988,-0.3413315139857663,-1.0026668657945366,-0.3871040381392759,1
0.5770363284640015,-0.1973776686198651,-1.051279135862516,-0.8635760622610429,-3.645343073773188,-0.8616086047881382,-0.8281499011346156,-0.3426672379025188,-0.8214406573949561,-0.8155603040109187,0.6686738934167592,-0.3526393757596571,0.4208573790559796,-0.802057193047084,-1.0030969190222077,-1.0040002090206457,2.24226078543546,-0.3413315139857663,-1.0026668657945366,-0.652371062151611,1
-0.3918008356205712,0.7923025432125738,-0.9905179333838008,-0.8229293060036065,-0.2596806045959874,-0.82100909715723,-0.8085988308715132,0.7776977465524741,-0.7897178520537941,-0.793863502099005,-0.6512957472277973,-0.3522247899895426,-2.376101857220821,-0.7905979392110847,-1.0030969190222077,-1.0040002088574504,-0.8463229970541727,-0.3699402320597346,-1.0026668657945366,1.0276534232598458,1
-0.4100943473764558,-0.5184346421012218,0.9076804511441626,1.7375874047057842,0.1635272040511625,1.7365312161979016,0.8320012034266109,-0.5544865799472884,1.270971716220687,1.3693662885239717,-0.3037747033867197,1.37835454186985,0.4208573790559796,0.2015390491579895,-1.0030969190222077,-1.0040002089920312,-0.6735486685553813,-0.3258351250290335,-1.0026668657945366,0.8065975699162331,1
-0.761745171609659,-0.345240605030545,-1.0541497306135716,-0.8282392575708648,0.1635272040511625,-0.8263128763274366,-0.8288390942221185,1.1925387208095597,-0.7978723035834971,-0.815267103985082,-0.5994332890317337,-0.352314490034135,-2.376101857220821,-0.801197749009384,-1.0030969190222077,-1.0040002089763622,-0.9996844796542236,-0.3842445910967188,-1.0026668657945366,3.238211956695973,1
-0.1573403246881651,-0.442441340121231,-0.452323671017498,-0.0962880046706373,0.5867350126983124,-0.0917935548662019,-0.5419370331954255,0.5373695743430063,0.088924300271714,0.0043735682413384,-0.0738026949297372,-0.1707892428058142,0.4208573790559796,-0.2873804332584072,0.9968262956829548,0.9960406858738192,0.1689688434499618,-0.3770924115782267,0.9964931084729888,-1.1829051101762815,1
-0.6097252900749508,-0.6291845705681852,-0.4817984603272202,-0.2565389579973964,-1.5293040305374377,-0.2552771329554422,-0.4969884165804254,-0.5440763759594398,-0.3894536153823923,0.2434781893111456,-0.4682339881585702,-0.2149903060776332,0.4208573790559796,-0.5575583862008084,-1.0030969190222077,-1.0040002090195077,0.6038165915817516,-0.3556358730227505,-1.0026668657945366,-0.1660481847956632,1
-0.0562866462113359,-0.1891303335212615,0.8248644492397518,0.2185425757024337,0.5867350126983124,0.2189643194893771,0.5581711967125805,-0.4043149491413824,-0.1014622540406832,-0.7482708980814022,-0.0697835846296837,-0.1402610225735459,0.4208573790559796,1.094527448086952,0.9968262956829548,0.996038517819065,0.9784845174274458,-0.2841140778378297,0.9964931084729888,-0.652371062151611,1
-0.0979063825642434,-0.2804401149700877,0.1129416742418601,0.2391916967252952,0.5867350126983124,0.2404457697222159,-0.1365417088471837,-0.3145607642925926,0.1865291073010259,1.1081250655034958,-0.045698894993878,-0.1207207926781881,0.4208573790559796,0.2820403073558846,0.9968262956829548,0.9959929152106808,-0.9996844796542236,-0.3413315139857663,0.9964931084729888,-0.652371062151611,1
-0.5907927036725724,0.2627058108093816,-0.902721457306777,-0.7726377662746262,0.5867350126983124,-0.7707275767674635,-0.7778042598204645,1.5220829877350348,-0.7398961420979252,-0.7572134988694208,-0.7208255631370675,-0.3511557414648993,0.4208573790559796,-0.6481906665400755,0.9968262956829548,0.996042656701969,1.0969028774097636,-0.4098732343713154,0.9964931084729888,-0.652371062151611,1
-0.7895449187321385,-0.4371394818435572,-0.600289777248313,-0.4257691493273545,0.1635272040511625,-0.4243106076259743,-0.6288662899123949,-0.306576715936694,-0.483627586097378,-0.6814212921906406,-0.7517173723212771,-0.3106272800275046,0.4208573790559796,-0.7053436950471219,-1.0030969190222077,-1.0040002089782587,-0.7997321668971954,-0.3890127107757135,-1.0026668657945366,0.5413305459038973,1
0.2839407187157909,-0.4106301904551883,0.613117230134196,0.6404208113215271,0.5867350126983124,0.6409691432884704,0.3140286865422119,-0.4616998954317685,0.6185161493135898,0.7241796316703717,0.4237391226904337,0.0525617248215324,0.4208573790559796,0.8544170145846897,0.9968262956829548,0.9960733671980192,-0.6735486685553813,-0.4104692493311898,0.9964931084729888,-0.8734269154952237,1
-0.6579754258852313,-0.6274172844756273,1.2728487963230362,-0.3949809974144853,-1.9525118391845877,-0.3935582444949211,1.1332701670313152,-0.6874146618763223,-0.0294644137052559,0.8826542456350939,-0.5436032935867776,-0.2507542583079186,0.4208573790559796,0.0841598286151514,-1.0030969190222077,-1.004000209022776,-0.0271009001273186,2.2477574717083657,-1.0026668657945366,-0.652371062151611,1
-0.5389477729757645,-0.633308238117487,-0.1491542284540757,-0.046097749050494,-1.1060962218902877,-0.0450805452035184,-0.2191197916280073,-0.6797902169124427,-0.2454579347115377,0.8826542456350939,-0.431800841485977,-0.1374844809381995,0.4208573790559796,-0.3683765228719475,-1.0030969190222077,-1.0040002089335145,-1.098689993737801,-0.3413315139857663,-1.0026668657945366,-0.652371062151611,1
-0.6837780647374176,-0.2786728288775297,0.60561416403116,1.1264198885117436,0.5867350126983124,1.129356996217895,0.3123842211226695,-0.6730409295280744,0.5986272431435822,-0.8155603040109187,-0.5955168763726879,0.3596328904746672,0.4208573790559796,0.7715067087053629,0.9968262956829548,0.9959793280598482,-0.9996844796542236,-0.3413315139857663,0.9964931084729888,-0.652371062151611,1
-0.7812369483277193,-0.585591513618423,-0.8643435895471538,-0.7702576979909512,0.1635272040511625,-0.768398715706416,-0.762077586590299,-0.6728316594040922,-0.7517300412690797,-0.7577998989210941,-0.7130135912700979,-0.3508853417962627,0.4208573790559796,-0.7704791356012904,-1.0030969190222077,-1.0040002087982325,0.0078422224904146,-0.3413315139857663,-1.0026668657945366,0.0992188392166722,1
-0.8564879879523621,-0.6951632513570145,-0.7575351298683217,-0.6521157729183977,0.5867350126983124,-0.6500801600892956,-0.7197506024024501,0.6860804241745367,-0.6349821620511354,-0.7645434995153376,-0.7612204918050177,-0.3445919588509404,0.4208573790559796,-0.5723512411527347,0.9968262956829548,0.995961016505698,0.1379082900119766,-0.3770924115782267,0.9964931084729888,0.8065975699162331,1
-0.5026004024564306,-0.5708641295137736,1.5571597292273958,4.9939669084492655,0.5867350126983124,5.000503842565786,1.545067590127458,-0.6372182142620758,5.179539556750568,-0.8114555036492054,-0.3826657007737089,5.838300435007488,0.4208573790559796,2.3793181531722167,0.9968262956829548,0.9960293607763672,2.042308472678432,-0.3413315139857663,0.9964931084729888,-0.1660481847956632,1
-0.1091700732086963,-0.4565796288616944,0.5270325580585767,0.6925949309146807,0.5867350126983124,0.6930807605276165,0.2234778574716076,-0.5043721669309115,0.6185161493135898,0.4581006082235905,0.0330402234946193,0.0810717501135633,0.4208573790559796,0.7357746717440198,0.9968262956829548,0.996065301600799,0.3048587647411458,-0.3413315139857663,0.9964931084729888,-0.652371062151611,1
-0.8439461480149216,-0.6963414420853864,1.3255300104208194,0.7646847344691445,0.5867350126983124,0.7645020376240513,1.2053218667064154,-0.7199439220612779,0.6185161493135898,-0.3577284636669531,-0.7454123799579465,0.1288141422983629,0.4208573790559796,1.9385926462638123,0.9968262956829548,0.9960026691400874,0.4077468480044713,0.0901833169632557,0.9964931084729888,0.3202746925602845,1
0.9988255951498972,-0.1384681322012676,1.4577234769383032,-0.0266722411906014,0.5867350126983124,-0.0407247492172631,1.3769625910513072,-0.1201922920776997,0.6185161493135898,1.0949310643408454,1.1247826691695928,-0.2303876321987527,0.4208573790559796,2.244229176701016,0.9968262956829548,0.9960311200042362,-0.3512954266362868,0.9532129788612996,0.9964931084729888,-0.652371062151611,1
-0.5221720635053027,-0.609744423550048,1.7453204105002236,0.5059212544852285,0.5867350126983124,0.509000399738243,1.824834276780568,-0.6773634577880147,1.3384945526678629,2.156315157869603,-0.4086321340849246,-0.0154942175631406,0.4208573790559796,2.873055730951476,0.9968262956829548,0.9960435779683398,-0.9996844796542236,3.9738167955044537,0.9964931084729888,-0.652371062151611,1
-0.4127305302932426,-0.6391991917593468,2.2429950647089045,1.188162872724193,0.1635272040511625,1.1877453466068015,2.7804821660250347,-0.6964528777256105,1.266496712332435,1.0949310643408454,0.0867935440794866,0.5837209389727674,0.4208573790559796,0.6498302679740251,-1.0030969190222077,-1.004000209003864,-1.0851010016086824,3.1107871336064097,-1.0026668657945366,-0.652371062151611,1
-0.8559287976366801,-0.6751340089746912,-0.8630982218035022,-0.763798721286786,0.1635272040511625,-0.7619472470497839,-0.761247462580055,-0.5161205160769636,-0.7386033631968748,-0.7221760957819383,-0.7624302909442848,-0.3501965498117314,0.4208573790559796,-0.7707786388265496,-1.0030969190222077,-1.0040002089290418,-0.4580660790793602,-0.3300072297481539,-1.0026668657945366,0.3202746925602845,1
-0.564430874504704,-0.5095982116384322,-0.9070749407316034,-0.6825625518453454,0.5867350126983124,-0.6995025434000524,-0.765285914765799,-0.4904185860458185,-0.6324960487798845,-0.3026068588096586,-0.4859479111049268,-0.3407318531749354,-2.376101857220821,-0.6149848741743957,0.9968262956829548,0.9960675773284076,-0.8987376809807724,-0.3592119627819966,0.9964931084729888,1.5139763006157936,1
0.8214823807478729,0.6585778955423572,1.629126232715951,0.1535526186924339,0.1635272040511625,0.1543377448404662,1.65776067955377,0.1299647145786409,0.5465183089781623,1.1104706657101888,0.697837183207994,-0.1435879578477039,0.4208573790559796,0.3306640048827269,-1.0030969190222077,-1.004000209023995,-1.00744961801372,2.679272302657388,-1.0026668657945366,-0.652371062151611,1
0.0486813644752675,-0.0554056858510451,0.9160103367123325,0.5250155683068396,0.5867350126983124,0.5236870456547057,0.6581124243950283,-0.3726285313790838,0.4745204686427351,0.9861538547554396,0.0487383128325467,-0.0068566337445962,0.4208573790559796,1.316420272365847,0.9968262956829548,0.996056393833578,-0.3474128574565389,-0.3413315139857663,0.9964931084729888,-0.652371062151611,1
-0.483188510069182,-0.6026752791798163,1.0639722865046113,0.7795795611920932,0.1635272040511625,0.7796369807301444,0.9649973420080898,-0.5957519889040066,0.4745204686427351,1.1166278662527591,-0.3302579136192805,0.1969359065164198,0.4208573790559796,0.1126517006528405,-1.0030969190222077,-1.0040002090281637,0.0233724992094071,-0.3413315139857663,-1.0026668657945366,-0.1660481847956632,1
-0.3909221079816423,-0.0595293534003468,0.9420846204822676,-0.0242478423279724,-0.6828884132431379,-0.0232560372625349,0.7204096225864702,-0.3048125371290159,-0.1014622540406832,0.2563789904479593,-0.4119571010137701,-0.1719987033527622,0.4208573790559796,-0.1536978197579882,-1.0030969190222077,-1.0040002089623423,-0.1047522837222811,0.9621532032594148,-1.0026668657945366,-0.9176380861639462,1
-0.2397010697550512,1.5174789365255097,-0.6978635432518047,-0.7759337930712915,0.1635272040511625,-0.7740682127769449,-0.6915914506119385,1.4458751378302352,-0.7435755897393767,-0.7237886959240399,-0.6683018487328551,-0.3510437022345945,0.4208573790559796,-0.742364898065015,-1.0030969190222077,-1.0040002087923676,-0.2814091814008207,-0.2608694944027305,-1.0026668657945366,0.3202746925602845,1
-0.5443000231401499,0.0353150002335951,-0.579193596739307,-0.45243191624326,0.1635272040511625,-0.4509423811925398,-0.6216502593827563,-0.1274625365531265,-0.51525094690769,-0.6938822932886992,-0.6115104269732822,-0.3181492414677919,0.4208573790559796,-0.718079093060312,-1.0030969190222077,-1.0040002087967033,-0.7065505065832405,-0.3717282769393576,-1.0026668657945366,1.292920447272181,1
-0.642797403031004,-0.6274172844756273,0.3109127959325389,0.7540822085929201,0.5867350126983124,0.7497369972186941,0.0643056108476427,-0.6883098207327158,0.5465183089781623,1.7317615204581,-0.54461487282506,0.1730826666742289,0.4208573790559796,0.5849292212483201,0.9968262956829548,0.9960297538358984,0.3048587647411458,-0.3413315139857663,0.9964931084729888,-0.652371062151611,1
-0.1188360772369148,1.988166132510104,-0.77762850904163,-0.7834482551687239,0.1635272040511625,-0.7815739399088868,-0.7268784447378202,1.0472822281262864,-0.7507355959605793,-0.7441660977196888,-0.6664238422350656,-0.3513285713600983,0.4208573790559796,-0.7606866823232548,-1.0030969190222077,-1.0040002087073014,-0.7259633524819811,-0.2984184368748139,-1.0026668657945366,-0.1660481847956632,1
-0.7980126577981811,-0.6162244725560937,-0.9479316520465864,-0.7869632856319695,0.1635272040511625,-0.7850848844283357,-0.7931519960810234,-0.675442631205914,-0.7634644959093841,-0.7765647005746411,-0.7140168739740631,-0.3512273218349979,0.4208573790559796,-0.7811700985551034,-1.0030969190222077,-1.0040002088845017,-0.5609541623426858,-0.3592119627819966,-1.0026668657945366,-0.2102593554643856,1
-0.6717954151156592,-0.2527526328533469,2.1372969198076297,1.9862579715478303,0.5867350126983124,1.9918051558587784,2.492131884765631,-0.5182751259891458,2.7784513593764086,1.1236646668728392,-0.6374391895340844,1.1077026067845055,0.4208573790559796,3.706325791139651,0.9968262956829548,0.9959701890892833,-0.6832550915047516,1.816242640759344,0.9964931084729888,-0.652371062151611,1
-0.6308147534092455,0.1077737300284702,-1.0513466843412878,-0.8369401825085312,0.1635272040511625,-0.8350036871307741,-0.8279499083665728,0.131625514905393,-0.8035406418419493,-0.8041255030032886,-0.7289859894453607,-0.3524075587983031,-2.376101857220821,-0.8004945675239932,-1.0030969190222077,-1.004000208848754,-1.3316441445226883,-0.3890127107757135,-1.0026668657945366,1.5139763006157936,1
-0.4724840097404111,0.3516592108014639,-0.805711098132363,-0.7756083679519283,0.1635272040511625,-0.773743165938442,-0.7389185306821592,-0.0817701306189491,-0.7582933803051822,-0.708542294580533,-0.6205715878316376,-0.3510452216074172,0.4208573790559796,-0.7567931403948868,-1.0030969190222077,-1.0040002087168634,0.4213358401335896,-0.314510840791421,-1.0026668657945366,0.8065975699162331,1
1.355029826239369,0.5325114876065585,-0.987622817305629,-0.7806152508017317,-1.1060962218902877,-0.7784354783442663,-0.8075260798558712,0.7045286283069098,-0.721200570298118,-0.7516426983785239,1.3988115919011763,-0.3505705003350045,0.4208573790559796,-0.6846389068661686,0.9968262956829548,0.99604541662325,0.2621505037639167,-0.3520597832635044,0.9964931084729888,-0.652371062151611,1
-0.1010218714659006,-0.0748458328691822,-0.8994852360233686,-0.6790275339500556,-2.375719647831738,-0.6772745994869402,-0.7563834204596589,-0.4178282833610633,-0.6729699728358498,-0.3778126654367653,-0.0384161822215055,-0.3234162530694805,0.4208573790559796,-0.7419742416842423,-1.0030969190222077,-1.004000208990764,1.269677205908555,-0.3413315139857663,-1.0026668657945366,-0.652371062151611,1
-0.8569672939372324,-0.682792248709109,-1.0690511604104715,-0.8232304588677933,0.5867350126983124,-0.8209397858941624,-0.8331852867238618,-0.6895667011300001,-0.7809667333389907,-0.7687948998899694,-0.760534644968127,-0.3518133600834141,-2.376101857220821,-0.7209308846399527,0.9968262956829548,0.995985168172892,-1.0909248553783046,-0.3890127107757135,0.9964931084729888,1.7792433246281287,1
-0.6491881494959417,-0.56261679441517,-0.5342453920412216,-0.2605399761966846,0.5867350126983124,-0.2637418401564477,-0.5624291429014385,-0.5799474272422421,-0.35683580926358,0.4581006082235905,-0.5702604320657906,-0.2531272347663532,0.4208573790559796,-0.29878759957697,0.9968262956829548,0.9960261773618536,0.3048587647411458,-0.3413315139857663,0.9964931084729888,-0.652371062151611,1
-0.0018055325977409,0.1307484492317231,0.0930146573376222,0.2272639451912712,0.5867350126983124,0.2296760650362473,-0.17735757676541,0.0527532013811399,-0.0517399886156643,-0.7925441019827398,-0.0875048324441761,-0.1386802226183427,0.4208573790559796,0.1335127513861029,0.9968262956829548,0.9960009786933988,0.2796220650727833,-0.3961648902942056,0.9964931084729888,-0.1660481847956632,1
2.430352803295968,0.1855343181010189,-0.9625917012740602,-0.7966851087809825,0.5867350126983124,-0.7946676822150169,-0.7995966134100372,0.3798369912893626,-0.7478517045659282,-0.8155603040109187,2.4797520246386724,-0.3518323499118972,0.4208573790559796,-0.6788702143100916,0.9968262956829548,0.9960044233139248,2.261673631334201,-0.3413315139857663,0.9964931084729888,-0.652371062151611,1
-0.4830287414075585,-0.5743987016988895,1.3509446136376293,0.2568216987692417,-0.2596806045959874,0.2574867828119319,1.2396881197896288,-0.5724603766676719,0.4025226283073078,1.0937582642374988,-0.4070665556361981,-0.0666290399391107,0.4208573790559796,0.1971897414520534,-1.0030969190222077,-1.0040002090315954,-1.00744961801372,0.5193140880727803,-1.0026668657945366,-0.1660481847956632,1
-0.4271097098393526,-0.6450901454012066,-1.051279135862516,-0.8635760622610429,-3.645343073773188,-0.8616086047881382,-0.8281499011346156,-0.6786683656528576,-0.8214406573949561,-0.8155603040109187,-0.274834149381659,-0.3526393757596571,0.4208573790559796,-0.7161127892770893,0.9968262956829548,0.9960658568455532,2.24226078543546,-0.3413315139857663,0.9964931084729888,-0.652371062151611,1
-0.4593829794872886,-0.5461221242179627,-0.4893166177132477,-0.2076622289772425,0.5867350126983124,-0.2123572908113724,-0.5566250135664443,-0.596129137907152,-0.267335731498546,0.245823789517839,-0.384721372695571,-0.2600215004752876,0.4208573790559796,-0.3054548018088241,0.9968262956829548,0.9960098693478022,-0.0271009001273186,-0.3592119627819966,0.9964931084729888,-0.652371062151611,1
0.465997108635707,-0.368215324233798,1.3418401924904428,-0.1621959545169071,-1.5293040305374377,-0.1610437957250413,1.229599858999755,-0.4554411521898951,0.2585269476364533,0.6703774269293421,0.7190562797880504,-0.1711725039044763,0.4208573790559796,0.1407268725510387,-1.0030969190222077,-1.0040002089920923,0.29709362638165,2.2477574717083657,-1.0026668657945366,-0.652371062151611,1
-0.6920860351418369,-0.5001726858114566,-0.7702546638430732,-0.4913327217855759,-0.2596806045959874,-0.4897979676373938,-0.6852488482138233,-0.2941069944561411,-0.4980470430706335,-0.1390012443927948,-0.6241858123083,-0.2618005727442182,0.4208573790559796,-0.6886887113468457,-1.0030969190222077,-1.0040002089101314,-0.6832550915047516,-0.3770924115782267,-1.0026668657945366,-0.1660481847956632,1
-0.4242338739301306,-0.6026752791798163,0.3247550751140379,0.3174319481874713,0.5867350126983124,0.3151620295317018,0.0351068110614967,-0.6798957723553256,-0.1014622540406832,0.0326673707345775,-0.2839394836794872,-0.1043618948581991,0.4208573790559796,0.4355943087582748,0.9968262956829548,0.9960081119579444,0.4970459391386781,-0.3890127107757135,0.9964931084729888,-0.9176380861639462,1
0.5147265504308578,-0.2209414831873042,0.5759594274198306,0.3312739194953453,0.5867350126983124,0.3328228150923166,0.2807359966167558,-0.3521066314114551,-0.1014622540406832,-0.8155603040109187,0.5105456865080293,-0.0966645675377797,0.4208573790559796,0.7302273511370473,0.9968262956829548,0.996070032734645,2.261673631334201,-0.3413315139857663,0.9964931084729888,-0.652371062151611,1
1.2480647072824722,-0.1384681322012676,-1.051279135862516,-0.8635760622610429,-3.645343073773188,-0.8616086047881382,-0.8281499011346156,-0.1682607378728429,-0.8214406573949561,-0.8155603040109187,1.313280227831204,-0.3526393757596571,0.4208573790559796,-0.802057193047084,-1.0030969190222077,-1.0040002090289653,2.24226078543546,-0.3413315139857663,-1.0026668657945366,-0.652371062151611,1
-0.5349535564351783,0.4465035644354061,-0.7853453573888571,-0.7130927322628388,0.5867350126983124,-0.7111866060444194,-0.7307296177157312,0.4736917087025422,-0.6919638782282072,-0.594047684491312,-0.7118590276160599,-0.3483750771457843,-2.376101857220821,-0.5764921987889254,0.9968262956829548,0.996040008776312,-0.5648367315224337,-0.3770924115782267,0.9964931084729888,2.751889079340024,1
-0.8578460215761614,-0.6780794857956212,-1.101528565551933,-0.8533521080175177,0.1635272040511625,-0.8513965350795716,-0.8427275138026257,0.6943916830796593,-0.8206948234135808,-0.8280213051089773,-0.7550345659206722,-0.3526159485455995,-2.376101857220821,-0.80884159219317,-1.0030969190222077,-1.0040002088527102,-1.0346276022719567,-0.3866286509362162,-1.0026668657945366,3.238211956695973,1
-0.3756642007966033,-0.5225583096505236,1.1439025680622823,-0.1203484412138935,-0.2596806045959874,-0.1192449268332733,0.9581664871235378,-0.4933077885084496,-0.0777944556983742,0.5608672172793446,-0.2941543860128041,-0.2263414287697617,0.4208573790559796,0.011549829308865,-1.0030969190222077,-1.0040002090028497,-0.6366642613477741,0.9240082458274572,-1.0026668657945366,0.8065975699162331,1
-0.4888602975568142,-0.2044468129900969,-0.8280255546776047,-0.779011927271763,0.1635272040511625,-0.7771427688908323,-0.7486957837610662,-0.1722276444744078,-0.7562547674227564,-0.742553497577587,-0.501154860559985,-0.3510628759893746,-2.376101857220821,-0.7617023889132638,-1.0030969190222077,-1.00400020885951,0.7280588053336916,-0.3216630203099132,-1.0026668657945366,1.7792433246281287,1
0.6254462329359054,-0.3322805070184536,0.8478278861371603,0.1825106147236777,0.1635272040511625,0.1832620795007801,0.6064652832227544,-0.3037774259530137,-0.1014622540406832,0.8820678455834204,0.7328475863605114,-0.1339664572869779,0.4208573790559796,-0.0860100908494378,-1.0030969190222077,-1.0040002090214104,-0.7084917911731144,0.0794550476855175,-1.0026668657945366,-0.1660481847956632,1
-0.5038785517494182,-0.4701288222379718,-0.6268676375216194,-0.7022947184651455,0.1635272040511625,-0.7005147377475995,-0.6520679983066103,-0.4000509350732015,-0.6854005391921045,-0.7135266950197564,-0.4344025150581756,-0.3474368932275481,0.4208573790559796,-0.7358800021441881,-1.0030969190222077,-1.0040002089572555,1.3162680360655328,-0.2170623948519665,-1.0026668657945366,0.3202746925602845,1
0.0800759064842747,-0.392957329529609,0.2179352911850856,1.1147840450969646,0.5867350126983124,1.1159813939951508,-0.0632651342131335,-0.3989107595874675,1.3384945526678629,0.0467409719747378,0.2033580573912707,0.3507348852512079,0.4208573790559796,0.3286846792201451,0.9968262956829548,0.9959878375605404,0.6309945758399885,-0.3413315139857663,0.9964931084729888,-0.652371062151611,1
1.6143343640542207,0.1990835114772964,1.1897235803951112,1.7094225007348818,-0.2596806045959874,1.7083990516913872,1.3243855309722623,0.1221768548243206,1.3384945526678629,1.944038339163852,1.7016480998580874,1.1698490269869146,0.4208573790559796,0.4424177735424379,-1.0030969190222077,-1.0040002090358242,-0.6832550915047516,-0.3413315139857663,-1.0026668657945366,-0.652371062151611,1
-0.6388031864904178,-0.6274172844756273,1.5196281744615296,-0.2356194638732425,0.5867350126983124,-0.2330310886961264,1.4780415918600038,-0.686966028640533,0.6185161493135898,1.307207883046597,-0.5404712397666958,-0.2812949501072965,0.4208573790559796,2.395074627196716,0.9968262956829548,0.9960446839419748,-0.9996844796542236,3.9738167955044537,0.9964931084729888,-0.652371062151611,1
0.7499060203405695,0.1295702585033512,0.5396527503928906,-0.0105864583146376,-0.2596806045959874,-0.0096105335233115,0.3013747753448152,0.8050333092151762,-0.1014622540406832,-0.2875070574790699,0.7853314624512907,-0.1892098163060848,0.4208573790559796,-0.396920482427073,-1.0030969190222077,-1.0040002089273834,-0.4328293794109975,0.5875578009783922,-1.0026668657945366,0.8065975699162331,1
0.0122541096251221,0.0912790598312628,-0.9196167795954512,-0.696620885999797,0.5867350126983124,-0.6935394446213855,-0.7819246525497323,-0.0958137775992598,-0.6189715925842794,-0.5565180811842177,-0.0281460444029595,-0.3405724300898968,0.4208573790559796,-0.6449872842177393,0.9968262956829548,0.9959978318415692,0.4601615319310708,-0.3538478281431275,0.9964931084729888,0.5413305459038973,1
-0.8194216584557227,-0.6274172844756273,-0.4887388300260711,-0.3813082554162886,0.1635272040511625,-0.3799013959735912,-0.5687963649501776,-0.7106190977588754,-0.4643353471124707,-0.5952204845946586,-0.7332306010430275,-0.3051247202068983,0.4208573790559796,-0.688024595499532,-1.0030969190222077,-1.0040002090007951,0.7397065128729359,-0.3413315139857663,-1.0026668657945366,-0.652371062151611,1
-0.7649405448421279,-0.5207910235579657,-0.8579974629661746,-0.7624765160639043,0.5867350126983124,-0.7610399666094569,-0.7603417903957893,-0.6342959404116526,-0.7398961420979252,-0.7290662963891,-0.7065677820540316,-0.3508244043777128,0.4208573790559796,-0.6238137083798587,0.9968262956829548,0.996037764750306,0.052491768057518,-0.3413315139857663,0.9964931084729888,0.3202746925602845,1
-0.8109539193896802,-0.5213801189221517,-0.8746005287869899,-0.7827756892476988,0.1635272040511625,-0.7809021557923388,-0.7667152150971112,-0.3697839087960737,-0.7592381033482576,-0.7482708980814022,-0.7534784051595491,-0.3512104301118813,0.4208573790559796,-0.7699452385475677,-1.0030969190222077,-1.004000208712949,-0.2775266122210725,-0.3314972671478398,-1.0026668657945366,0.8065975699162331,1
0.9258912011187944,0.0423841446038268,-0.991012652757872,-0.8066138146109305,-2.375719647831738,-0.8047125712277403,-0.8060895021803033,-0.0266579962525446,-0.7689836673715612,-0.6727718914284588,0.9827507852460174,-0.3498294493423974,0.4208573790559796,-0.7837484306682032,-1.0030969190222077,-1.00400020890329,1.1609652688756078,-0.3413315139857663,-1.0026668657945366,-0.1660481847956632,1
-0.6875326282855686,-0.0648312116780207,-0.6996942958254513,-0.7126396932550885,0.1635272040511625,-0.7108476873258085,-0.6882194753898522,0.9054337974763008,-0.7089688930035635,-0.6614836904337468,-0.7403423753110442,-0.3478099357270184,-2.376101857220821,-0.7250457985174252,-1.0030969190222077,-1.004000208935918,-0.8288514357453063,-0.3604039927017452,-1.0026668657945366,2.751889079340024,1
-0.6463123135867197,0.0547551472517323,-0.5389866316280575,-0.5830831178723382,0.1635272040511625,-0.5814417111742928,-0.608827855756316,-0.487927217236152,-0.5793429470405395,-0.6090008858089824,-0.6678974113707784,-0.3346115402427448,0.4208573790559796,-0.6885064050358184,-1.0030969190222077,-1.0040002089766615,-0.9259156652390096,-0.2838160703578926,-1.0026668657945366,-0.1660481847956632,1
-0.8071194715107175,-0.6892722977151547,1.14003117827846,2.361410069309805,0.5867350126983124,2.363772884917234,0.9580793574198084,-0.7137298859810753,2.562457838370127,2.4720915856957,-0.7107955763524068,1.5508738177743313,0.4208573790559796,1.7661699416701009,0.9968262956829548,0.9959923478883062,-0.6754899531452553,-0.3770924115782267,0.9964931084729888,-0.1660481847956632,1
-0.2945816050227047,-0.5313947401133133,0.2003484220808183,0.5012872988651077,0.5867350126983124,0.503805053695849,-0.0342302881927684,-0.3377241995545487,0.3665734304050193,1.413492892412391,-0.2149875101738789,0.0216533656018288,0.4208573790559796,0.4446445149128424,0.9968262956829548,0.9960591980421512,-0.6735486685553813,-0.3770924115782267,0.9964931084729888,-0.652371062151611,1
-0.4096150413915854,-0.1561409931268469,1.1647692175139257,1.7100416306409956,0.5867350126983124,1.71230426909272,0.9789645376596268,-0.0664187624015892,2.058472956022136,-0.1844472483974792,-0.384156012465161,0.8363396324328711,0.4208573790559796,1.6656800986560023,0.9968262956829548,0.9960202440919108,0.5941101686323812,-0.4036150772926349,0.9964931084729888,0.3202746925602845,1
-0.4247131799150009,-0.586180608982609,-0.2195688859054447,0.0600980525358915,-1.1060962218902877,0.0609918121961709,-0.2987226003071807,-0.6564636411748086,-0.1014622540406832,0.0335469708120875,-0.3071456376002958,-0.0874725410136752,0.4208573790559796,-0.4437992481197973,-1.0030969190222077,-1.0040002090282156,1.2832661980376734,-0.3413315139857663,-1.0026668657945366,-0.652371062151611,1
1.7497383047800903,0.0117511856661561,1.6173743464271728,0.2618030560362184,-1.5293040305374377,0.2624623496466388,1.651885477315565,0.0743478283206477,0.7625118299844442,2.6519698015465,1.9493531656108427,0.2012284573160024,0.4208573790559796,0.492851512300194,-1.0030969190222077,-1.0040002090163274,-0.9996844796542236,2.5389107796069807,-1.0026668657945366,-0.652371062151611,1
0.6415029834290618,1.4084962941511043,0.8337889916008834,0.7716005731785959,0.1635272040511625,0.7716672676566286,0.5906563762171352,-0.7101345889800638,0.4973927107382438,0.639298224190655,0.561459200562728,0.2252777116940708,0.4208573790559796,-0.1018446961500915,-1.0030969190222077,-1.0040002090372426,-0.5415413164439452,0.1283282743952133,-1.0026668657945366,-0.652371062151611,1
-0.8060010908793533,-0.5914824672602828,5.406030575505791,8.944705916783294,0.1635272040511625,8.935272025297937,11.077166923712207,-0.522999007470182,6.654351671522052,8.49192791616136,-0.6510049200653798,18.84992285165301,0.4208573790559796,4.834307024982754,-1.0030969190222077,-1.004000209031265,-0.628899122988278,5.510939377020375,-1.0026668657945366,-0.1660481847956632,1
-0.8125516060059146,-0.5649731758719139,2.1854031876426543,0.3420355494047917,0.5867350126983124,0.3442374766004212,2.5799920152770444,-0.7134099107580326,0.5986272431435822,3.161991246489393,-0.7202713396959662,-0.0918052862788414,0.4208573790559796,3.932698141918074,0.9968262956829548,0.996035412637085,2.55286631981531,3.91421529951702,0.9964931084729888,-0.652371062151611,1
-0.6602121871479595,-0.0907514077022036,1.6904395436853856,1.0304960112803117,0.5867350126983124,1.026022162964929,1.731542313853915,-0.1087719246345323,1.194498871997008,1.746568121762852,-0.6920022817657341,0.2994133972615853,0.4208573790559796,2.775079110653683,0.9968262956829548,0.9960127085110386,-0.6832550915047516,-0.3380534317064575,0.9964931084729888,-0.652371062151611,1
-0.2206087146910495,0.0771407710907993,3.6218030837020097,6.876258652172859,0.1635272040511625,6.869229166384237,5.910228114211512,-0.2724081476574668,5.826475952195489,2.769689611919924,-0.251737420021575,11.655627610982084,0.4208573790559796,1.9299330964900172,-1.0030969190222077,-1.0040002089317468,-0.3124697348388056,2.697748766413492,-1.0026668657945366,0.8065975699162331,1
1.1442150772272326,0.0264785697708055,-0.4235534070449309,-0.1287722765295418,-0.6828884132431379,-0.1575101086976099,-0.47772335603271,-0.1322307121875268,-0.2454579347115377,0.8826542456350939,1.1316483129195318,-0.2216636819322465,0.4208573790559796,-0.1692980312301781,0.9968262956829548,0.9960300100827744,-0.0212770463576962,-0.3413315139857663,0.9964931084729888,-0.652371062151611,1
0.964075911246798,-0.1255080341891761,-0.4101454216625623,-0.0087953833023283,0.5867350126983124,-0.0060875548868864,-0.5386551944283436,-0.1308473450337058,-0.1014622540406832,-0.8120419037008787,0.9033279874836492,-0.220647676526528,0.4208573790559796,-0.3383741128286039,0.9968262956829548,0.995955073565904,1.918066258926492,-0.3413315139857663,0.9964931084729888,-0.1660481847956632,1
-0.2601514584428522,0.0741952942698695,-1.0111496646814822,-0.737077293411364,0.5867350126983124,-0.782594117662916,-0.8048876799073384,0.7990656766997543,-0.6832127595134038,-0.5897962841166802,-0.2105481916221908,-0.3515179669776438,-2.376101857220821,-0.6807193211790824,0.9968262956829548,0.9960331322569383,-0.9996844796542236,-0.3890127107757135,0.9964931084729888,2.751889079340024,1
-0.7658192724810569,-0.5720423202421456,1.0871090648398445,-0.1064320080380263,-0.6828884132431379,-0.1053446704059166,0.8884857722572362,-0.6640851410953956,-0.1114067071256869,0.5419558156128792,-0.6971548780380468,-0.2053234790892222,0.4208573790559796,-0.0468923652547313,-1.0030969190222077,-1.0040002089291489,-1.061805586530194,0.9353325300650696,-1.0026668657945366,-0.652371062151611,1
-0.7555141938063447,-0.3281568394691517,0.1729518024778047,0.0675686445460234,0.1635272040511625,0.0684537202363057,-0.0445968371660605,-0.2209069953907537,-0.0283705238659054,-0.4719298737303375,-0.7430784377904714,-0.1740274661253953,0.4208573790559796,-0.5406820305514276,-1.0030969190222077,-1.0040002087475313,0.8154166118780245,0.1339904165140196,-1.0026668657945366,0.8065975699162331,1
1.095964941416952,0.0500423843382445,-0.04217270154544,-0.0104317391822278,0.1635272040511625,-0.0094559942396074,-0.2125058127872365,0.0372374106506267,-0.1213511602106907,-0.6091474858219006,1.141312579502263,-0.2037176196694627,0.4208573790559796,-0.6187091316710954,-1.0030969190222077,-1.0040002089979705,1.918066258926492,0.0782630177657689,-1.0026668657945366,-0.652371062151611,1
0.6807261898576176,-0.2515744421249749,1.941300689577334,3.05057522713707,0.5867350126983124,3.0563748284699184,2.1583165973099865,-0.1384261462155888,2.7784513593764086,2.899284023339734,0.8544259719113401,2.401984736552267,0.4208573790559796,3.360985550536582,0.9968262956829548,0.9960457101033212,-0.3474128574565389,-0.3592119627819966,0.9964931084729888,-0.652371062151611,1
-0.5689842813609722,-0.2327233904710237,2.5868669770842456,4.275755752067198,0.5867350126983124,4.281554066459581,3.326947300263776,-0.470568521116678,4.218408166084954,2.381785977738005,-0.5308997299325022,4.406467464130472,0.4208573790559796,4.86985675563307,0.9968262956829548,0.9960743716624288,-0.9996844796542236,-0.3413315139857663,0.9964931084729888,-0.652371062151611,1
-0.8551299543285628,-0.6739558182463193,-0.7904105863922207,-0.7525518144166645,0.1635272040511625,-0.7507134138158201,-0.7309591621035273,0.1948207840701191,-0.7424816999000262,-0.696814293547066,-0.7623127193363479,-0.3501452632966547,0.4208573790559796,-0.752912620345878,-1.0030969190222077,-1.004000208673904,0.6135230145311219,-0.3592119627819966,-1.0026668657945366,-0.1660481847956632,1
0.0082598930845359,-0.1402354182938255,-0.2247047354640052,0.0816593815385904,0.5867350126983124,0.0843094496127367,-0.4193322880234647,-0.2219974075451105,-0.1014622540406832,-0.8041255030032886,0.0778314931716234,-0.1914750508532549,0.4208573790559796,-0.1820855167608046,0.9968262956829548,0.995984074402178,0.6756441214070922,-0.3466956486246354,0.9964931084729888,-1.1829051101762815,1
-0.4454831059260489,-0.5967843255379566,1.0907163114709433,0.6526558826095243,0.5867350126983124,0.6533282908019403,0.8795383728783231,-0.5277484625484642,0.5465183089781623,1.2723170799720327,-0.3260638286630411,0.0619780238232731,0.4208573790559796,1.61576723507261,0.9968262956829548,0.9959973267555576,-0.628899122988278,-0.3413315139857663,0.9964931084729888,0.0992188392166722,1
-0.0947908936625862,0.2609385247168238,-0.876889530276096,-0.6634798178418816,0.5867350126983124,-0.6801616871021812,-0.7545474976057736,0.1633189546867134,-0.6139993660417774,-0.3048058590034336,-0.2042563541240838,-0.3401230088934215,0.4208573790559796,-0.6014421196409421,0.9968262956829548,0.9959856862622412,-0.7997321668971954,-0.3770924115782267,0.9964931084729888,0.0550076685479494,1
0.0323050766588644,-0.3316914116542676,1.1992416824456746,1.562696398819735,0.5867350126983124,1.564013246648332,1.0234359586336872,-0.2089525191095443,1.842479435015854,1.3967804909397004,0.1093770094651885,0.7320959008405069,0.4208573790559796,1.802188459977344,0.9968262956829548,0.9959944880694224,-0.7609064750997141,-0.3770924115782267,0.9964931084729888,0.5413305459038973,1
-0.6861745946617693,-0.4495104844914627,-0.7698939249947978,-0.6776430003520528,0.5867350126983124,-0.6756020308802145,-0.7251737519526061,-0.5272407792195952,-0.6827155368591535,-0.7589726990244408,-0.6379656831172426,-0.3464278914609599,0.4208573790559796,-0.5786928964006116,0.9968262956829548,0.996054396543722,-0.9297982344187576,-0.3890127107757135,0.9964931084729888,-0.6965822328203334,1
0.0849488506637897,-0.3034148341733407,1.3403785926873724,1.6183501195163057,0.5867350126983124,1.6230162693181645,1.2189654322611192,-0.4089643175158909,1.3384945526678629,1.5194847017523485,0.1105204363299178,0.7633987981915211,0.4208573790559796,2.0571568578283275,0.9968262956829548,0.996069625025271,-0.9996844796542236,-0.3413315139857663,0.9964931084729888,-0.652371062151611,1
-0.2457722788967421,-0.537874789119359,0.3990459950080736,0.315315857363649,0.5867350126983124,0.3172935848557018,0.1004309699363761,-0.5593075442757207,-0.1014622540406832,-0.813947703868817,-0.1156838991373097,-0.1034541010830684,0.4208573790559796,0.4950522099118802,0.9968262956829548,0.996007628260364,1.9277726818758625,-0.3413315139857663,0.9964931084729888,-0.652371062151611,1
-0.4990854919007148,-0.6609957202342279,0.7269121030352452,1.1503429685499118,0.1635272040511625,1.1499694050679736,0.5714383507828051,-0.7128023619328148,0.4279804282049176,0.0030541681250734,-0.2454883358354451,0.4578206549475623,0.4208573790559796,-0.1839867111472318,-1.0030969190222077,-1.0040002090362412,-0.0833981532336663,-0.3413315139857663,-1.0026668657945366,-0.652371062151611,1
-0.5601970049716827,0.5731590677353908,-0.5857983938234775,-0.5749076309359413,0.5867350126983124,-0.5731278333748842,-0.6359254397370614,-0.5070799424374268,-0.5133615008215393,-0.5603296815200944,-0.623530759815001,-0.3375135465593316,0.4208573790559796,-0.4550631737654103,0.9968262956829548,0.9959628278205528,-0.5493064548034412,-0.3502717383838814,0.9964931084729888,0.5413305459038973,1
-0.0792134491543003,0.1225011141331195,-0.4674628200711974,-0.218537901198357,-0.2596806045959874,-0.2173202493673967,-0.5470063946054968,0.0723690458321929,-0.3250135593915679,-0.5914088842587819,-0.1790888546445513,-0.2574345992570077,0.4208573790559796,-0.66071771448352,-1.0030969190222077,-1.00400020896651,-0.071750445694422,-0.3413315139857663,-1.0026668657945366,-0.652371062151611,1
0.2632506770355548,-0.4106301904551883,-0.1428366237004687,0.373571937005371,0.5867350126983124,0.3593595573819374,-0.2635063522684452,-0.2653399858203357,0.4941607634856176,2.231081164457955,0.3437606813594684,0.1793895645664719,0.4208573790559796,0.1617441858366101,0.9968262956829548,0.9960584826751924,-1.0210386101428384,-0.3770924115782267,0.9964931084729888,0.3202746925602845,1
-0.6323325556946683,0.0983482042014944,-0.7136954137810725,-0.5340903569616555,0.5867350126983124,-0.5305766311725325,-0.6953804941133317,-0.3486674304830151,-0.4393250476036863,-0.43381387037157,-0.7256027225456374,-0.3129679975829871,0.4208573790559796,-0.521930524274338,0.9968262956829548,0.9960017972770108,-0.2425834896033394,-0.3413315139857663,0.9964931084729888,0.8065975699162331,1
0.258297848525228,1.7301423629966466,-0.9287059828830484,-0.8058782867801866,0.1635272040511625,-0.8039778983896939,-0.7859612608452101,0.1906472359383541,-0.7766906185124391,-0.7891723016856181,-0.1952038635178077,-0.3519673457848006,0.4208573790559796,-0.7879935633392666,-1.0030969190222077,-1.004000208866581,0.9299524026805942,-0.314510840791421,-1.0026668657945366,-0.652371062151611,1
-0.8340404909942681,-0.5785223692481913,2.2879433447405573,0.6906433158108558,0.5867350126983124,0.6771629779755847,2.7479612966743283,-0.7121716332906961,0.5986272431435822,1.7150491189854096,-0.7253578626679507,0.0768859618579652,0.4208573790559796,4.071954119784183,0.9968262956829548,0.996005774297596,1.5006900721035688,-0.2650415991218509,0.9964931084729888,-0.652371062151611,1
-0.3983513507471325,-0.464826963960298,3.935322920273894,5.8308156649751774,0.1635272040511625,5.8250014236440935,6.942061951260619,-0.5153547872647847,5.179539556750568,2.6100421978518558,-0.3449821692128913,8.595594373116366,0.4208573790559796,1.9400120311139533,-1.0030969190222077,-1.0040002088458004,0.2893284880221537,4.981380085172025,-1.0026668657945366,-0.652371062151611,1
-0.6284182234848938,-0.6156353771919078,-0.9247942705534278,-0.6347305074186798,-1.9525118391845877,-0.6316781973454952,-0.781240268516542,-0.6851312859811028,-0.533449296053247,-0.6032834853051672,-0.4500754905624943,-0.3289367374254252,0.4208573790559796,-0.6406900640292396,0.9968262956829548,0.9960092370978372,1.935537820235358,-0.3413315139857663,0.9964931084729888,-0.652371062151611,1
-0.0351971828770412,-0.0536383997584871,-0.6610211538447753,-0.5154300442909717,0.1635272040511625,-0.5138672789188637,-0.6394740224389298,0.025679438583316,-0.5762104443187631,-0.1394410444315497,-0.0595247330875513,-0.2982758468078708,0.4208573790559796,-0.6650670221894561,-1.0030969190222077,-1.0040002087986493,-0.5570715931629376,-0.3610000076616195,-1.0026668657945366,-0.9176380861639462,1
-0.8429076517143692,-0.6863268208942248,0.4611251317203436,0.3478454281839302,0.5867350126983124,0.3497319111739063,0.1617519285241825,-0.7120721272564122,-0.1014622540406832,-0.7970887023832083,-0.7404108404050495,-0.0895469894216023,0.4208573790559796,0.5760482995254206,0.9968262956829548,0.9960751020341764,0.9454826793995864,-0.3413315139857663,0.9964931084729888,-0.652371062151611,1
0.2166781121723205,0.1160210651270737,-1.033840728193887,-0.8426339726232127,-3.2221352651260378,-0.8406908586665718,-0.822178553084049,-0.2303218704267472,-0.8015517512249486,-0.756920298843584,0.1709260078226008,-0.3518550654601545,0.4208573790559796,-0.7968484413034479,-1.0030969190222077,-1.004000208993207,1.6016368707770197,-0.3413315139857663,-1.0026668657945366,-0.652371062151611,1
-0.2991350118789729,-0.561438603686798,0.1440286116467602,0.6528566408766707,0.5867350126983124,0.6566630549847826,-0.131992434480192,-0.5529438144100564,0.7080162270786237,0.1436435805137583,-0.1935768458690022,0.0727883882941781,0.4208573790559796,0.2266712763210334,0.9968262956829548,0.9960466361769692,1.327915743604777,-0.3413315139857663,0.9964931084729888,-0.1660481847956632,1
0.7405595536355979,0.1054173485717262,-1.0335954529550162,-0.8441727254380068,-2.7989274564788875,-0.8422278228034058,-0.8224456050385326,0.0653260160552656,-0.8034411973110993,-0.7890257016726998,0.8000507849704426,-0.3523025501982292,0.4208573790559796,-0.7973432727190933,-1.0030969190222077,-1.0040002089159623,1.2619120675490587,-0.3413315139857663,-1.0026668657945366,-0.652371062151611,1
-0.5328765638340734,0.4900966213851681,-0.583519054678191,-0.4344122798634708,0.5867350126983124,-0.431950011158059,-0.6360863168078662,0.3012935855546332,-0.4609542330635695,-0.637587888328058,-0.7201170690037972,-0.3193664164518635,-2.376101857220821,-0.4562351429077284,0.9968262956829548,0.9960030371574417,-0.5473651702135673,-0.3890127107757135,0.9964931084729888,2.486622055327689,1
-0.8599230141772661,-0.6945741559928286,-0.89570040633239,-0.764997736981787,0.5867350126983124,-0.7629807777601347,-0.7757713400661169,-0.7196153280878427,-0.7239850171619192,-0.7850675013239048,-0.7631082149646204,-0.3508945374829381,0.4208573790559796,-0.64554722503018,0.9968262956829548,0.99596523318769,-0.5396000318540709,-0.3770924115782267,0.9964931084729888,0.0992188392166722,1
-0.3475449163508768,1.1669671948348543,-0.8618910596656997,-0.7548581337038429,0.5867350126983124,-0.7528937235458723,-0.7621699575326975,0.9527021996575166,-0.7398961420979252,-0.7620512992957258,-0.6968671901048304,-0.3505203142583427,0.4208573790559796,-0.6282151036032312,0.9968262956829548,0.9960577895836908,0.0641394755967623,-0.3961648902942056,0.9964931084729888,1.292920447272181,1
0.8273139368971288,0.1024718717507963,0.8189387857610648,2.4276245994909083,0.5867350126983124,2.432075769243174,0.5517513101405972,-0.1192060102461706,2.7784513593764086,-0.8023663028482685,0.7628930743008115,1.6015228826955046,0.4208573790559796,1.0846829072914794,0.9968262956829548,0.9960633671213448,1.918066258926492,-0.3413315139857663,0.9964931084729888,-0.652371062151611,1
0.1444626771185231,-0.3670371335054261,0.9838395455168534,1.2819362627793631,0.5867350126983124,1.2814429773644838,0.7434656999681845,-0.4665361625738273,1.3384945526678629,1.5899993079660686,0.2318319873986516,0.4709505844758288,0.4208573790559796,1.459153092020833,0.9968262956829548,0.9960027228387656,-1.0559817327605716,-0.3770924115782267,0.9964931084729888,-0.1660481847956632,1
-0.8505765474722946,-0.6721885321537614,1.1466410280684995,0.6137618641221497,0.1635272040511625,0.6140120335660246,1.0837009879430606,-0.7179580468903184,0.5986272431435822,0.0067191684480318,-0.7586607493657198,0.0882259730913984,0.4208573790559796,-0.1380455207683619,-1.0030969190222077,-1.004000208936446,1.0076037862755567,1.2685048926348257,-1.0026668657945366,-0.9176380861639462,1
0.075362730966383,-0.4730742990589017,1.3248862542323945,0.4950476654456031,0.5867350126983124,0.4928795605245779,1.1939791439645506,0.1271405501711817,0.6185161493135898,0.1398319801778816,0.2234416499231531,-0.0219419287054376,0.4208573790559796,1.9616023070913249,0.9968262956829548,0.9960255083205072,-0.0271009001273186,-0.3413315139857663,0.9964931084729888,-0.652371062151611,1
-0.1062143529686625,0.6444396068018938,0.2451075735439982,0.228390262669323,-0.2596806045959874,0.2290883959988358,0.0582945843477075,-0.7162538784968412,-0.0579055495283667,0.4123614041930696,0.0121655452040563,-0.0792183283894848,0.4208573790559796,-0.2748794290736807,-1.0030969190222077,-1.0040002090373614,-0.4270055256413754,-0.3413315139857663,-1.0026668657945366,-0.652371062151611,1
-0.3524178605303919,-0.5567258407733102,0.5465459256164324,0.7509698464995591,0.5867350126983124,0.7534553099781672,0.2497674581050653,-0.3976316816395848,0.6185161493135898,-0.809109903442512,-0.2260861055273091,0.1154853061656474,0.4208573790559796,0.6900678751936135,0.9968262956829548,0.9960356874186186,1.5647524635694123,-0.3413315139857663,0.9964931084729888,0.3202746925602845,1
0.1167428143268553,-0.3623243705919383,0.9959903358162312,0.5794291275615148,0.1635272040511625,0.5797192060853946,0.8456380325788365,-0.4332391673482442,0.4069976321955595,0.9102150480637412,0.2647009877746955,0.0699492815025804,0.4208573790559796,0.0782999829035609,-1.0030969190222077,-1.0040002090320252,-0.5493064548034412,-0.2340488212083852,-1.0026668657945366,-0.652371062151611,1
-0.0605205157443572,0.3864158372884365,0.7000684454423473,0.990851688524344,0.5867350126983124,0.9926251706877144,0.4056464234552064,-0.7127431055550335,0.5668049932715701,0.232336588329352,-0.0428741119177432,0.2641769749385889,0.4208573790559796,0.953500494628006,0.9968262956829548,0.9959719382732108,-0.5415413164439452,-0.2578894196033587,0.9964931084729888,-0.652371062151611,1
2.3376869795543693,0.108951920756842,-1.051279135862516,-0.8635760622610429,-3.645343073773188,-0.8616086047881382,-0.8281499011346156,0.2732446987331163,-0.8214406573949561,-0.8155603040109187,2.3866559403730943,-0.3526393757596571,0.4208573790559796,-0.802057193047084,-1.0030969190222077,-1.004000208978045,2.24226078543546,-0.3413315139857663,-1.0026668657945366,-0.652371062151611,1
-0.6523835227284106,-0.5743987016988895,1.1542075934031464,0.4098193503539409,0.5867350126983124,0.4129725967896215,0.9661789828952716,-0.5701774677659046,0.5986272431435822,1.307207883046597,-0.5763765474721876,-0.0594897539031218,0.4208573790559796,1.7274428724561666,0.9968262956829548,0.995986644124172,-0.9996844796542236,-0.3413315139857663,0.9964931084729888,-0.652371062151611,1
-0.6204297904037216,-0.6156353771919078,1.104401797922558,1.204460757612746,0.5867350126983124,1.206184046991079,0.9060130631168768,-0.6844746080402393,1.3384945526678629,-0.8155603040109187,-0.4413568046612697,0.4139635729256731,0.4208573790559796,1.5457876553968597,0.9968262956829548,0.9959907535964608,2.24226078543546,-0.3592119627819966,0.9964931084729888,-0.652371062151611,1
0.9326813692377908,0.2709531459079853,1.4509380163661203,-0.1431604197463131,-1.5293040305374377,-0.1420303882520711,1.38271701168952,0.0771450172726975,0.379103441292124,0.9669492530631376,0.8662662475353091,-0.1636899744364069,0.4208573790559796,0.2500715935293184,-1.0030969190222077,-1.0040002089610056,-1.0288037485023347,2.679272302657388,-1.0026668657945366,-0.652371062151611,1
-0.6475904628797073,-0.6020861838156304,-0.8583275259074502,-0.7431992631930707,-0.6828884132431379,-0.7413717341903695,-0.7569413386733518,-0.4276150304619751,-0.7283605765193208,-0.710741294774308,-0.5685504490738129,-0.3487358791049719,0.4208573790559796,-0.7565978122045004,-1.0030969190222077,-1.0040002089474878,0.91830469514135,-0.3413315139857663,-1.0026668657945366,0.8065975699162331,1
-0.2840368733555573,-0.3110730739077584,0.1064560859113259,0.0324664543147236,0.1635272040511625,0.0333923335138035,-0.1299996138371668,-0.4296528999114137,-0.2336240355403832,-0.1598184462271986,-0.2259985060838876,-0.1748881435632433,0.4208573790559796,-0.4243315384779576,-1.0030969190222077,-1.004000208809222,-0.1125174220817772,-0.2733858085600916,-1.0026668657945366,-0.4313152088079983,1
0.69846051129782,2.4370568000198176,1.2257648534467347,1.220448169740005,0.5867350126983124,1.225162867420049,1.0620534725884094,-0.7064921168623243,0.5668049932715701,1.2309758763290617,0.7906532781262535,0.4282619145650632,0.4208573790559796,1.8304459381865688,0.9968262956829548,0.9959719447517796,-0.1979339440362361,-0.3413315139857663,0.9964931084729888,-0.652371062151611,1
-0.4327016129961732,-0.5920715626244688,1.117429710722335,0.7848357410842283,0.5867350126983124,0.7889222783376576,0.9201604947942944,-0.6763052975883908,0.5465183089781623,1.5194847017523485,-0.2824409501972702,0.1412162463387408,0.4208573790559796,1.6714227474533607,0.9968262956829548,0.9960080777012263,-0.3474128574565389,-0.3413315139857663,0.9964931084729888,-0.652371062151611,1
-0.445722758918484,-0.2085704805393987,-1.0062024183709295,-0.8204248676771015,-1.1060962218902877,-0.8185075700414107,-0.813634430769235,-0.4526612595517155,-0.7872317387825432,-0.7818423010397013,-0.4425507581674264,-0.3520480067045147,0.4208573790559796,-0.7921605647341755,-1.0030969190222077,-1.004000208978302,0.6717615522273438,-0.3592119627819966,-1.0026668657945366,-0.1660481847956632,1
1.7149087365461797,0.1425303565154426,-0.3320823838413362,0.0244926222123356,0.5867350126983124,0.0272343044919255,-0.4920419922932446,0.2512772977817504,-0.1014622540406832,-0.6427188887801998,1.7122286476497812,-0.2107604511964734,0.4208573790559796,-0.2661808136618084,0.9968262956829548,0.9960344001089164,1.275501059678177,-0.3413315139857663,0.9964931084729888,-0.652371062151611,1
0.4652781496584014,0.808208118045595,0.1915741809314917,0.0691531075886765,0.1635272040511625,0.0700363414664882,0.0505863915204089,0.1601169794094493,-0.1629189741060064,1.1120832658522908,0.2601408088987645,-0.1256926201994878,0.4208573790559796,-0.2228179553960384,-1.0030969190222077,-1.004000208902879,-1.00744961801372,-0.3413315139857663,-1.0026668657945366,-0.652371062151611,1
-0.6691592321988724,-0.6215263308337675,2.0883598851085288,2.608251266415724,0.5867350126983124,2.614429176127713,2.403461176389992,-0.6971204615436322,2.706453519040981,2.793145613986858,-0.5402434214189578,1.8222440907539568,0.4208573790559796,3.639549593786238,0.9968262956829548,0.9960642787192696,-0.0271009001273186,-0.3413315139857663,0.9964931084729888,-0.652371062151611,1
0.3635055122042668,0.0688934359921956,-0.7244370523571665,-0.5463376811660797,-1.1060962218902877,-0.5447389881203747,-0.6880652155652125,-0.0898067253940813,-0.5568187608030057,-0.6087076857831456,0.3278876921089074,-0.3223131960391692,0.4208573790559796,-0.7113207376729441,-1.0030969190222077,-1.004000208933815,0.994014794146438,-0.3413315139857663,-1.0026668657945366,0.3202746925602845,1
-0.7410551299294228,-0.680435867252365,-1.051279135862516,-0.8635760622610429,-3.645343073773188,-0.8616086047881382,-0.8281499011346156,-0.6485731350308008,-0.8214406573949561,-0.8155603040109187,-0.6505625129786801,-0.3526393757596571,0.4208573790559796,-0.802057193047084,-1.0030969190222077,-1.0040002090363802,2.24226078543546,-0.3413315139857663,-1.0026668657945366,-0.652371062151611,1
-0.6636472133728636,-0.1431808951147554,1.0812617554004045,2.074711626392636,0.5867350126983124,2.0779870223699346,0.8740987292002788,-0.46175949371547,2.058472956022136,-0.7226158958206933,-0.6931099812124126,1.20078314439911,-2.376101857220821,1.5091180431216622,0.9968262956829548,0.9959968813660884,-0.3493541420464129,-0.3449076037450124,0.9964931084729888,0.3202746925602845,1
-0.6122815886609259,0.1490104055214884,-0.8168632994516897,-0.7368672472213578,-0.2596806045959874,-0.7350470786844198,-0.7412188029520352,0.4610477762802957,-0.7271672421491204,-0.7239352959369583,-0.719323815682097,-0.348989536737579,0.4208573790559796,-0.7546835959387141,-1.0030969190222077,-1.004000208876258,0.7047633902552032,-0.3413315139857663,-1.0026668657945366,0.3202746925602845,1
-0.3048067993666052,-0.2050359083542828,1.4064856349090713,0.921124566763068,0.5867350126983124,0.9208227358625536,1.3089812612276404,-0.4928798675734075,1.1225010316615809,0.0467409719747378,-0.1313346758065633,0.2348812177731657,0.4208573790559796,2.121615160655824,0.9968262956829548,0.9959799123426548,1.269677205908555,-0.3413315139857663,0.9964931084729888,-0.652371062151611,1
-0.4156862505332763,-0.0713112606840663,-0.0294795171720694,-0.0302830855005378,0.1635272040511625,-0.0292842649441502,-0.2038825464149271,-0.235072159421908,-0.3011468719875588,-0.102497841176129,-0.4414313987265724,-0.1855169996165031,0.4208573790559796,-0.4310117625891708,-1.0030969190222077,-1.0040002087759792,-0.2736440430413243,-0.3413315139857663,-1.0026668657945366,0.8065975699162331,1
1.7376757708275208,0.5601989697232993,0.502540878689048,0.9024705748107696,0.5867350126983124,0.9061985260778644,0.2051524037733319,0.42423772230285,0.6185161493135898,-0.7218828957561017,1.6787995938355484,0.2090825315549924,0.4208573790559796,0.635675485110694,0.9968262956829548,0.9960673283662014,0.9493652485793348,-0.3592119627819966,0.9964931084729888,0.3202746925602845,1
-0.3314082815269089,-0.5166673560086639,-0.9947109679089732,-0.8452728470679981,0.1635272040511625,-0.8433266656293591,-0.8102230612370928,-0.2264724908032136,-0.8095073136929516,-0.8050051030807984,-0.2567663157146532,-0.3525727496223411,0.4208573790559796,-0.7948691156408663,-1.0030969190222077,-1.0040002090164442,1.269677205908555,-0.3341793344672742,-1.0026668657945366,0.8065975699162331,1
0.3787634193893058,-0.3882445666161211,0.5634895202513225,0.231974158515662,0.1635272040511625,0.2326681258508382,0.3313551485677034,-0.2298274819274419,-0.1730623162527103,0.6766812274848308,0.4875079298107949,-0.1139281795041195,0.4208573790559796,-0.1762907804460095,-1.0030969190222077,-1.0040002090144178,-0.9996844796542236,-0.3174909155907928,-1.0026668657945366,-0.652371062151611,1
0.5533905665437316,0.3516592108014639,0.5741778758194188,0.8256146861142474,0.1635272040511625,0.8256185934750693,0.5143798690562087,0.1986441972776664,0.5599433206429174,1.3180562840025538,0.4831204832844775,0.404511736805577,0.4208573790559796,0.0562930067866986,-1.0030969190222077,-1.0040002089341165,-1.0404514560415792,-0.3574239179023735,-1.0026668657945366,-0.1660481847956632,1
0.2279418028167733,-0.3799972315175176,-1.051279135862516,-0.8635760622610429,-3.645343073773188,-0.8616086047881382,-0.8281499011346156,-0.4125606468182176,-0.8214406573949561,-0.8155603040109187,0.3397910512911087,-0.3526393757596571,0.4208573790559796,-0.802057193047084,-1.0030969190222077,-1.004000208982275,2.24226078543546,-0.3413315139857663,-1.0026668657945366,-0.652371062151611,1
-0.5040383204110416,-0.5284492632923834,-0.7048019449020632,-0.3935602153332562,0.5867350126983124,-0.3911405366399452,-0.6945591379054877,-0.6078122392021019,-0.2774790736452499,-0.7957693022669433,-0.4365699285908869,-0.3126956512471688,0.4208573790559796,-0.5414242776748958,0.9968262956829548,0.9960092809173896,1.935537820235358,-0.3592119627819966,0.9964931084729888,-0.1660481847956632,1
-0.8584052118918435,-0.6945741559928286,1.3037136493690258,-0.4524702241783801,-1.1060962218902877,-0.4509806445977272,1.1696157129262004,-0.7215951398052872,-0.1014622540406832,0.9692948532698308,-0.7586112691340261,-0.3009280045836649,0.4208573790559796,0.1248141359742307,-1.0030969190222077,0.9960501602663078,-0.9996844796542236,2.026039906635112,-1.0026668657945366,-0.652371062151611,1
-0.7699732576832665,-0.5290383586565693,-0.9922337734283732,-0.6880819018526148,-1.5293040305374377,-0.7494693875524823,-0.7853982188677423,-0.7084641731527974,-0.6084304723141755,-0.1892850488237843,-0.6934434869432546,-0.3415523008356545,0.4208573790559796,-0.6424349958633576,0.9968262956829548,0.9959664308549596,-0.1824036673172436,-0.3502717383838814,0.9964931084729888,-1.1829051101762815,1
-0.8152676732535132,-0.5366965983909872,-0.9946865490995708,-0.7913342726817354,0.5867350126983124,-0.7892667357275651,-0.8103946794570118,-0.2143544886889476,-0.7549122662562809,-0.7759783005229678,-0.7558669101202816,-0.3516628252073372,-2.376101857220821,-0.6907722120443001,0.9968262956829548,0.995986202953034,-0.8055560206668175,-0.4009330099732003,0.9964931084729888,0.9834422525911226,1
0.1649929501371359,3.823198191949418,2.070997221062422,0.7647575453250012,0.1635272040511625,0.7648321942795319,2.3846028203176792,-0.0462596171539735,0.5707827745055717,1.851973531051136,-0.244029042718242,0.1809363643418624,0.4208573790559796,0.690445509695027,-1.0030969190222077,-1.00400020897243,-0.2056990823957321,1.4717459939519753,-1.0026668657945366,-0.8734269154952237,1
-0.6204297904037216,0.1413521657870707,-0.9619843103213304,-0.7747913128716911,0.5867350126983124,-0.7731350336435938,-0.7987163624522465,0.2432398379275826,-0.7292555772969711,-0.7646900995282558,-0.7198065842870967,-0.3512045737783131,-2.376101857220821,-0.6759923789717328,0.9968262956829548,0.9959828865541606,-0.7900257439478251,-0.3890127107757135,0.9964931084729888,1.7792433246281287,1
0.1988639064013062,-0.322265885827292,0.7920717124011687,0.6559031474629905,0.5867350126983124,0.6569784402768334,0.5129075413990655,0.2601573389109212,0.6185161493135898,0.0441021717422077,0.2730456569396732,0.0609941118483195,0.4208573790559796,1.065801182220799,0.9968262956829548,0.9960174774199054,-1.2112844999504966,-0.3890127107757135,0.9964931084729888,0.5413305459038973,1
-0.7547952348290392,-0.3334586977468255,-0.2183574930133361,0.1283513212100685,0.5867350126983124,0.1322104123328946,-0.4089934175741405,0.0765769623119481,0.3470325800929868,-0.1347498440181631,-0.7432272522033146,-0.1329923247921949,0.4208573790559796,-0.1243204599238809,0.9968262956829548,0.9960359403998602,0.0272550683891552,-0.3770924115782267,0.9964931084729888,0.3202746925602845,1
-0.0313627349980783,-0.3617352752277523,-1.0502227993525792,-0.8626788326232505,-2.375719647831738,-0.8607124181085538,-0.8278297705307937,-0.3373992603315602,-0.8206451011481558,-0.8138011038558987,0.0283650890350854,-0.3526388370775377,0.4208573790559796,-0.8017967554599021,-1.0030969190222077,-1.0040002090235216,1.2599707829591849,-0.3413315139857663,-1.0026668657945366,-0.1660481847956632,1
-0.820540039087087,-0.5437657427612187,-0.8023279157708787,-0.7146374959422412,0.1635272040511625,-0.7128431677259762,-0.7362966468193612,-0.551959937331463,-0.704991111769562,-0.7151392951618581,-0.7589963479160292,-0.3479072256531609,0.4208573790559796,-0.7518318043590735,-1.0030969190222077,-1.004000208849233,-0.5260110397249524,-0.3699402320597346,-1.0026668657945366,-0.9176380861639462,1
0.9138286671662244,1.5905267616845704,0.1226591092492732,0.5364604388771135,-0.6828884132431379,0.5368004650895917,-0.0134876540512716,-0.7089036697319221,0.1503312980716123,0.6170150222270677,0.8354195834567536,0.1504500114309719,0.4208573790559796,-0.2930579726589704,-1.0030969190222077,-1.004000209037393,-0.5415413164439452,-0.3413315139857663,-1.0026668657945366,-0.652371062151611,1
0.2657270912907182,-0.0854495494245298,1.7802526202090805,2.566950944760976,0.1635272040511625,2.5649306869947224,2.1408812425612123,-0.3198683542319974,2.058472956022136,0.8958482467977442,0.3075455616292477,2.038216433802231,0.4208573790559796,0.2054977004831528,-1.0030969190222077,-1.004000208981832,0.6212881528906182,1.384727809810322,-1.0026668657945366,-0.652371062151611,1
-0.6828993370984887,-0.6639411970551578,1.4194860725346634,0.888418826373801,0.5867350126983124,0.8879270425710978,1.330526013925843,-0.6913652733031749,1.0584587537941568,0.2040427858361131,-0.5870146477992354,0.2079507301791161,0.4208573790559796,2.138374319390973,0.9968262956829548,0.99598631274736,0.6678789830475959,-0.3413315139857663,0.9964931084729888,-0.652371062151611,1
-0.3738268611879336,0.9961295392209214,0.0989785786168269,1.2245710115332784,0.5867350126983124,1.2283785408358767,-0.1730107986405164,0.3545964973126119,1.531416942516936,-0.7692346999287243,-0.6850590542083963,0.4355643081655291,0.4208573790559796,0.1411696164492478,0.9968262956829548,0.996073355085404,-0.5726018698819301,-0.3502717383838814,0.9964931084729888,-0.6965822328203334,1
-0.6803430385125135,-0.3741062778756578,-1.051279135862516,-0.8635760622610429,-3.645343073773188,-0.8616086047881382,-0.8281499011346156,-0.7036099557304742,-0.8214406573949561,-0.8155603040109187,-0.5623015891183403,-0.3526393757596571,0.4208573790559796,-0.802057193047084,-1.0030969190222077,-1.004000209038309,-0.9996844796542236,-0.3413315139857663,-1.0026668657945366,-0.652371062151611,1
0.0913395971287275,-0.0719003560482524,-0.979669408771628,-0.779500351484543,-1.5293040305374377,-0.7772383152086363,-0.804318052327988,-0.2784637807876692,-0.7408905874064255,-0.7223226957948565,0.0990139654110001,-0.3500636520717301,0.4208573790559796,-0.6784535141706008,0.9968262956829548,0.996044307749047,1.3085028977060364,-0.3484836935042584,0.9964931084729888,0.3202746925602845,1
-0.1675655190320656,-0.464826963960298,-0.8582926285591241,-0.7642041382660673,0.1635272040511625,-0.7623521927640194,-0.7564413567532448,-0.3362612372291801,-0.7398961420979252,-0.7915179018923115,-0.0681925933731387,-0.3506189609870297,0.4208573790559796,-0.7807013108981762,-1.0030969190222077,-1.0040002090033298,2.2888516155924377,-0.2924582872760705,-1.0026668657945366,-0.1660481847956632,1
-0.7466470330862435,-0.6922177745360846,-1.051279135862516,-0.8635760622610429,-3.645343073773188,-0.8616086047881382,-0.8281499011346156,-0.7181811407227269,-0.8214406573949561,-0.8155603040109187,-0.7559972628756803,-0.3526393757596571,0.4208573790559796,-0.7161127892770893,0.9968262956829548,0.9960508944471442,-0.9996844796542236,-0.3413315139857663,0.9964931084729888,-0.652371062151611,1
-0.8425881143911222,-0.6456792407653925,1.790576016384677,1.1202989142653137,-0.6828884132431379,1.1199602746107846,1.9281359143379304,-0.7117386158068147,1.4104923930032902,1.37654968915697,-0.7474417421493612,0.6590248326963336,0.4208573790559796,0.5365529394293005,-1.0030969190222077,-1.0040002090015858,-1.2481689071581037,2.8202298406676696,-1.0026668657945366,-1.1829051101762815,1
-0.8366766739110549,-0.6126899003709779,-0.9026241309852304,-0.7634196446353859,0.5867350126983124,-0.7679549937391825,-0.7754103077965379,-0.6623928841072706,-0.7203552917858929,-0.6952016934049643,-0.7595170115020995,-0.3510190367379432,0.4208573790559796,-0.6426563678124622,0.9968262956829548,0.995973943853072,-0.7123743603528626,-0.3413315139857663,0.9964931084729888,0.3202746925602845,1
-0.7642215858648224,-0.633308238117487,1.3022640706740929,0.5062803058950258,0.5867350126983124,0.5098234310683822,1.166724548183932,-0.6936835617868737,0.6185161493135898,1.5194847017523485,-0.6664011201951336,-0.0142911481354795,0.4208573790559796,2.0004335513401315,0.9968262956829548,0.9959749348500672,-0.9996844796542236,-0.275769868399589,0.9964931084729888,-0.652371062151611,1
0.2569398149014287,-0.1673338050463804,-1.0368637699742462,-0.8487335353728901,-2.375719647831738,-0.8467833311588983,-0.8236340691713746,-0.1967029007721307,-0.808015645730201,-0.8023663028482685,0.2259571441794259,-0.3525078437906359,0.4208573790559796,-0.7985412856201296,-1.0030969190222077,-1.0040002089755924,0.920245979731224,-0.3413315139857663,-1.0026668657945366,-0.652371062151611,1
-0.8275698601985184,-0.6715994367895755,0.8420345705590383,1.8275724861102272,0.5867350126983124,1.834448920529484,0.6323241929416006,-0.7095343259549434,1.2778333888493398,3.448447671731823,-0.7305860994152994,0.9936508888329816,0.4208573790559796,1.3960099990086057,0.9968262956829548,0.9959850694687964,-0.2852917505805689,-0.3890127107757135,0.9964931084729888,-0.9176380861639462,1
2.192297497477034,0.4724237604595889,-0.17932886308698,0.1143571985792166,0.5867350126983124,0.116986640434562,-0.3877492946955053,0.2977850703330483,-0.1014622540406832,-0.7948897021894332,2.1367006452315604,-0.1801786856194603,0.4208573790559796,-0.1405978091227435,0.9968262956829548,0.9960603500420864,1.61134329372639,-0.3592119627819966,0.9964931084729888,-0.652371062151611,1
-0.016504249467098,-0.4919253507128529,0.7843431637988041,0.2422416176196056,0.1635272040511625,0.2429236498488775,0.5214951330874937,-0.5086404212469683,-0.1014622540406832,0.4581006082235905,0.1004155565057448,-0.1092202122439935,0.4208573790559796,-0.1986753910642853,-1.0030969190222077,-1.004000209024569,0.29709362638165,0.0901833169632557,-1.0026668657945366,-0.652371062151611,1
-0.8488989765252485,-0.6651193877835297,-0.1243390972441721,0.1072759147860845,0.5867350126983124,0.1097276153769507,-0.3491984315642552,-0.7048301279845682,-0.1014622540406832,-0.7325846966991402,-0.7589807265135761,-0.1826565175183887,0.4208573790559796,-0.0862965721953378,0.9968262956829548,0.996058219621022,0.3786275791563604,-0.3770924115782267,0.9964931084729888,0.8065975699162331,1
-0.6917664978185899,-0.080147691146856,-0.507251881192541,-0.6597612706173892,-0.2596806045959874,-0.6580307316555294,-0.5836968924815175,-0.4918254104036283,-0.660340517417895,-0.665441890782542,-0.7420079606328919,-0.3433138690596015,-2.376101857220821,-0.7147064263063075,-1.0030969190222077,-1.0040002089372932,-1.0540404481706975,-0.1559708614648467,-1.0026668657945366,1.5139763006157936,1
0.1082750752608128,-0.0135799149938408,0.0375864618081607,0.1050175915432645,0.5867350126983124,0.104164067810738,-0.1887362448444874,-0.2073665307826855,-0.1499414628300765,0.9198906489163512,0.0682683546152996,-0.170938416245613,0.4208573790559796,0.2132847843398887,0.9968262956829548,0.9960698105635192,-0.628899122988278,-0.3770924115782267,0.9964931084729888,-0.1660481847956632,1
-0.461859393742452,0.3557828783507658,-0.7181966991753237,-0.7577882059221202,-0.2596806045959874,-0.7559437184319548,-0.7009561001276293,-0.0675271437090661,-0.7142891754040405,-0.7152858951747765,-0.6064573143692239,-0.3497988626891294,0.4208573790559796,-0.7447479019877284,-1.0030969190222077,-1.0040002088741478,-0.0115706234083259,-0.2602734794428561,-1.0026668657945366,1.292920447272181,1
0.1588418566646332,-0.4436195308496029,1.3847551099466011,1.4180249354923318,0.1635272040511625,1.4173402129795398,1.454635797283505,-0.3475629018715173,1.1217054754147806,1.3048622828399037,0.3499465325002617,0.7349083916972238,0.4208573790559796,0.3272001849732089,-1.0030969190222077,-1.004000209030685,-0.6735486685553813,-0.3890127107757135,-1.0026668657945366,-0.1660481847956632,1
1.5875731132322934,0.4518054227130798,-1.018653298395178,-0.834746825513174,0.5867350126983124,-0.8331684940763986,-0.8176632246923718,0.4627841575660836,-0.7930989661026954,-0.7957693022669433,1.6262533816220617,-0.3524759176345726,0.4208573790559796,-0.7013850437219585,0.9968262956829548,0.9960257803838826,0.9726606636578234,-0.3645760974208656,0.9964931084729888,-0.1660481847956632,1
0.2279418028167733,-0.4035610460849566,-0.990230550727466,-0.686617872225358,-2.7989274564788875,-0.7488850046418065,-0.7843484917763272,-0.4610285396760337,-0.6054471363886743,-0.178729847893664,0.397488738623622,-0.3412511033066907,0.4208573790559796,-0.6406900640292396,0.9968262956829548,0.9959730307107754,1.609402009136516,-0.3413315139857663,0.9964931084729888,-0.652371062151611,1
-0.7627836679102115,-0.5072418301816883,-0.4723287632041952,-0.2559297653741259,0.5867350126983124,-0.2535177993924347,-0.575256836428946,-0.5060004620555415,-0.1173733789766892,-0.8114555036492054,-0.6958368502348937,-0.2860219946610013,-2.376101857220821,-0.3859039724892827,0.9968262956829548,0.9960055319694148,-0.8055560206668175,-0.3890127107757135,0.9964931084729888,1.0276534232598458,1
0.8720491621516936,0.2509239035256621,0.9262239317461,-0.0504228793265472,0.1635272040511625,-0.0494006478590698,0.7466923214644346,0.1202801139561931,-0.1681895342410585,1.1104706657101888,0.8920870056628829,-0.2173518136474468,0.4208573790559796,0.060251658111862,-1.0030969190222077,-1.0040002089338784,-0.9996844796542236,-0.0254435852523662,-1.0026668657945366,-0.652371062151611,1
2.3259439829250463,0.277433194914031,-1.0832507988277713,-0.8545838132396129,0.1635272040511625,-0.8526268085421517,-0.8374495648486053,0.7337178192129213,-0.8226339917651566,-0.8190787043209588,2.3823665573875354,-0.3526230030845459,0.4208573790559796,-0.8050782690583929,-1.0030969190222077,-1.0040002089664095,1.5938717324175231,-0.3890127107757135,-1.0026668657945366,0.3202746925602845,1
-0.0709853630806929,-0.4159320487328621,0.5040979094354943,0.8802261171201788,0.5867350126983124,0.8816696854804975,0.2102440980642452,-0.4069330109922871,0.6185161493135898,-0.0973668407239872,-0.0371155696660634,0.1936660744805132,0.4208573790559796,0.6692068244603511,0.9968262956829548,0.995981253133364,-0.5823082928313004,-0.3532518131832531,0.9964931084729888,0.8065975699162331,1
-0.4943723163828232,-0.443030435485417,0.7877077423792912,0.831575756181921,0.5867350126983124,0.834460518366198,0.5151193531617264,-0.7196183723233534,0.5668049932715701,0.4287806056399232,-0.4564186768811051,0.1640358960675839,0.4208573790559796,1.0934596539795065,0.9968262956829548,0.9960019052463402,-0.3124697348388056,-0.2578894196033587,0.9964931084729888,-0.652371062151611,1
-0.8274899758677068,-0.5284492632923834,-0.9981159191475854,-0.7771043164961574,0.5867350126983124,-0.7765658726689171,-0.8103094869558973,11.203335976400057,-0.7435755897393767,-0.7645434995153376,-0.6970576366763646,-0.3513192876426476,-2.376101857220821,-0.6909545183553273,0.9968262956829548,0.9959571417044728,-0.8754422659022837,-0.3890127107757135,0.9964931084729888,2.972944932683637,1
-0.0465407578523058,1.0862611299413754,0.9212878211590332,0.2937284724336216,0.5867350126983124,0.2966323696178467,0.6804273727937793,-0.0414645446279119,0.0425334266301713,-0.1655358467310138,-0.3526783633171819,-0.1039439407863071,0.4208573790559796,1.2742814707598311,0.9968262956829548,0.9960576595203676,0.9493652485793348,-0.3413315139857663,0.9964931084729888,-0.652371062151611,1
-0.7197260136026928,-0.200912240804981,-0.9759905208941764,-0.8131316373158584,0.5867350126983124,-0.8118933052054561,-0.8035103005112173,-0.4502954641401517,-0.7766906185124391,-0.7806695009363547,-0.7403301173684494,-0.35219430978729,-2.376101857220821,-0.6824121654957641,0.9968262956829548,0.9960348865423806,-1.160811100613771,-0.3466956486246354,0.9964931084729888,-0.9176380861639462,1
0.1341575984438108,-0.4029719507207706,0.5313402473954512,0.7155478659943817,0.5867350126983124,0.7179507179165082,0.2338093062792356,-0.0698550792943399,0.6185161493135898,-0.8061779031841452,0.2416164416136539,0.0951065307525609,0.4208573790559796,0.6692328682190694,0.9968262956829548,0.995987609532474,1.4987487875136942,-0.3592119627819966,0.9964931084729888,-0.652371062151611,1
-0.7505613652960178,-0.3146076460928743,-0.6436949883360032,-0.6589199581736754,0.5867350126983124,-0.6569856221809982,-0.6669448128698291,-0.3956242409392403,-0.6762516423539011,-0.7405010973967303,-0.744026036547893,-0.3451177329119917,0.4208573790559796,-0.5023977052357027,0.9968262956829548,0.9960236189670972,0.0272550683891552,-0.3520597832635044,0.9964931084729888,-0.4313152088079983,1
-0.5343943661194962,-0.4854453017068071,1.3304634151713115,0.7637514710322764,0.5867350126983124,0.7632206519501831,1.2088502031551212,-0.5928226798674532,1.3384945526678629,-0.3045126589775969,-0.4643243771627937,0.1232808285902725,0.4208573790559796,1.9532031949047115,0.9968262956829548,0.9959909269821112,0.2602092191740427,0.6772580524394805,0.9964931084729888,0.3202746925602845,1
-0.8040039826090603,-0.488390778527737,-0.7748627831299187,-0.6888966050235447,0.1635272040511625,-0.6871321985489757,-0.7252827086025213,-0.6294382293165115,-0.6774946989895265,-0.7432864976421787,-0.7572617742953095,-0.3458615740695288,0.4208573790559796,-0.7546445303006368,-1.0030969190222077,-1.0040002088932647,-0.6444293997072704,-0.314510840791421,-1.0026668657945366,-0.1660481847956632,1
-0.3625631705434807,-0.369982610326356,-0.2218982645522741,0.0733180474523201,0.5867350126983124,0.0759481078709715,-0.4176395135199153,0.1089948590424128,-0.1014622540406832,-0.7888791016597814,-0.3318850060116384,-0.1942994932856395,-2.376101857220821,-0.1790904845082139,0.9968262956829548,0.995982815032139,0.0194899300296589,-0.3890127107757135,0.9964931084729888,2.751889079340024,1
-0.2338695136057955,0.664468849184217,-0.899484422099162,-0.735331043817263,0.5867350126983124,-0.7794763410838613,-0.7663811296693304,-0.0332793168973683,-0.6797322009336524,-0.5414182798536291,-0.4671175437162602,-0.3514211124291819,0.4208573790559796,-0.6286318037427221,0.9968262956829548,0.9960280646148026,-0.5628954469325598,-0.3538478281431275,0.9964931084729888,-0.6965822328203334,1
-0.312076273470472,-0.5473003149463346,0.8577543081572058,1.6843662965285768,0.5867350126983124,1.6915678774093683,0.6279820783218129,-0.6039153947854509,2.0105904144178424,2.6760122036651066,-0.1813141944303784,1.1713799435653371,0.4208573790559796,1.3760865235891977,0.9968262956829548,0.9960635291686628,0.0194899300296589,-0.3413315139857663,0.9964931084729888,-0.1660481847956632,1
-0.8224572630265683,-0.6757231043388773,-0.904752637053741,-0.7680283645105584,0.5867350126983124,-0.7660211070644162,-0.7790702483623382,-0.7109264255351947,-0.7478517045659282,-0.7988479025382283,-0.7376667803655146,-0.3509962844039732,0.4208573790559796,-0.6513159175862571,0.9968262956829548,0.996009375339106,0.5455780538855297,-0.3592119627819966,0.9964931084729888,-0.652371062151611,1
3.11304429441295,0.7457640094418816,2.1573790124031795,0.3420984215284767,0.1635272040511625,0.3426643781524943,2.5338708823369536,0.6429091482267135,0.7149773442381263,2.0368361473411585,2.9481259931109114,-0.0607437111252875,0.4208573790559796,0.752442677323655,-1.0030969190222077,-1.0040002089870803,-0.628899122988278,4.0179219025351545,-1.0026668657945366,-0.1660481847956632,1
-0.8552098386593746,-0.6727776275179475,-0.8587211736295476,-0.6828291545965366,0.5867350126983124,-0.682264668771924,-0.7599059581542043,-0.4891366784862955,-0.6205627050778799,-0.7397680973321387,-0.7604016761883942,-0.3468475940714324,-2.376101857220821,-0.624412714830377,0.9968262956829548,0.996032204278125,-0.2134642207552285,-0.3770924115782267,0.9964931084729888,0.0550076685479494,1
-0.443406113324944,-0.5473003149463346,-0.2088724156160517,0.3006111579877306,0.5867350126983124,0.3057728566962976,-0.3068912930074131,-0.4277355937752518,0.2727475155480086,1.5378097033671403,-0.3666160177652566,0.0539163982650467,0.4208573790559796,0.1018435407847957,0.9968262956829548,0.9959803661737668,-0.6735486685553813,-0.3413315139857663,0.9964931084729888,-0.652371062151611,1
-0.5415839558925513,0.1431194518796287,-0.932112873420152,-0.7840981686432401,0.5867350126983124,-0.7820877694114085,-0.7889242682593753,0.906582648769898,-0.7454650358255274,-0.7339040968154052,-0.6347538031831895,-0.3514846789614016,0.4208573790559796,-0.6604442550169792,0.9968262956829548,0.9960319967533884,0.2679743575335391,-0.3413315139857663,0.9964931084729888,0.3202746925602845,1
-0.5240094031139723,0.4588745670833115,-0.9664574000014492,-0.783805960884051,0.5867350126983124,-0.7817525992949473,-0.8009438221708607,0.8950305689836902,-0.7435755897393767,-0.7446058977584438,-0.707487800440615,-0.3514724467299162,-2.376101857220821,-0.678193076583419,0.9968262956829548,0.9959859569217626,0.0621981910068883,-0.3770924115782267,0.9964931084729888,1.0276534232598458,1
-0.8048028259171776,-0.5007617811756425,-0.711586732593235,-0.3554959016138775,0.5867350126983124,-0.3508877368817064,-0.6824026548815061,-0.6134279680117162,-0.1931998337498429,-0.175651247622379,-0.7542496838768415,-0.243269047812701,0.4208573790559796,-0.4891804976862263,0.9968262956829548,0.995985797222396,-0.7104330757629883,-0.3413315139857663,0.9964931084729888,-0.1660481847956632,1
-0.6032546592792012,0.1973162253847384,-0.8565359234958384,-0.7574084905902699,0.5867350126983124,-0.7554351108326209,-0.7601801615639002,0.98896998821204,-0.7398961420979252,-0.7356632969704252,-0.7192164839408398,-0.3506163187007539,0.4208573790559796,-0.6235662926720361,0.9968262956829548,0.9960524157316032,0.0913174598549993,-0.3747083517387294,0.9964931084729888,0.0992188392166722,1
0.0227189569614577,1.2058474888711284,-0.3220140817264739,0.1848210827862145,0.5867350126983124,0.1716836497242517,-0.4130584008326461,0.2091008956427279,0.2911447537552656,1.144481868707243,-0.2986655331183558,-0.0440180079201091,0.4208573790559796,-0.072727773903166,0.9968262956829548,0.9960233658309032,-0.7628477596895881,-0.3592119627819966,0.9964931084729888,-0.4313152088079983,1
-0.2407395660556036,-0.4618814871393681,-0.6011524829198679,-0.3016016624977907,0.5867350126983124,-0.3066760745316087,-0.600088670696965,-0.4442783957154537,-0.3883597255430419,0.2490489898020425,-0.1529683001282714,-0.2588849587940515,0.4208573790559796,-0.3564875470170983,0.9968262956829548,0.9960649732954509,-0.3668257033552796,-0.3592119627819966,0.9964931084729888,-0.652371062151611,1
-0.8072792401723409,-0.51431097455192,-0.9421052140936976,-0.7523216812456934,0.5867350126983124,-0.7505898175805509,-0.7918063074006915,-0.1252562211610473,-0.7239850171619192,-0.8013401027578401,-0.7513668250604861,-0.3504190744959533,0.4208573790559796,-0.6683224920292287,0.9968262956829548,0.9959731586611168,-0.3610018495856572,-0.3890127107757135,0.9964931084729888,1.292920447272181,1
-0.5618745759187289,0.3628520227209975,-0.8948254590838651,-0.7882301465863658,-0.2596806045959874,-0.7863502727574696,-0.7734608242490758,0.6528802857609854,-0.7635639404402341,-0.7385952972287919,-0.7169178207301011,-0.3513360050887597,-2.376101857220821,-0.7689165100781997,-1.0030969190222077,-1.00400020879851,-0.6521945380667665,-0.3413315139857663,-1.0026668657945366,1.292920447272181,1
-0.4825494354226882,-0.3876554712519352,-1.0385782635045917,-0.8488118890663726,-3.2221352651260378,-0.8468615937724339,-0.8239401007589661,-0.5792546788851487,-0.8074189785451008,-0.7742191003679477,-0.409932821383919,-0.3522495539330468,0.4208573790559796,-0.7983850230678206,-1.0030969190222077,-1.0040002090147349,1.7258790845289598,-0.3413315139857663,-1.0026668657945366,-0.1660481847956632,1
1.7987872838984886,0.0753734849982415,0.731404189537315,0.5795562677618648,0.5867350126983124,0.5823828026141344,0.456469814725193,0.3118511887398165,0.4745204686427351,1.307207883046597,1.962044097604761,0.0234952235986129,0.4208573790559796,1.0672596327090171,0.9968262956829548,0.9960055937167364,-1.0210386101428384,-0.3592119627819966,0.9964931084729888,-0.652371062151611,1
0.1597205843035621,1.2011347259576406,-0.3006127071008305,-0.3263547149050374,0.5867350126983124,-0.3359020382906782,-0.4581488016245467,0.4837565771772618,-0.3202402219107661,-0.147797245167895,-0.1495545378591659,-0.2921149275153762,0.4208573790559796,-0.1963835402970855,0.9968262956829548,0.9960618926627122,-1.290877168135333,-0.3484836935042584,0.9964931084729888,-1.1829051101762815,1
-0.6707569188151069,-0.6274172844756273,-1.051279135862516,-0.8635760622610429,-3.645343073773188,-0.8616086047881382,-0.8281499011346156,-0.6862597111391133,-0.8214406573949561,-0.8155603040109187,-0.5559730525360013,-0.3526393757596571,0.4208573790559796,-0.802057193047084,-1.0030969190222077,-1.0040002090352949,2.24226078543546,-0.3413315139857663,-1.0026668657945366,-0.652371062151611,1
0.1220950644912408,0.2096872280326438,-1.051279135862516,-0.8635760622610429,-3.645343073773188,-0.8616086047881382,-0.8281499011346156,-0.294400308039863,-0.8214406573949561,-0.8155603040109187,0.0706451248383041,-0.3526393757596571,0.4208573790559796,-0.802057193047084,-1.0030969190222077,-1.0040002090111904,1.9277726818758625,-0.3413315139857663,-1.0026668657945366,-0.652371062151611,1
-0.0007670362971886,-0.1101915547203408,2.3731720811228527,1.0378836527307942,0.1635272040511625,1.037640814273483,2.9904498695717776,-0.2175423602372758,1.3384945526678629,1.625476511092306,-0.0017233764478487,0.3724345949093652,0.4208573790559796,0.7799579084094124,-1.0030969190222077,-1.0040002089727016,-0.628899122988278,3.16651453235466,-1.0026668657945366,-0.1660481847956632,1
0.0463647188817277,0.8942160412167476,-0.7131431987660215,-0.3641709362594845,0.5867350126983124,-0.3676082511224219,-0.6699532713921804,0.937078000610588,-0.2509273839082898,0.1437901805266766,-0.2176793992138333,-0.2673939254135291,-2.376101857220821,-0.4651290865099868,0.9968262956829548,0.9960300521528216,-1.13169183176566,-0.3890127107757135,0.9964931084729888,1.7792433246281287,1
-0.8289278938223178,-0.6686539599686455,-0.0006728034371876,0.5903710318705591,0.5867350126983124,0.5934669583309136,-0.2531339599846687,-0.7082152612538266,0.5986272431435822,-0.8331523055611192,-0.7399386106409391,0.0287792671490392,0.4208573790559796,0.0330359302513637,0.9968262956829548,0.9960286136187858,-0.9996844796542236,-0.3770924115782267,0.9964931084729888,-0.652371062151611,1
0.4428306527003074,-0.3481860818514749,1.03110627669192,1.486238644772688,0.5867350126983124,1.4911910734035427,0.8126184288370137,-0.2721047932756224,1.3384945526678629,1.730588720354753,0.5060515809324265,0.6421247146404477,0.4208573790559796,1.5546685771197593,0.9968262956829548,0.9959999833779852,-0.9996844796542236,-0.3890127107757135,0.9964931084729888,-0.1660481847956632,1
-0.1238687900780533,-0.3599679891351944,0.5731917237187563,1.5578204907325233,0.5867350126983124,1.561686918366767,0.3030475458452463,-0.3153794525323119,1.842479435015854,1.4425196949702217,-0.089831374999963,0.7594884021048375,0.4208573790559796,0.8793799573160652,0.9968262956829548,0.9960271802198276,-0.7512000521503438,-0.3413315139857663,0.9964931084729888,0.3202746925602845,1
-0.1364106300154938,1.7890518994152442,-0.784664627106883,-0.747539760672955,0.5867350126983124,-0.7456856412325042,-0.7313126766025879,2.398805176577908,-0.7398961420979252,-0.797381902409045,-0.6462112423317279,-0.350229534961775,0.4208573790559796,-0.58930572807827,0.9968262956829548,0.9960398873292522,-0.630840407578152,-0.3890127107757135,0.9964931084729888,0.3202746925602845,1
-0.4398912027692283,-0.633308238117487,1.42911402825559,2.4859596552726058,0.5867350126983124,2.4867678775537465,1.3346789976118107,-0.6857150049731584,2.7784513593764086,1.0949310643408454,-0.2883021900899578,1.670907879263401,0.4208573790559796,2.206517814077091,0.9968262956829548,0.9960024832054096,-0.3512954266362868,-0.3413315139857663,0.9964931084729888,-0.652371062151611,1
0.1291248856026723,-0.3387605560244993,0.5907564890597713,0.9425177125411623,0.5867350126983124,0.9435494771367264,0.2887799627793748,-0.2714702294936695,0.6185161493135898,0.4821430103421979,0.163394324277159,0.2330305616930596,0.4208573790559796,0.8197397498514325,0.9968262956829548,0.9960015542193088,0.0117247916701625,-0.3413315139857663,0.9964931084729888,-0.1660481847956632,1
0.9253320108031124,-0.1914867149780054,-0.0036525207385081,0.5443810581727427,0.5867350126983124,0.5474438497977488,-0.2556864332579285,-0.0803310999523829,0.6185161493135898,-0.8155603040109187,1.0194207194926377,0.0050393906209392,0.4208573790559796,0.0305617731731365,0.9968262956829548,0.996020290109778,2.261673631334201,-0.3413315139857663,0.9964931084729888,-0.652371062151611,1
-0.8620798911091827,-0.6981087281779443,-1.0731057660905765,-0.8305120117209818,0.5867350126983124,-0.8316443363354428,-0.833562419453143,3.1514137932380777,-0.7940436891457707,-0.7866801014660063,-0.7347928907754481,-0.3524754581569966,-2.376101857220821,-0.7225846633185571,0.9968262956829548,0.9959678256607064,-0.8754422659022837,-0.3890127107757135,0.9964931084729888,2.7961002500087475,1
0.5211172968957957,-0.3034148341733407,1.552438627534836,-0.1308764728119504,-1.1060962218902877,-0.1636867569455956,1.5507646491563916,-0.3005142253763274,0.6905139896490171,2.3685919765753547,0.6365658571477755,-0.2008692695277588,0.4208573790559796,2.545920077692416,0.9968262956829548,0.9959998781861348,-0.9996844796542236,3.9738167955044537,0.9964931084729888,-0.652371062151611,1
-0.0636360046460144,-0.4565796288616944,1.567346157466529,3.7732878425251326,0.5867350126983124,3.778026199226317,1.5605422740341348,-0.4873777950507967,4.218408166084954,-0.8155603040109187,0.0478898240256173,3.5187872967548763,0.4208573790559796,2.399502066178806,0.9968262956829548,0.996061477562834,2.261673631334201,-0.3413315139857663,0.9964931084729888,-0.652371062151611,1
-0.4372550198524415,-0.2992911666240389,-0.5454296971201685,-0.5678839101166788,0.1635272040511625,-0.5662601712907318,-0.6115988456016863,0.0155338974286611,-0.583967117725066,-0.6019640851889022,-0.3774101826297313,-0.3348081519552807,0.4208573790559796,-0.7041587040254446,-1.0030969190222077,-1.00400020891566,-0.1610495368286288,-0.2870941526372014,-1.0026668657945366,-0.4313152088079983,1
-0.4772770695891145,-0.4365503864793713,0.0358933190104671,-0.0507662240799051,-0.6828884132431379,-0.0497435935014156,-0.1258767179018961,-0.7194281062872278,-0.3313780093659704,0.4287806056399232,-0.4463253075640027,-0.18350746540521,0.4208573790559796,-0.3544691557164393,-1.0030969190222077,-1.0040002090376066,-0.3124697348388056,-0.2578894196033587,-1.0026668657945366,-0.652371062151611,1
-0.5893547857179615,-0.6727776275179475,0.8465435973311929,1.7507550185486216,0.5867350126983124,1.7545907892784487,0.5753995213142448,-0.7152746182454301,1.3997523836714858,0.0030541681250734,-0.3708362629648387,0.889438074702537,0.4208573790559796,1.1744557435930467,0.9968262956829548,0.9960019330320784,0.0311376375689032,-0.3413315139857663,0.9964931084729888,-0.652371062151611,1
0.6230497030115537,1.4008380544166863,-0.91592548158435,-0.7649373978508793,0.5867350126983124,-0.7629149281756914,-0.7832173403857992,0.3640596372630226,-0.7398961420979252,-0.7909315018406382,0.2873222733979159,-0.3508897242479044,0.4208573790559796,-0.6561079691904022,0.9968262956829548,0.9960259134007649,-0.293056888940065,-0.3484836935042584,0.9964931084729888,-1.1829051101762815,1
1.34951780741336,0.7510658677195554,-0.9589650699329928,-0.8635760622610429,-3.645343073773188,-0.8616086047881382,-0.7982931608817821,-0.6726757946337283,-0.8114962043099524,-0.7862403014272514,2.1816769799443256,-0.3526393757596571,0.4208573790559796,-0.6757449632639101,0.9968262956829548,0.995961923964642,2.2810864772329413,-0.2817300179983323,0.9964931084729888,-0.652371062151611,1
-0.5685848597069135,0.3581392598075097,-0.7333317355707176,-0.6029665817133916,0.1635272040511625,-0.6013020620675092,-0.7000190487043767,0.6533627619771312,-0.6320485483910594,-0.7500300982364222,-0.7184069365247148,-0.3387453101171036,-2.376101857220821,-0.7478991967926283,-1.0030969190222077,-1.0040002088928612,-1.067629440299816,-0.3890127107757135,-1.0026668657945366,2.2655662019840763,1
0.5084156882967317,3.9522100767061454,-0.97209000177829,-0.7997953380342714,0.5867350126983124,-0.7982592877407563,-0.8021927459309429,1.729336585712078,-0.7731106154018378,-0.7490038981459939,-0.4982250627927176,-0.351911765701893,0.4208573790559796,-0.6799119646588189,0.9968262956829548,0.9959806439171224,-0.4503009407198642,-0.3556358730227505,0.9964931084729888,-0.652371062151611,1
-0.7487240256873482,-0.2904547361612493,-0.956961774951034,-0.7957194547846129,0.1635272040511625,-0.7938308752296368,-0.7967397217951749,-0.5801213098840279,-0.7817622895857911,-0.7728997002516828,-0.7476872747190197,-0.3517188152791569,0.4208573790559796,-0.7847901810169304,-1.0030969190222077,-1.004000208828374,0.425218409313338,-0.3770924115782267,-1.0026668657945366,-0.652371062151611,1
0.2910504241580343,-0.32108769509892,1.5637414126692013,0.3102526702479278,0.5867350126983124,0.313661301277056,1.5454892475036228,-0.4122035974063652,0.6185161493135898,1.944038339163852,0.3764935737265785,-0.1032047907230823,0.4208573790559796,2.5270643963804527,0.9968262956829548,0.9959972598681894,-0.9996844796542236,-0.3413315139857663,0.9964931084729888,-0.652371062151611,1
-0.5162606230252352,0.0948136320163786,2.4868449498195497,3.430001325171143,0.5867350126983124,3.43620328457926,3.1430431438902158,-0.4281255126792309,2.7784513593764086,1.306328282969087,-0.541886733162188,2.959685229702831,0.4208573790559796,4.553216737137435,0.9968262956829548,0.9959964851955784,-0.1591082522387548,-0.3574239179023735,0.9964931084729888,-0.9176380861639462,1
0.8366604036021003,-0.368215324233798,1.952525195798788,2.026490638789729,0.5867350126983124,2.031907656077764,2.1740479167135582,-0.4260656080735334,2.7784513593764086,0.6703774269293421,1.081948036207511,1.149781200553083,0.4208573790559796,3.2624359675469883,0.9968262956829548,0.996062205703263,-0.0212770463576962,0.9532129788612996,0.9964931084729888,-0.652371062151611,1
-0.4878218012562619,0.4305979896023846,-0.9659828354370276,-0.8105045679220169,0.1635272040511625,-0.808598801847054,-0.8001164954219447,0.4133441599025785,-0.7845964587150172,-0.7863869014401698,-0.6510037989120937,-0.3519781330727873,0.4208573790559796,-0.7857928657275804,-1.0030969190222077,-1.004000208882293,-0.9899780567048534,-0.3586159478221222,-1.0026668657945366,-0.6965822328203334,1
-0.5212933358663737,-0.1337553692877798,0.5027100772190681,1.538418238242078,0.5867350126983124,1.5429118856421669,0.2102875089203698,-0.5028916357325245,1.75317824631252,0.5199658136751287,-0.5389775646153852,0.6876541822548459,0.4208573790559796,0.705915502373626,0.9968262956829548,0.9959804145448742,-0.8521468508237952,-0.3770924115782267,0.9964931084729888,-0.1660481847956632,1
2.5493804562054345,0.1413521657870707,0.3359955720010159,0.8796672202089055,0.5867350126983124,0.8750949745453954,0.1125490259164781,0.3462175195290046,1.0684529291445852,2.2514585662536035,2.580658585900172,0.281841445964914,0.4208573790559796,0.6722930098684555,0.9968262956829548,0.9959985227772118,-0.628899122988278,-0.3413315139857663,0.9964931084729888,-0.1660481847956632,1
0.4164688235324389,-0.2097486712677706,-0.1610892528379675,0.091774432561228,0.5867350126983124,0.0943805363250293,-0.3743922343226967,-0.2646419614028222,-0.1014622540406832,-0.8155603040109187,0.3963238603593519,-0.1881705451908086,0.4208573790559796,-0.1242683724064446,0.9968262956829548,0.9960090426201887,1.935537820235358,-0.3413315139857663,0.9964931084729888,-0.652371062151611,1
-0.3288519829409337,-0.4995835904472706,0.4846087978798678,1.0270507263802953,0.5867350126983124,1.0301171928319586,0.2114086583891771,-0.4617125538510825,1.0505031913261538,1.3083806831499436,-0.2728905180448556,0.3443726748332131,0.4208573790559796,0.7571565976516456,0.9968262956829548,0.995982218466673,-1.0288037485023347,-0.3592119627819966,0.9964931084729888,-0.652371062151611,1
2.5917191515356475,0.303353390938214,0.2783579316554159,1.7645346470390726,0.5867350126983124,1.7576921468140183,0.0081816341934144,0.4449515701852773,2.058472956022136,0.8826542456350939,2.884292383330613,0.8803656799136573,0.4208573790559796,0.455439652901528,0.9968262956829548,0.9960454061084322,0.6309945758399885,-0.3413315139857663,0.9964931084729888,-0.652371062151611,1
1.3265910044703957,1.122785042520906,1.133702814098347,0.8314332097528417,0.1635272040511625,0.8314303535419636,1.013919684297097,1.279118175323317,0.5706336077092965,0.5799252189587284,0.9990124409690972,0.2414431324658871,0.4208573790559796,-0.0878852414771469,-1.0030969190222077,-1.0040002089150772,0.0369614913385256,0.8655987797597718,-1.0026668657945366,-0.1660481847956632,1
-0.2463314692124242,-0.3646807520486822,-0.9245825153494104,-0.7831270826450117,-0.6828884132431379,-0.7812531407227304,-0.7833827403432555,-0.3293161602066246,-0.7569011568732816,-0.7105946947613896,-0.200886391576689,-0.3507320711875764,0.4208573790559796,-0.7710651201724495,-1.0030969190222077,-1.0040002089246844,1.091079023640141,-0.3413315139857663,-1.0026668657945366,0.3202746925602845,1
-0.1208331855072079,-0.3758735639682157,1.368830026999147,1.021283968571425,0.5867350126983124,1.0253796354906766,1.2604668584721812,-0.412198178263365,0.6185161493135898,0.688116028492461,0.0102462055217854,0.2884749465635018,0.4208573790559796,2.0932535074117253,0.9968262956829548,0.9960529730064392,-1.0540404481706975,-0.3735163218189807,0.9964931084729888,-0.652371062151611,1
1.8275456429907089,0.3192589657712352,-1.0406532236501276,-0.852212782132635,-2.7989274564788875,-0.8502585335705601,-0.824809263641882,0.2007720424081772,-0.8108995371248521,-0.800020702641575,1.8228019420312416,-0.3525238551098538,0.4208573790559796,-0.7992965546229569,-1.0030969190222077,-1.004000209015948,1.935537820235358,-0.3413315139857663,-1.0026668657945366,-0.652371062151611,1
1.577347918888393,0.6844980915665401,-0.96005677660248,-0.7112072632518249,0.1635272040511625,-0.7285226613550521,-0.7846543525652091,0.8023844060457742,-0.6545230123631678,-0.3553828634602598,1.4459891242323406,-0.3412174519321888,0.4208573790559796,-0.6436981181611894,0.9968262956829548,0.9960546908022088,-0.0329247538969408,-0.3413315139857663,0.9964931084729888,-0.652371062151611,1
4.637956285277924,0.8930378504883757,1.506437016749695,-0.0391338069738184,-1.1060962218902877,-0.0381246981565239,1.4664031442752166,1.3621987046595945,0.2585269476364533,1.817522528015327,4.7926313843018,-0.1448308090922729,0.4208573790559796,0.3475794261701849,-1.0030969190222077,-1.0040002090254252,-0.628899122988278,1.677967170068497,-1.0026668657945366,-0.1660481847956632,1
-0.6651650156582862,-0.1614428514045207,-0.440312036678784,-0.5487925723835141,0.1635272040511625,-0.5471910257217035,-0.5383910663347624,-0.1893542716213413,-0.546526251860027,-0.3893940664573139,-0.6912276395885832,-0.3262027326701398,-2.376101857220821,-0.6257930340424406,-1.0030969190222077,-1.0040002089127544,-1.5898349949759387,-0.3440135813052009,-1.0026668657945366,1.0276534232598458,1
-0.745049346470009,-0.6391991917593468,0.2276383604347387,0.1255926694184057,-0.2596806045959874,0.1264102967872644,0.0399324521339587,-0.6907055098698603,-0.2454579347115377,0.0335469708120875,-0.6432684391863416,-0.1338047332743074,0.4208573790559796,-0.3118094789360601,-1.0030969190222077,-1.0040002090278444,0.9454826793995864,-0.3413315139857663,-1.0026668657945366,-0.652371062151611,1
-0.6388031864904178,-0.6627630063267859,2.646097935881897,2.367944908566117,0.1635272040511625,2.366155979514548,3.5031693030099893,-0.7058265901855711,2.4904599980347,3.642252888809864,-0.5044472392999808,1.8832858929058616,0.4208573790559796,1.3852018391405605,-1.0030969190222077,-1.004000209032354,-0.9996844796542236,3.9738167955044537,-1.0026668657945366,-0.652371062151611,1
2.095637457194849,0.1796433644591591,-0.1846232329660696,-0.1425997540291412,-1.1060962218902877,-0.1414703742642747,-0.26235235151411,0.1939888861481387,-0.3894536153823923,0.4581006082235905,2.1057485927441104,-0.19686799496239,0.4208573790559796,-0.4060878854958724,-1.0030969190222077,-1.0040002090280595,0.3048587647411458,-0.3413315139857663,-1.0026668657945366,-0.652371062151611,1
-0.4859844616475923,0.614984838592595,-0.8874725786165065,-0.8051026753073236,0.1635272040511625,-0.8032031885035793,-0.7714139788339649,0.3526669488377679,-0.7741547829757632,-0.7501766982493405,-0.7020059588199475,-0.3519418034102519,-2.376101857220821,-0.777914628715331,-1.0030969190222077,-1.0040002088015585,-0.2678201892717022,-0.3306032447080282,-1.0026668657945366,1.5139763006157936,1
0.3134180367853166,-0.4035610460849566,-1.051279135862516,-0.8635760622610429,-3.645343073773188,-0.8616086047881382,-0.8281499011346156,-0.4366768444033143,-0.8214406573949561,-0.8155603040109187,0.405169236581907,-0.3526393757596571,0.4208573790559796,-0.802057193047084,-1.0030969190222077,-1.0040002090300304,2.261673631334201,-0.3413315139857663,-1.0026668657945366,-0.652371062151611,1
-0.11675908463581,-0.1461263719356852,-0.2363906558731588,0.2526126034988923,0.5867350126983124,0.256446308981256,-0.3989909439639544,0.1382557641665651,0.3985448470733063,0.1525861813017768,-0.1061191162228329,-0.0642373550425191,0.4208573790559796,-0.0917657615261556,0.9968262956829548,0.9960301715631196,0.3456257411285016,-0.3520597832635044,0.9964931084729888,-0.652371062151611,1
0.0244764122393156,-0.4377285772077431,-0.977357894689564,-0.7794565925735788,0.5867350126983124,-0.777469090732304,-0.8047093999977941,-0.1226660639245161,-0.7398961420979252,-0.8203981044372238,0.1749629818316796,-0.3513627168195219,0.4208573790559796,-0.6857718103704095,0.9968262956829548,0.9960171171366924,0.5766386073235146,-0.3890127107757135,0.9964931084729888,1.292920447272181,1
-0.8355582932796908,-0.6038534699081882,0.1777561471121391,0.1852318475562404,0.5867350126983124,0.1879304250849769,-0.1064456580028665,-0.6906996311947697,-0.0954955821896809,-0.5339416791947939,-0.7583310555560505,-0.1547547658233627,0.4208573790559796,0.2353568698535466,0.9968262956829548,0.9960107114512674,-0.9996844796542236,-0.3413315139857663,0.9964931084729888,-0.652371062151611,1
2.21945816995302,0.0971700134731225,0.1988365999155135,0.6902722690516803,0.5867350126983124,0.6934111215858376,-0.0497431768695911,0.2527084663677656,0.7625118299844442,1.0949310643408454,2.2887844905442045,0.1227589081913738,0.4208573790559796,0.4152280894406579,0.9968262956829548,0.9960302069685556,-0.0271009001273186,-0.3413315139857663,0.9964931084729888,-0.652371062151611,1
1.886340510468136,0.0264785697708055,1.487495838491101,-0.4686664725876287,-1.1060962218902877,-0.4654184221304903,1.4304938834636152,0.0691919757019609,0.3305247879718807,1.7317615204581,1.8803695755825656,-0.3050167574614121,0.4208573790559796,2.3573632645727907,0.9968262956829548,0.9960555327829864,-0.9996844796542236,3.9738167955044537,0.9964931084729888,-0.652371062151611,1
2.297185623832826,0.5490061578037657,1.407629711120621,0.3404076885638161,-0.2596806045959874,0.34097561053065,1.336187296150655,0.4421039103892146,0.6185161493135898,2.030678946798589,2.3369994633827846,0.2782931309930798,0.4208573790559796,0.3057661715481465,-1.0030969190222077,-1.004000208970674,-0.9996844796542236,1.5650223351723098,-1.0026668657945366,-0.652371062151611,1
-0.4295861240945161,0.8152772624158267,-0.8240903028696922,-0.7845733167936708,0.1635272040511625,-0.7826976937390321,-0.7469043201063322,1.4768748022199911,-0.7607794935764332,-0.7292128964020185,-0.6914737701066611,-0.3513755866887966,0.4208573790559796,-0.7612336012563365,-1.0030969190222077,-1.0040002088161424,0.3281541798196349,-0.3493777159440699,-1.0026668657945366,0.3202746925602845,1
-0.797773004805746,-0.6863268208942248,-0.9916493574899934,-0.8168959729511572,-0.2596806045959874,-0.8149827773753677,-0.8089509508398919,-0.716689173012705,-0.7856406262889426,-0.8023663028482685,-0.708878478976708,-0.3521412012345237,0.4208573790559796,-0.7926814399085391,-1.0030969190222077,-1.004000208900655,1.586106594058027,-0.3413315139857663,-1.0026668657945366,-0.652371062151611,1
-0.6088465624360218,0.2226473260447354,-0.9967044748980676,-0.8297980773432228,0.1635272040511625,-0.8278698840955899,-0.810175314148514,-0.1876016680188421,-0.7986678598302975,-0.7756851004971311,-0.7322224600081558,-0.3523026951303635,0.4208573790559796,-0.7889181167737621,-1.0030969190222077,-1.004000208744598,-0.1338715525703921,-0.3574239179023735,-1.0026668657945366,-0.9176380861639462,1
-0.7752456235168401,-0.3841208990668194,-1.0748502410061704,-0.8406782867114723,0.1635272040511625,-0.8387374460844094,-0.8349995349609532,-0.2765758728549008,-0.8084134238536012,-0.8140943038817354,-0.7496579632217946,-0.3524645315857368,-2.376101857220821,-0.8041667375032565,-1.0030969190222077,-1.0040002089378277,-1.102572562917549,-0.3854366210164675,-1.0026668657945366,3.238211956695973,1
-0.5473356277109953,-0.2957565944389231,0.5123699436347408,0.6588883200111553,0.5867350126983124,0.6613278665711566,0.2162412819355109,-0.7197390005943658,0.5668049932715701,0.4328854060016367,-0.4819204295270036,0.0638880711116932,0.4208573790559796,0.6986362718118947,0.9968262956829548,0.9960019141360786,-0.4270055256413754,-0.2578894196033587,0.9964931084729888,-0.652371062151611,1
-0.8584850962226552,-0.6798467718881791,-1.0194865924290348,-0.7794018011107724,0.5867350126983124,-0.7782726286350657,-0.8175124338303534,-0.1436875911450625,-0.7398961420979252,-0.797381902409045,-0.7589182409037635,-0.3513927172503016,-2.376101857220821,-0.7013980656013176,0.9968262956829548,0.996040879575176,-0.9996844796542236,-0.3890127107757135,0.9964931084729888,3.238211956695973,1
-0.8155872105767601,-0.535518407662615,-0.8201526251728986,-0.6841381460646132,0.5867350126983124,-0.6819623396051145,-0.7461322974085857,-0.4902933830823713,-0.6349821620511354,-0.7331710967508135,-0.7565695742564641,-0.3468460117071856,0.4208573790559796,-0.6046455019632782,0.9968262956829548,0.9959722908240086,-0.227053212884347,-0.3592119627819966,0.9964931084729888,0.8065975699162331,1
-0.5748957218410397,-0.6215263308337675,-0.2811979134865554,0.0826375278056133,0.5867350126983124,0.0854441967744784,-0.4579190973095509,-0.6831612236297768,-0.1014622540406832,-0.3910066665994156,-0.4291656828022999,-0.1909581127074898,0.4208573790559796,-0.207009393854103,0.9968262956829548,0.9959842073453292,1.5938717324175231,-0.3413315139857663,0.9964931084729888,-0.652371062151611,1
-0.2814805747695822,-0.0023871030743073,-0.9445211235998948,-0.7715479633018645,0.5867350126983124,-0.7695453210223822,-0.7934817830031113,2.446717545612239,-0.7398961420979252,-0.7944499021506782,-0.3303872199649454,-0.351117501955683,-2.376101857220821,-0.6697028112412922,0.9968262956829548,0.9959618443136848,-0.2328770666539691,-0.3890127107757135,0.9964931084729888,1.558187471284516,1
-0.8124717216751028,-0.5213801189221517,-0.9292675584215818,-0.8194282409906566,0.1635272040511625,-0.8175121018543501,-0.7873311757625647,-0.3865912418983832,-0.7899167411154941,-0.7844811012722313,-0.7559746903228532,-0.3522512145108176,0.4208573790559796,-0.7854933625023214,-1.0030969190222077,-1.0040002089657294,0.1282018670626063,-0.3320932821077141,-1.0026668657945366,-1.1829051101762815,1
-0.8599230141772661,-0.6916286791718986,-0.3181886562224933,-0.2568535141566209,0.5867350126983124,-0.2546993782753371,-0.482868884891422,-0.4930633740548762,-0.1014622540406832,-0.714699495123103,-0.7630577630667454,-0.2862829857084883,-2.376101857220821,-0.2595917427061088,0.9968262956829548,0.99601245516973,-0.4386532331806196,-0.3484836935042584,0.9964931084729888,2.486622055327689,1
-0.206628956798998,1.6665200636645612,-0.5494686586658494,-0.4519031244622839,0.5867350126983124,-0.4498305387417576,-0.6191043371948324,1.4832895326863378,-0.4614514557178196,-0.7056102943221662,-0.6784094193249149,-0.3220492041523281,0.4208573790559796,-0.4374315491132022,0.9968262956829548,0.9959910983518272,-1.2559340455176,-0.3520597832635044,0.9964931084729888,-1.1829051101762815,1
0.184245073862761,0.0959918227447506,0.8743414295539774,1.410612348198238,0.5867350126983124,1.4152058774210838,0.6142305169738416,-0.0759813614235966,0.9649808947951212,0.2469965896211856,0.1652019970921332,0.5779669717440926,0.4208573790559796,1.2040284316175405,0.9968262956829548,0.99601325671377,-1.1666349543833932,-0.3627880525412426,0.9964931084729888,-0.9176380861639462,1
-0.6392824924752881,-0.51431097455192,-0.1315780897553568,-0.1945009011217011,0.1635272040511625,-0.1933111903946333,-0.3089949776619472,-0.5686404983898825,-0.2774790736452499,-0.5845186836516201,-0.5879821283415975,-0.2611073843558157,-2.376101857220821,-0.6305590418878674,-1.0030969190222077,-1.0040002088852331,-1.1782826619226374,-0.0474961387677168,-1.0026668657945366,0.5413305459038973,1
-0.3131946541018361,0.0105729949377841,0.4145067156486742,0.7677933714451456,0.1635272040511625,0.7678644914928764,0.2026888889580893,0.188959422849385,0.4022242947147577,-0.1752114475836239,-0.3250908918413533,0.1863974865845917,0.4208573790559796,-0.331446473009568,-1.0030969190222077,-1.0040002089737805,-0.1455192601096363,-0.3884166958158391,-1.0026668657945366,0.5413305459038973,1
1.2732282714881649,0.3133680121293755,1.7696869497054248,0.4206354740179043,0.5867350126983124,0.4238460918444617,1.864237915690263,0.1410823965290816,0.6185161493135898,1.7449555216207504,1.221928508591711,-0.0542185634005303,0.4208573790559796,2.9123818066159286,0.9968262956829548,0.9960596671664204,-0.9996844796542236,1.1409576912217168,0.9964931084729888,-0.652371062151611,1
1.314368701856202,-0.032430966647792,0.400474641023351,0.3118112515687083,0.5867350126983124,0.3137787516993726,0.1018286833214953,-0.0131276400337562,-0.1014622540406832,-0.8155603040109187,1.3319892864343137,-0.1049402709435296,0.4208573790559796,0.4968752730221528,0.9968262956829548,0.9959763198666712,2.24226078543546,-0.3413315139857663,0.9964931084729888,-0.652371062151611,1
-0.2098243300314669,-0.5419984566686609,1.2449959322212016,-0.4104085816433936,-1.5293040305374377,-0.4089678953822154,1.0998686497482255,-0.4720607925480052,-0.0761038986739235,0.473053809541261,-0.147585493714544,-0.2620705561071546,0.4208573790559796,0.0530896244643624,-1.0030969190222077,-1.0040002090326892,0.3048587647411458,2.2477574717083657,-1.0026668657945366,-0.652371062151611,1
-0.0383925561095101,-0.6303627612965571,0.3864362426835315,1.1472250293673376,0.5867350126983124,1.134577024205153,0.104051412166656,-0.7018600079337817,0.5668049932715701,0.4267282054590665,0.4162658138594222,0.3630088942510938,0.4208573790559796,0.5329719226055507,0.9968262956829548,0.9960019229807474,-0.4270055256413754,-0.3413315139857663,0.9964931084729888,-0.652371062151611,1
-0.4519537367217984,0.7805206359288542,-0.9756457560379036,-0.8006358139519741,0.1635272040511625,-0.7987415195198574,-0.8034471806679275,0.1623004700576567,-0.7771381189012644,-0.7711405000966628,-0.7075760725760081,-0.3516842051315902,-2.376101857220821,-0.7871471411809258,-1.0030969190222077,-1.0040002088259552,-0.4328293794109975,-0.3943768454145825,-1.0026668657945366,0.8508087405849555,1
-0.2867529406031558,0.4176378915902932,-0.9033485537376322,-0.780462774444661,-0.2596806045959874,-0.7785919295690987,-0.7769978408964486,1.043861348790573,-0.7622711615391837,-0.7339040968154052,-0.4496266555302875,-0.351081296818014,0.4208573790559796,-0.7726537894542586,-1.0030969190222077,-1.004000208858923,-0.2503486279628358,-0.3413315139857663,-1.0026668657945366,0.8065975699162331,1
-0.8608017418161952,-0.6975196328137584,-0.9638994188832852,-0.8456325605675716,-0.2596806045959874,-0.8436859609905532,-0.7997736760651132,-0.7216755596767374,-0.8035406418419493,-0.7894655017114549,-0.7632301964421494,-0.3525539641627474,0.4208573790559796,-0.7907281580046756,-1.0030969190222077,0.9960644990903548,0.8697725803944985,-0.3151068557512954,-1.0026668657945366,1.292920447272181,1
0.6728975254380688,-0.3163749321854322,0.7213340268017401,0.3682118239266614,0.5867350126983124,0.3692064924227639,0.4410162988292397,-0.2431802814422387,-0.1014622540406832,0.4821430103421979,0.7539979936159055,-0.0810386083000832,0.4208573790559796,0.9937120580888762,0.9968262956829548,0.9960405739706832,0.3436844565386271,-0.3413315139857663,0.9964931084729888,-0.1660481847956632,1
0.3469694557262401,-0.273370970599856,-0.6225564366085017,-0.2345530154268628,0.5867350126983124,-0.2370337589698092,-0.6503829529873467,-0.3888174707866205,-0.1014622540406832,-0.708542294580533,0.4164973693847805,-0.2822368451356769,0.4208573790559796,-0.4818491796070586,0.9968262956829548,0.9960376929393474,1.935537820235358,-0.3413315139857663,0.9964931084729888,-0.652371062151611,1
-0.5434212955012209,0.4135142240409913,-0.558856592524805,-0.6815520070083971,0.1635272040511625,-0.6797961380458115,-0.6192862453420229,-0.0909450241279346,-0.681223868896403,-0.683327092358579,-0.7129817505167723,-0.3460057468954847,0.4208573790559796,-0.7158523516899076,-1.0030969190222077,-1.00400020881744,-0.5434826010338191,-0.2662336290415995,-1.0026668657945366,0.5413305459038973,1
-0.8032850236317548,-0.5166673560086639,0.7773141035152645,0.5381495194774187,0.5867350126983124,0.5394349374198012,0.4947290614220191,-0.4282582546901646,0.4025226283073078,-0.0734710386182982,-0.7456981245588001,0.0014815905953011,0.4208573790559796,1.0560217508221224,0.9968262956829548,0.9960079948005034,-0.4638899328489826,-0.3627880525412426,0.9964931084729888,-0.4313152088079983,1
-0.2178127631126392,-0.4477431983989047,0.8030617577844479,1.1603806302648287,0.5867350126983124,1.1671073200754252,0.5854775682575362,-0.5107527493788857,1.0505031913261538,2.864246620252251,-0.1498701798809825,0.4838582359980682,0.4208573790559796,1.334090962656132,0.9968262956829548,0.995981016302006,-0.9996844796542236,-0.3592119627819966,0.9964931084729888,-0.652371062151611,1
0.7360061467793296,0.2361965194210127,-0.9372238050439472,-0.8090426893369709,0.1635272040511625,-0.8071386225797804,-0.7887976511692292,-0.1044232377188203,-0.7766906185124391,-0.8023663028482685,0.6548627798029102,-0.3520309075986562,0.4208573790559796,-0.7903375016239029,-1.0030969190222077,-1.00400020902028,1.6016368707770197,-0.314510840791421,-1.0026668657945366,-0.652371062151611,1
-0.6568570452538671,0.0288349512275494,-0.9120817791164272,-0.8102049976270222,0.1635272040511625,-0.8082995797787396,-0.7799311471471616,0.4855289178366637,-0.7766906185124391,-0.7893189016985365,-0.7321421106893178,-0.3520644512269812,0.4208573790559796,-0.7856756688133486,-1.0030969190222077,-1.0040002088465585,-0.7084917911731144,-0.3350733569070858,-1.0026668657945366,-0.652371062151611,1
-0.3624034018818572,1.1098249445088144,-0.4703301320405542,-0.3069994116776526,0.5867350126983124,-0.3044083772853357,-0.5738070056051189,0.1205857115744411,-0.3088041008630118,-0.7041442941929829,-0.699029147358216,-0.296633086087176,0.4208573790559796,-0.379432098447815,0.9968262956829548,0.9960581325931508,-0.1571669676488806,-0.3413315139857663,0.9964931084729888,1.292920447272181,1
0.4787786015655826,-0.2327233904710237,1.110738295580401,0.4494177954776326,0.5867350126983124,0.4524040306860302,0.9199541889412408,-0.3566446135084845,0.6185161493135898,0.0335469708120875,0.5554976548227096,-0.0390797466802818,0.4208573790559796,1.58428033078233,0.9968262956829548,0.996016939708267,0.9571303869388312,-0.3413315139857663,0.9964931084729888,-0.652371062151611,1
-0.4216775753441555,0.1814106505517171,1.437608464829201,1.255867423746932,0.1635272040511625,1.2553711964651657,1.4120381078047222,0.4849558655192931,0.6185161493135898,0.8974608469398457,-0.4943835431731843,0.5418044514091651,0.4208573790559796,0.134254998509571,-1.0030969190222077,-1.0040002089672213,-1.0482165944010753,0.5643132175432929,-1.0026668657945366,-0.1660481847956632,1
-0.276927167913314,-0.4824998248858773,-0.8118530335208493,-0.6228226827748561,0.5867350126983124,-0.6205657361380416,-0.7422994658796425,-0.5599916558873733,-0.546973752248852,-0.7204168956269182,-0.1986308553956893,-0.3413073806609326,0.4208573790559796,-0.5990200500801512,0.9968262956829548,0.9959960928185688,1.609402009136516,-0.3413315139857663,0.9964931084729888,-0.652371062151611,1
1.040924637487675,-0.1066569825352249,-0.390956307396774,-0.1369121421443355,0.5867350126983124,-0.1388167923649679,-0.4731023637856463,0.12383270124591,-0.2953790891982567,0.6692046268259955,1.0815849320299151,-0.2229559818584834,0.4208573790559796,-0.1680479308117055,0.9968262956829548,0.9960596809981904,-1.098689993737801,-0.4009330099732003,0.9964931084729888,0.3202746925602845,1
-0.3204641282057028,-0.3193204090063621,0.0958870871950036,0.2456727542803689,0.1635272040511625,0.2463507980857275,-0.0717320526094584,-0.4710304162642592,0.0727645640085829,0.4984156117761331,-0.2905764121590593,-0.0049783042657627,0.4208573790559796,-0.322344179337564,-1.0030969190222077,-1.0040002089580429,-1.0365688868618308,-0.2862001301973899,-1.0026668657945366,-0.1660481847956632,1
0.1097129932154238,-0.368215324233798,-1.051279135862516,-0.8635760622610429,-3.645343073773188,-0.8616086047881382,-0.8281499011346156,-0.4949990733250555,-0.8214406573949561,-0.8155603040109187,0.2441469593239607,-0.3526393757596571,0.4208573790559796,-0.802057193047084,-1.0030969190222077,-1.004000209031515,2.24226078543546,-0.3413315139857663,-1.0026668657945366,-0.652371062151611,1
0.0208017330219764,0.1136646836703299,0.3243538431957053,0.3289152717694588,0.1635272040511625,0.3294965527582422,0.1453772173349836,0.0801518955016871,0.241820266453647,1.170576671006707,-0.0093694176284738,0.0831830905649649,0.4208573790559796,-0.1742203016279142,-1.0030969190222077,-1.0040002088564826,-0.6366642613477741,-0.2048440881745425,-1.0026668657945366,0.3202746925602845,1
-0.7539963915209219,-0.3275677441049657,-0.955066715167986,-0.7628237953013697,0.5867350126983124,-0.7608181367758255,-0.7971689681405324,1.0216747958002133,-0.7398961420979252,-0.805591503132472,-0.7344235828830029,-0.3508151674846347,-2.376101857220821,-0.6746771691564647,0.9968262956829548,0.9960135134849548,-0.6386055459376483,-0.3890127107757135,0.9964931084729888,3.238211956695973,1
-0.1932882735534403,-0.5237365003788955,-1.0383224258205002,-0.8574663187735388,0.1635272040511625,-0.8555059633922844,-0.8241742155158692,-0.495113645165011,-0.8162695417907541,-0.8096963034941853,-0.1322206111332488,-0.3526298273899573,0.4208573790559796,-0.8005987425588659,-1.0030969190222077,-1.0040002089852789,1.5919304478276493,-0.338947454146269,-1.0026668657945366,-0.1660481847956632,1
-0.7194863606102577,-0.630951856660743,1.1804331841945437,1.5521457936394296,0.1635272040511625,1.5513051662791222,1.1054698097633957,-0.6900198915020792,0.8259574406667682,1.3539732871675465,-0.5962257442237202,0.9943165741359412,0.4208573790559796,0.25162119717305,-1.0030969190222077,-1.0040002090228612,0.9571303869388312,0.0901833169632557,-1.0026668657945366,-0.652371062151611,1
-0.8345197969791384,-0.633897333481673,-0.8716061856806159,-0.6835198451884662,0.1635272040511625,-0.6817616887702553,-0.7611385210218706,-0.685464444113286,-0.6796824786682273,-0.7503232982622589,-0.7505006220316361,-0.3444015475228675,0.4208573790559796,-0.7626529861064772,-1.0030969190222077,-1.0040002087935207,0.2621505037639167,-0.3770924115782267,-1.0026668657945366,-0.652371062151611,1
-0.6013374353397198,-0.5956061348095847,-0.3128084143303766,-0.4956850099964328,0.1635272040511625,-0.494145196658806,-0.4687854079960405,-0.1046033290912192,-0.4906384255223057,-0.6188230866745109,-0.515872912438746,-0.3255600555201811,0.4208573790559796,-0.6543239717182069,-1.0030969190222077,-1.004000208964943,0.992073509556564,-0.1219980087520093,-1.0026668657945366,0.8065975699162331,1
-0.5300806122556632,-0.5997298023588864,-0.2808875240389634,-0.1420978563537067,0.5867350126983124,-0.1959577888187755,-0.4380149316831105,-0.6077682772987784,-0.0314533043222566,0.0652125736024481,-0.4459037539284247,-0.27292729145902,0.4208573790559796,-0.1852888990831408,0.9968262956829548,0.9959714682853288,-0.3454715728666647,-0.3413315139857663,0.9964931084729888,-0.1660481847956632,1
-0.3352427294058716,-0.5190237374654079,0.7076603726293068,1.2734783272979435,0.5867350126983124,1.2764360554663927,0.4228369344013599,-0.5790445607993719,1.194498871997008,0.6835714280919923,-0.246753146229284,0.4810874378363216,0.4208573790559796,0.9860551930257312,0.9968262956829548,0.996046774524774,0.2951523417917756,-0.3592119627819966,0.9964931084729888,-0.652371062151611,1
-0.5652297178128212,0.326328110141467,-0.9396067342887268,-0.7893034917064229,-0.2596806045959874,-0.7874223701990553,-0.7895384419169705,0.4300367267306289,-0.7703758908034617,-0.7531086985077072,-0.7132014965608502,-0.3512411058807906,-2.376101857220821,-0.7776541911281492,-1.0030969190222077,-1.0040002088223805,-0.7880844593579508,-0.3651721123807399,-1.0026668657945366,0.4971193752351748,1
-0.1821044672397991,0.931329049160464,0.9012668699997352,1.1316316016837464,0.5867350126983124,1.1335399713145269,0.6447621395340454,0.059700899536116,1.3384945526678629,-0.5439104800732408,-0.4679727594429062,0.3618966868633966,0.4208573790559796,1.2225455440661663,0.9968262956829548,0.9960510136073196,-0.6929615144541219,-0.3413315139857663,0.9964931084729888,-0.652371062151611,1
-0.5006032941861376,-0.5844133228900511,0.221090995977386,0.2918131256218457,0.1635272040511625,0.2924375349093704,-0.0179741031907719,-0.6122362446124848,-0.0717283393165219,0.1335281796223931,-0.40772728863948,-0.0850212527388937,0.4208573790559796,-0.3605894390152116,-1.0030969190222077,-1.0040002090344646,0.9571303869388312,-0.3413315139857663,-1.0026668657945366,-0.652371062151611,1
-0.5363115900589777,-0.3116621692719444,-0.4125835961789647,-0.1141174968922405,0.1635272040511625,-0.1130212254896162,-0.4365390622108285,-0.2675416097716172,-0.2130887399198505,0.3405273978630846,-0.5160487840175607,-0.125334026774856,0.4208573790559796,-0.5131407557069521,-1.0030969190222077,-1.0040002089069266,-1.0656881557099418,-0.3380534317064575,-1.0026668657945366,-0.652371062151611,1
-0.8551299543285628,-0.6774903904314352,-0.394274664725855,-0.0392325401181263,0.5867350126983124,-0.0355557526042283,-0.510355261002922,-0.3403233415870917,0.0638145562320795,-0.1010318410469456,-0.7607756181810886,-0.1737405112830621,0.4208573790559796,-0.2497081362725595,0.9968262956829548,0.9959695752602746,0.143732143781599,-0.3413315139857663,0.9964931084729888,0.3202746925602845,1
-0.7706123323297602,-0.633308238117487,1.2340707816835677,1.621501931425012,0.5867350126983124,1.627981248786287,1.1012115456170264,-0.6915503563264479,1.6264859140095718,2.793145613986858,-0.6796667553635131,0.8337838412825175,0.4208573790559796,2.0087415103712307,0.9968262956829548,0.9960562887541174,-0.3512954266362868,-0.3413315139857663,0.9964931084729888,-0.652371062151611,1
0.2443979749639881,0.7970153061260616,1.1184343162531396,0.6376522568304178,0.1635272040511625,0.6378746555898239,1.0531072482745811,0.1341918102687974,0.6185161493135898,-0.0372608354274691,0.00934195802476,0.1005775465311,0.4208573790559796,-0.1570574646326334,-1.0030969190222077,-1.0040002089700435,0.29709362638165,1.2139695238063233,-1.0026668657945366,-0.652371062151611,1
-0.5895944387103966,-0.5602604129584261,-1.0472860003067967,-0.8597343114989252,-1.9525118391845877,-0.857771319756221,-0.8269343645210285,-0.5602153277558496,-0.8180595433460549,-0.8130681037913069,-0.51872654652611,-0.3526327553996881,0.4208573790559796,-0.8011717052506658,-1.0030969190222077,-1.0040002090156166,1.918066258926492,-0.3413315139857663,-1.0026668657945366,-0.1660481847956632,1
-0.4482790575044592,0.1878906995577628,0.9184921015089976,0.6992701657740744,0.1635272040511625,0.6994209386072027,0.7386990678551983,-0.0822563985234711,0.5465183089781623,-0.0530936368226494,-0.5442387632693457,0.1406767955025081,0.4208573790559796,-0.2136114866891617,-1.0030969190222077,-1.0040002089243407,-0.6716073839655071,0.5711673895818479,-1.0026668657945366,-0.1660481847956632,1
-0.8594437081923959,-0.6933959652644566,-0.7120143619100758,-0.6304139390928477,0.1635272040511625,-0.6287175140735132,-0.693925370954163,-0.2397854339191515,-0.6536280115855175,-0.7126470949422464,-0.7627747092337783,-0.3416319865735026,0.4208573790559796,-0.7399298066248651,-1.0030969190222077,-1.0040002088592894,-1.0579230173504457,-0.3413315139857663,-1.0026668657945366,1.292920447272181,1
0.0728863167112197,2.7109861443662964,-0.831917900351247,-0.76996633566463,0.1635272040511625,-0.768107692065663,-0.749131549993804,0.6510012327087572,-0.7517300412690797,-0.7501766982493405,-0.6517615490464004,-0.3508771926070377,0.4208573790559796,-0.762444636036732,-1.0030969190222077,-1.0040002085857054,-0.6599596764262629,-0.3413315139857663,-1.0026668657945366,0.3202746925602845,1
-0.5296811906016046,0.5024676240330738,-0.9526073203445456,-0.8150779994026046,-0.2596806045959874,-0.8131669170767063,-0.7955051100419818,0.0365179361353803,-0.7856406262889426,-0.7809627009621912,-0.720673385264366,-0.3521072497043183,-2.376101857220821,-0.7838265619443578,-1.0030969190222077,-1.004000208801325,-0.7686716134592102,-0.346099633664761,-1.0026668657945366,0.3202746925602845,1
-0.5252875524069598,0.2638840015377537,-0.9659420602917578,-0.7140495422469357,-3.2221352651260378,-0.712255897480154,-0.7855144760535695,-0.6909873707025134,-0.6794338673411022,-0.396870667116149,-0.3793616620395375,-0.3126555504151331,0.4208573790559796,-0.7648667055975226,-1.0030969190222077,-1.004000209038296,-0.6444293997072704,-0.3413315139857663,-1.0026668657945366,-0.652371062151611,1
-0.4639363863435568,-0.1196170805473163,1.0673405172202473,-0.1231691202847557,-0.6828884132431379,-0.1220623270886964,0.8618193194837205,-0.7186994468359187,-0.1221467164574909,0.8451246423279994,-0.4015773891473949,-0.2120349607515592,0.4208573790559796,-0.0317869851981867,-1.0030969190222077,-1.0040002090376692,-0.3124697348388056,0.9651332780587863,-1.0026668657945366,-0.652371062151611,1
-0.0368747538240873,-0.3788190407891456,0.4819352093070462,0.4793774586792518,0.5867350126983124,0.4792215624276962,0.1949854167810617,-0.4951679265702558,0.1865291073010259,1.0323328588247156,0.0296370748099555,-0.0263752520498298,0.4208573790559796,0.7152652117534528,0.9968262956829548,0.9959893581861676,-1.0288037485023347,-0.3592119627819966,0.9964931084729888,-0.652371062151611,1
1.1499667490456764,-0.1243298434608041,1.2636637209716168,0.3504771084559675,-0.2596806045959874,0.351033325521755,1.1442971971917983,0.0712007888539262,0.4745204686427351,0.3814288014673005,1.1242815883942534,-0.0161699563587203,0.4208573790559796,0.0388306665661588,-1.0030969190222077,-1.0040002088958029,-0.0212770463576962,1.3984361538874317,-1.0026668657945366,-0.1660481847956632,1
-0.4724840097404111,-0.5255037864714536,1.2138017112835813,0.0305141637296117,-1.1060962218902877,0.0314423123114722,1.0570903388388266,-0.591746892859533,0.2585269476364533,0.4677762090762008,-0.3990319227266066,-0.1072246820280897,0.4208573790559796,0.0337911992541909,-1.0030969190222077,-1.0040002090002704,-0.3512954266362868,1.4240647971620282,-1.0026668657945366,0.3202746925602845,1
0.0124937626175572,-0.0724894514124383,1.8879766821327089,2.5184444898146907,0.5867350126983124,2.5193724220231903,2.0657127265703146,-0.3909961501733419,2.299625943333477,-0.5502142806287292,-0.0082144055131215,1.6971011653092662,0.4208573790559796,3.0770304492322635,0.9968262956829548,0.996045001762584,0.8212404656476469,-0.3538478281431275,0.9964931084729888,-0.4313152088079983,1
-0.2701369997943176,1.0597518385530065,-0.9698156112025031,-0.792702697970359,0.1635272040511625,-0.7906879027227058,-0.8019343410334707,0.6065827598942249,-0.755210599848831,-0.7438728976938521,-0.582764430435138,-0.3516265833852247,0.4208573790559796,-0.6779717046343144,0.9968262956829548,0.9960235531319797,-0.599779854140167,-0.3431195588653893,0.9964931084729888,0.0550076685479494,1
2.8919244667261017,0.6721270889186346,0.2276711767525242,-0.0390342977246283,0.1635272040511625,-0.0380253045789342,0.0245621548601488,1.0404370372285494,-0.2929924204578558,0.412508004205988,2.7290385892168167,-0.1891319310957486,0.4208573790559796,-0.2773796299106259,-1.0030969190222077,-1.0040002089951083,-0.7531413367402178,-0.309146706152552,-1.0026668657945366,0.0550076685479494,1
-0.6360072349120075,0.1201447326763756,-0.8726767411446796,-0.7745126435114592,0.5867350126983124,-0.7726737010213084,-0.7671820874094077,-0.2858535277463224,-0.7435755897393767,-0.7212964957044282,-0.7346044622798289,-0.3512125628198096,0.4208573790559796,-0.6323821049981401,0.9968262956829548,0.9959899888929408,0.054433052647392,-0.3770924115782267,0.9964931084729888,0.3202746925602845,1
-0.7650204291729397,-0.6274172844756273,1.7019995706111193,1.0878676311311817,-0.2596806045959874,1.0834063193137684,1.7502650271416922,-0.6981362403318694,2.2024686366929904,1.944038339163852,-0.6322056459945147,0.4982877704818992,0.4208573790559796,2.7910439347479272,0.9968262956829548,0.9959960437148192,-0.6735486685553813,3.542301964555432,0.9964931084729888,-0.652371062151611,1
0.9474599704379596,-0.1797048076942859,-0.0422123895706101,-0.0284303700284473,0.5867350126983124,-0.0291161343878951,-0.2500790338105751,-0.1560951401721807,-0.2132379067161255,0.9326448500402466,1.0315748432931655,-0.2068650709842998,0.4208573790559796,0.1343591735444437,0.9968262956829548,0.9960421418702948,-0.9996844796542236,-0.3770924115782267,0.9964931084729888,0.3202746925602845,1
0.8991299502968673,0.6797853286530524,1.1681317952651766,1.1375121853074923,0.1635272040511625,1.137153536592224,1.152508926313043,0.4321833797590781,0.8345096703198717,0.9682686531794024,0.7889470323118962,0.4903973258629097,0.4208573790559796,0.2628981446980221,-1.0030969190222077,-1.0040002088156417,-0.6444293997072704,-0.3413315139857663,-1.0026668657945366,-0.1660481847956632,1
-0.7272351406989949,-0.5885369904393528,1.00817149112589,0.5666595294498826,0.5867350126983124,0.569500327100859,0.7808308006191712,-0.6762419774019888,0.6185161493135898,0.2590177906804893,-0.6150578307140921,0.0146818255701929,0.4208573790559796,1.438122756855903,0.9968262956829548,0.9960156366549032,0.3087413339208943,-0.3413315139857663,0.9964931084729888,-0.652371062151611,1
-0.6356078132579489,-0.6274172844756273,-1.051279135862516,-0.8635760622610429,-3.645343073773188,-0.8616086047881382,-0.8281499011346156,-0.6864994122067078,-0.8214406573949561,-0.8155603040109187,-0.4953590212756539,-0.3526393757596571,0.4208573790559796,-0.802057193047084,-1.0030969190222077,-1.0040002090350362,2.261673631334201,-0.3413315139857663,-1.0026668657945366,-0.652371062151611,1
-0.3910019923124539,-0.2445052977547432,-0.7862834456990274,-0.5289654985662899,0.5867350126983124,-0.5267060687832846,-0.7321716387779739,0.1025060745627249,-0.4564792291753177,-0.7060500943609213,-0.3724237412744205,-0.3324707430017377,0.4208573790559796,-0.5841881294901476,0.9968262956829548,0.9960261154062318,-0.3959449722033905,-0.3484836935042584,0.9964931084729888,-0.1660481847956632,1
-0.8208595764103339,-0.560849508322612,-0.8658294149807179,-0.7698449635218073,0.1635272040511625,-0.7679864610083186,-0.7619826255692171,-0.5818848492091312,-0.742282810838326,-0.7009190939087795,-0.7551918263549375,-0.3500389200782575,-2.376101857220821,-0.7618195858274955,-1.0030969190222077,-1.004000208918449,-0.4308880948211235,-0.3490797084641328,-1.0026668657945366,1.292920447272181,1
-0.8349991029640086,-0.6115117096426059,-0.7198977904143772,-0.7785417753505448,0.1635272040511625,-0.7766731634838895,-0.7004359175162005,-0.6926681420217977,-0.7398961420979252,-0.7315584966087118,-0.7562602854366021,-0.3511703185626981,-2.376101857220821,-0.7505165945438054,-1.0030969190222077,-1.0040002088144684,-0.419240387281879,-0.2656376140817252,-1.0026668657945366,1.7792433246281287,1
-0.071225016073128,-0.0171144871789567,-0.7493239002315086,-0.3786304377597436,0.5867350126983124,-0.375901697989406,-0.7113306380824191,-0.3950943433814354,-0.2440657112796372,-0.5783614831090499,-0.1310522199220156,-0.299880608720337,0.4208573790559796,-0.5507609651753633,0.9968262956829548,0.9959739817023514,0.4135707017740938,-0.3413315139857663,0.9964931084729888,-0.1660481847956632,1
-0.6228263203280733,-0.6156353771919078,1.6301375914352148,0.0203544889885955,0.5867350126983124,0.023205387450738,1.6447902199647144,-0.6956047956715339,0.6185161493135898,1.5194847017523485,-0.4588164500423361,-0.2117513140812199,0.4208573790559796,2.621342802940265,0.9968262956829548,0.9960621881223544,-0.9996844796542236,3.9738167955044537,0.9964931084729888,-0.652371062151611,1
-0.5798485503513665,-0.6215263308337675,-1.0335860410829725,-0.8469876863393323,-1.5293040305374377,-0.8450395115362099,-0.8226560832094022,-0.5707867577217843,-0.8072698117488257,-0.8072041032745735,-0.4598307200485053,-0.3525403704732503,0.4208573790559796,-0.7983459574297432,-1.0030969190222077,-1.0040002090327498,1.8947708438480029,-0.3413315139857663,-1.0026668657945366,-0.652371062151611,1
-0.6686799262140021,-0.0182926779073285,-0.5927020322775773,-0.4700731258572346,0.1635272040511625,-0.4685630843011668,-0.6151110408717457,0.4769484657351782,-0.5700448834060607,-0.5771886830057033,-0.732742749876464,-0.3132812015736878,0.4208573790559796,-0.6742344252582557,-1.0030969190222077,-1.0040002088902693,-1.133633116355534,-0.3934828229747711,-1.0026668657945366,-0.1660481847956632,1
-0.7412947829218579,-0.6386100963951609,1.5291457189704958,2.039677024400804,0.5867350126983124,2.0449640891005347,1.4924524451553716,-0.6068931675597616,2.058472956022136,1.944038339163852,-0.6416740844699383,1.169361103172493,0.4208573790559796,2.413930308508678,0.9968262956829548,0.9960633978455452,-0.9996844796542236,-0.3413315139857663,0.9964931084729888,-0.652371062151611,1
4.404694039307694,1.2677025021106558,-1.0351430922705795,-0.8493807397617591,-2.7989274564788875,-0.8474297832240575,-0.82296146316179,1.3483072018636582,-0.8093084246312515,-0.7844811012722313,4.2234520573380205,-0.3524586039626207,0.4208573790559796,-0.7977078853411479,-1.0030969190222077,-1.004000209005696,1.609402009136516,-0.3413315139857663,-1.0026668657945366,-0.652371062151611,1
2.022942716156182,0.9990750160418512,-1.0469731944400769,-0.8588640920925311,-3.2221352651260378,-0.8569021119107858,-0.8268063478232381,0.410859942588502,-0.8169656535067045,-0.8023663028482685,1.7971511507418425,-0.3525996700507448,0.4208573790559796,-0.8008852239047658,-1.0030969190222077,-1.0040002090256586,1.918066258926492,-0.3413315139857663,-1.0026668657945366,-0.652371062151611,1
-0.4576255242094307,-0.2474507745756731,0.8184207416420861,1.2297430602066075,0.1635272040511625,1.22927720042301,0.6019470816769531,-0.396693129260056,0.9464344897915892,0.4251156053169648,-0.44379366870041,0.6098643257251368,0.4208573790559796,-0.1527862882028519,-1.0030969190222077,-1.00400020897553,-0.6463706842971444,0.2347169447327831,-1.0026668657945366,-0.1660481847956632,1
1.7401521850826838,0.0205876161289457,1.3176592932829774,2.4911143484618106,0.5867350126983124,2.494513273371312,1.1951400604958238,0.1310920802233118,2.7784513593764086,-0.8155603040109187,1.808474948418676,1.670407056835198,0.4208573790559796,1.9229012816361089,0.9968262956829548,0.996061806309276,2.261673631334201,-0.3592119627819966,0.9964931084729888,-0.652371062151611,1
-0.857366715591291,-0.6751340089746912,-0.9181288079010704,-0.7881878200325464,0.1635272040511625,-0.7863079954049079,-0.7823260250007356,0.2701535378419141,-0.7621717170083336,-0.7237886959240399,-0.7624897868120012,-0.3510840031332449,0.4208573790559796,-0.773877846114013,-1.0030969190222077,-1.0040002088316593,0.3592147332576198,-0.3592119627819966,-1.0026668657945366,0.5413305459038973,1
-0.7605469066474831,-0.3464187957589169,-0.9953613188622066,-0.8043702468878984,0.1635272040511625,-0.8024716114740321,-0.8097979581258741,-0.0460878649503609,-0.7811656224006909,-0.8135079038300621,-0.7435829567692217,-0.3519267908618243,-2.376101857220821,-0.7959629535070297,-1.0030969190222077,-1.0040002088985087,-1.2772881760062147,-0.3794764714177241,-1.0026668657945366,1.2487092766034584,1
0.0544330362937116,2.430576751013772,1.4851953785775318,1.48379183533148,0.5867350126983124,1.484477335983386,1.4348523432145988,1.7711028675301883,1.3384945526678629,-0.7034112941283912,-0.5932445228923966,0.6347141270057862,0.4208573790559796,2.2417029321053525,0.9968262956829548,0.9959895645060692,-0.3260587269679241,-0.2972264069550652,0.9964931084729888,-0.1660481847956632,1
-0.1035781700518757,-0.4377285772077431,2.7622941847308597,5.679187637212644,0.1635272040511625,5.673549651423566,3.982539231502298,-0.3786320543602513,4.530514826157797,1.3759632891052969,-0.0208497283040488,8.248600869436192,0.4208573790559796,0.9941548019870852,-1.0030969190222077,-1.0040002090065585,0.6309945758399885,1.6356501079174188,-1.0026668657945366,-0.1660481847956632,1
0.381878908290963,0.1148428743987018,0.5874340918087797,1.827086854201708,0.5867350126983124,1.8313935667422263,0.2935021865481225,0.3962520024903717,2.058472956022136,-0.7748055004196212,0.3248457042694766,0.9537093765199052,0.4208573790559796,0.7474552975291234,0.9968262956829548,0.9959763314750384,0.5067523620880484,-0.3484836935042584,0.9964931084729888,-0.4313152088079983,1
-0.5987012524229329,0.2214691353163633,-0.9983984793803986,-0.8192187687091793,0.5867350126983124,-0.8241965543425225,-0.8094882331555847,0.5424178332503972,-0.7732100599326879,-0.7548678986627274,-0.7193670174553884,-0.3523753748546354,0.4208573790559796,-0.6898085929717274,0.9968262956829548,0.9960590050685806,-1.0365688868618308,-0.3502717383838814,0.9964931084729888,-0.9618492568326688,1
-0.5827243862605884,0.2709531459079853,-0.7649083280095168,-0.7927301183109892,-0.2596806045959874,-0.7908450136222904,-0.7223052096370691,0.6055611164758128,-0.7545144881328808,-0.6984268936891678,-0.7150144014244929,-0.3514924990850377,0.4208573790559796,-0.7501259381630326,-1.0030969190222077,-1.0040002088290862,0.7591193587716766,-0.2948423471155679,-1.0026668657945366,0.8065975699162331,1
-0.6239447009594373,0.1395848796945127,-0.976313255343483,-0.8369174208586905,0.1635272040511625,-0.8349809519395438,-0.8039077682779787,-0.3654579070528821,-0.800060083262198,-0.7824287010913746,-0.7259259884097996,-0.3524779728497801,0.4208573790559796,-0.7877070819933667,-1.0030969190222077,-1.0040002089227424,-1.00744961801372,-0.3413315139857663,-1.0026668657945366,1.292920447272181,1
0.7794632227409068,2.682709566885369,-0.6783816151770643,-0.396019681405696,0.5867350126983124,-0.4009310762816834,-0.6426544516514117,0.8889157154658034,-0.4435514401648128,0.2704525916881196,0.1221106947710841,-0.28089623221135,0.4208573790559796,-0.4176513143667444,0.9968262956829548,0.9960224549473474,-0.6444293997072704,-0.3770924115782267,0.9964931084729888,-0.652371062151611,1
-0.5868783714627981,0.2998188187530982,-0.8469246578307029,-0.7496009090696989,0.5867350126983124,-0.7475790465723459,-0.7570161509969264,0.6360301977403081,-0.7398961420979252,-0.7671822997478677,-0.7284120337064239,-0.3503066494919295,-2.376101857220821,-0.6207535667304726,0.9968262956829548,0.996045251413974,-0.3105284502489316,-0.3663641423004886,0.9964931084729888,-0.9618492568326688,1
-0.4827890884151234,-0.2798510196059017,-1.0494710908846256,-0.8491114933272829,-1.5293040305374377,-0.8471608497671813,-0.8275303145348053,-0.1615108193450687,-0.8124906496184527,-0.8057381031453901,-0.4576642034384229,-0.3525349385724932,0.4208573790559796,-0.8012107708887432,-1.0030969190222077,-1.004000208906508,1.2813249134477993,-0.3756023741785409,-1.0026668657945366,-0.1660481847956632,1
0.1574039387100222,1.103344895502769,-0.9761612373552412,-0.8060723336617002,0.1635272040511625,-0.8041717197071163,-0.8035131143026525,0.012256705482366,-0.7814639559932409,-0.7900519017631282,-0.1441915384868264,-0.3519643937079092,0.4208573790559796,-0.7911188143854483,-1.0030969190222077,-1.0040002088489386,0.8251230348273948,-0.3592119627819966,-1.0026668657945366,-0.9176380861639462,1
-0.6157964992166417,-0.4341940050226273,-0.2287410882078193,0.6143494831670696,0.5867350126983124,0.6176803802097496,-0.4234335576413794,-0.2543453465497232,0.8805524881034391,-0.7297992964536918,-0.5607487918170755,0.0424010862813795,0.4208573790559796,-0.1822548011924728,0.9968262956829548,0.9960419062309024,0.3844514329259829,-0.3890127107757135,0.9964931084729888,1.292920447272181,1
1.0020209683823662,-0.1178497944547584,-0.587386617924405,-0.0760489830713784,0.5867350126983124,-0.0752107442021708,-0.5618661596889925,0.6237480228490493,-0.1014622540406832,0.6621678262059153,1.2283208761678064,-0.1308543834390631,-2.376101857220821,-0.2842030946947891,0.9968262956829548,0.9960329898690836,-0.9996844796542236,-0.3890127107757135,0.9964931084729888,1.7792433246281287,1
-0.7797990303731084,-0.4006155692640267,-0.1360883356174052,-0.3504987242546843,0.1635272040511625,-0.3491276784454821,-0.3378894304372669,0.3937353927724035,-0.4614514557178196,-0.5345280792464673,-0.749528881106787,-0.2998324711297444,0.4208573790559796,-0.6173027687003136,-1.0030969190222077,-1.0040002088336286,-0.6502532534768926,-0.1255740985112553,-1.0026668657945366,-0.1660481847956632,1
0.2805855768216987,-0.1331662739235938,0.8612358229045556,0.0138053154506929,0.1635272040511625,0.0147528867418849,0.7003441159496459,-0.3887389039662555,-0.1734600943761104,1.0949310643408454,0.3132777194069277,-0.1951359650135679,0.4208573790559796,0.0464484659912265,-1.0030969190222077,-1.0040002090131794,-1.009390902603594,-0.3413315139857663,-1.0026668657945366,-0.652371062151611,1
0.3600704859793627,-0.2450943931189291,0.043394070811778,0.8187848381239062,-0.2596806045959874,0.8187966846406822,0.0338285851787381,-0.0210508664426598,0.6871328756001157,1.6342725118674062,0.3912020584306312,0.9011174104352904,0.4208573790559796,-0.1662248677014328,-1.0030969190222077,-1.004000208742806,0.0602569064170141,-0.3413315139857663,-1.0026668657945366,0.3202746925602845,1
-0.3874870817567382,1.0367771193497537,-0.8917337800399533,-0.773378011752151,0.5867350126983124,-0.7714038663328471,-0.7742102499382484,0.7302214023696311,-0.7488461498744285,-0.7173382953556331,-0.7050675294701092,-0.3511530135955616,0.4208573790559796,-0.6407942390641121,0.9968262956829548,0.9960235228230708,0.0835523214955029,-0.3592119627819966,0.9964931084729888,1.292920447272181,1
1.1888704181509857,8.250249853807023,-0.6387261684266785,-0.6009182228186257,0.5867350126983124,-0.5989121613003581,-0.664157864478584,0.6445309993683898,-0.5655201572523841,-0.5472822803703625,0.207596689504745,-0.3399397154586266,0.4208573790559796,-0.4898836791716171,0.9968262956829548,0.9959626762745928,-0.5493064548034412,-0.3592119627819966,0.9964931084729888,-0.1660481847956632,1
-0.7890656127472682,-0.6280063798398132,-0.2968773104475415,0.3877924098612064,0.5867350126983124,0.3909942393142928,-0.4685461075462973,-0.6498076769894247,0.6185161493135898,-0.7215896957302649,-0.7050741069027211,-0.0692590938031471,0.4208573790559796,-0.2413611116033827,0.9968262956829548,0.9960751074387012,0.2097358198373169,-0.3413315139857663,0.9964931084729888,0.3202746925602845,1
-0.5093106862446153,-0.1225625573682462,-0.7027683447809125,-0.7169048520403091,0.1635272040511625,-0.715107888202623,-0.6875767853600844,-0.2719147673197774,-0.6921627672899071,-0.7545746986368906,-0.5214530418308292,-0.3482786101853839,0.4208573790559796,-0.7539804144533233,-1.0030969190222077,-1.0040002089412927,-0.1591082522387548,-0.2423930306466259,-1.0026668657945366,0.5413305459038973,1
1.989790718869317,0.934274525981394,0.6287063192850555,0.3172446004612702,0.5867350126983124,0.3185275181653416,0.3366173739083218,0.9408833050936644,-0.1014622540406832,-0.5972728847755154,1.871668155441948,-0.1026776545086859,0.4208573790559796,0.8050250261756607,0.9968262956829548,0.9960108736176672,1.3201506052452807,-0.3413315139857663,0.9964931084729888,-0.1660481847956632,1
-0.2984959372324791,-0.5508348871314505,0.5383632938916632,0.7347730626502421,0.5867350126983124,0.7371974334837647,0.241200675151955,-0.6291802242123345,0.6185161493135898,-0.8155603040109187,-0.1961538540689064,0.1060873770259628,0.4208573790559796,0.6786607088750505,0.9968262956829548,0.9960375400365749,2.24226078543546,-0.3413315139857663,0.9964931084729888,-0.652371062151611,1
-0.5179381939722814,-0.4489213891272767,-0.7433625749384601,-0.3639090502744903,0.5867350126983124,-0.3614071883691016,-0.7130118289009404,-0.4470672569102112,-0.2491373823529891,-0.8004605026803301,-0.4623631063476221,-0.3074588133169845,0.4208573790559796,-0.5652543169020307,0.9968262956829548,0.9960549052770188,1.2560882137794365,-0.3890127107757135,0.9964931084729888,0.3202746925602845,1
-0.7649405448421279,-0.3605570844993804,-0.8826763078982812,-0.7895145356099929,0.1635272040511625,-0.7876331687808455,-0.7696061650595686,-0.5296071390612147,-0.7713206138465372,-0.753401898533544,-0.7484130346128961,-0.3515451881354229,0.4208573790559796,-0.7764561782271128,-1.0030969190222077,-1.0040002086217144,-1.263699183877096,-0.3306032447080282,-1.0026668657945366,-0.6965822328203334,1
-0.1979215647405202,1.6417780583687502,-0.7479934902856946,-0.6896957566505214,0.5867350126983124,-0.6879555395517903,-0.7142125631014193,0.7964083487753603,-0.6767488650081512,-0.7542814986110541,-0.6670113265569881,-0.3472219811306772,-2.376101857220821,-0.5655798638860079,0.9968262956829548,0.9960718020711864,-1.133633116355534,-0.3574239179023735,0.9964931084729888,-1.227116280845004,1
-0.1697223959639821,-0.2774946381491578,1.4772779019134723,-0.0648689970592993,-0.6828884132431379,-0.0638299731270745,1.4192334044869628,-0.3320643631256089,0.3965559564563055,1.329197884984347,-0.171112222731628,-0.1883855979561627,0.4208573790559796,0.2762325491617303,-1.0030969190222077,-1.0040002089822009,-0.9996844796542236,2.158951242687089,-1.0026668657945366,-0.1660481847956632,1
-0.3424323191789266,1.149294333909275,-0.8549771338711728,-0.7950406177109299,0.1635272040511625,-0.7931528272501476,-0.7593405410150973,0.8514791309593679,-0.7636136627056592,-0.7437262976809338,-0.6892901372230773,-0.3516128657861123,0.4208573790559796,-0.7708046825852677,-1.0030969190222077,-1.004000208612722,-0.3105284502489316,-0.3291132073083424,-1.0026668657945366,-0.1660481847956632,1
-0.5919110843039366,-0.56261679441517,-0.9408062123437,-0.7855481100295673,-1.1060962218902877,-0.7836713538551969,-0.7890558764286779,-0.6045001987472559,-0.7567519900770067,-0.7315584966087118,-0.5096168023586899,-0.35048238912163,0.4208573790559796,-0.7740210867869629,-1.0030969190222077,-1.0040002087497517,0.994014794146438,-0.3413315139857663,-1.0026668657945366,-0.1660481847956632,1
-0.7612658656247886,-0.3470078911231029,1.387554853971163,1.4701933545436363,0.1635272040511625,1.4694479903862134,1.51468670634568,-0.1255816076268252,1.2504861428655794,0.0619873733182448,-0.7409676051269325,0.7444760792450119,0.4208573790559796,-0.047009562168963,-1.0030969190222077,-1.0040002089191464,-0.044572461436185,1.4371771262792636,-1.0026668657945366,-0.1660481847956632,1
-0.6798637325276432,-0.0783804050542981,-0.8357862445379219,-0.7488389663959679,0.5867350126983124,-0.7466503419890871,-0.7518915927720069,-0.3041672930663656,-0.7124494515833147,-0.6943220933274543,-0.7327702555037501,-0.350155768240839,0.4208573790559796,-0.6115991855410323,0.9968262956829548,0.9960614600646618,0.2136183890170651,-0.3413315139857663,0.9964931084729888,0.8065975699162331,1
0.2551823596235707,-0.3794081361533316,1.2130318787620105,1.76894892514854,0.5867350126983124,1.7745823962896894,1.0454700034567064,-0.3761863069484967,1.3384945526678629,1.37830888931199,0.3706863734222815,0.8948155983487543,0.4208573790559796,1.8422177171271867,0.9968262956829548,0.9960174477345992,-0.9996844796542236,-0.3413315139857663,0.9964931084729888,-0.652371062151611,1
0.8938575844632937,-0.2038577176259108,-0.4256166658826745,-0.2791704845486075,-1.1060962218902877,-0.2778823521541301,-0.4466620373852028,-0.0838282014853208,-0.4614514557178196,0.2440645893628189,1.041633232627741,-0.2295476753660796,0.4208573790559796,-0.5201595486815016,-1.0030969190222077,-1.0040002089935758,0.6756441214070922,-0.3627880525412426,-1.0026668657945366,-0.652371062151611,1
1.956638721582452,0.038260477054525,1.3471341728341013,-0.5363492914641961,-1.9525118391845877,-0.5347622091283756,1.2299429745544066,0.2391871098677122,-0.1014622540406832,1.0949310643408454,2.0194519294410385,-0.3046084580143592,0.4208573790559796,0.1595825538630012,-1.0030969190222077,-1.0040002090309947,-0.6754899531452553,2.2477574717083657,-1.0026668657945366,-0.652371062151611,1
-0.1435203354577371,-0.4907471599844809,0.3893614361706154,0.7919360090639138,0.5867350126983124,0.7949359382044071,0.1172638119289679,-0.5198063689896333,0.6185161493135898,1.8028625267234928,-0.0067359033029497,0.1422010523194831,0.4208573790559796,0.6386574954839257,0.9968262956829548,0.9960008973335908,-0.9996844796542236,-0.3592119627819966,0.9964931084729888,-0.652371062151611,1
-0.7575113020766377,-0.6315409520249291,-0.9684961897912064,-0.6878847260013826,0.5867350126983124,-0.7051703304781347,-0.7873775584295354,-0.6463851021690266,-0.6334904940883849,-0.3590478637832182,-0.6691190199913258,-0.3407280783885131,-2.376101857220821,-0.6471489161913483,0.9968262956829548,0.9960117155400408,-1.162752385203645,-0.4098732343713154,0.9964931084729888,-1.448172134188617,1
-0.7485642570257247,-0.3081275970868286,-0.8070549718533936,-0.7209946498182681,0.1635272040511625,-0.7191929319154222,-0.7361435125464375,-0.1906990284236815,-0.7190127906194173,-0.6597244902787268,-0.7435634487020433,-0.3479552353835256,-2.376101857220821,-0.7472611247040328,-1.0030969190222077,-1.0040002089404458,-0.4600073636692345,-0.3592119627819966,-1.0026668657945366,0.3202746925602845,1
-0.7955362435430178,-0.4618814871393681,-0.7869561986367729,-0.7646765103257623,0.5867350126983124,-0.7626408912570357,-0.7323483305326377,-0.3406743903086469,-0.7390011413202748,-0.7327312967120585,-0.7521584340240335,-0.3508812928618506,0.4208573790559796,-0.5867404178445292,0.9968262956829548,0.9959711743404784,-0.1610495368286288,-0.3413315139857663,0.9964931084729888,0.5855417165726204,1
-0.4151270602175942,-0.586180608982609,-1.051279135862516,-0.8635760622610429,-3.645343073773188,-0.8616086047881382,-0.8281499011346156,-0.6809792739721804,-0.8214406573949561,-0.8155603040109187,-0.2530725640982293,-0.3526393757596571,0.4208573790559796,-0.802057193047084,-1.0030969190222077,-1.0040002090197575,2.24226078543546,-0.3413315139857663,-1.0026668657945366,-0.652371062151611,1
0.1937513092293561,-0.4318376235658834,-0.3646236452824656,0.0052162038502949,0.5867350126983124,0.008059356795701,-0.5081848654997918,-0.192704318057383,-0.1014622540406832,-0.3923260667156806,0.3277728860124096,-0.2145767485724701,0.4208573790559796,-0.2691237583969627,0.9968262956829548,0.9959825984315616,0.5785798919133891,-0.3890127107757135,0.9964931084729888,-0.1660481847956632,1
-0.2774064738981843,0.0335477141410372,-0.8077766952772465,-0.7085539153224373,-0.6828884132431379,-0.7067666587855661,-0.7343464211331241,0.0141905850581354,-0.7215983484215183,-0.6783426919193556,-0.3073147075158414,-0.346482593960193,-2.376101857220821,-0.7422867667888604,-1.0030969190222077,-1.004000208771068,0.8348294577767651,-0.3520597832635044,-1.0026668657945366,0.2760635218915621,1
-0.8618402381167476,-0.6969305374495723,-0.7609150690924751,-0.6383801827782795,0.5867350126983124,-0.6364291728579902,-0.7199995471728731,-0.3088845585142287,-0.5643765451476087,-0.7504698982751773,-0.7628643267531149,-0.3435120082856238,-2.376101857220821,-0.5732367289491529,0.9968262956829548,0.9960624891233822,0.7319413745134395,-0.3764963966183524,0.9964931084729888,1.5139763006157936,1
1.793195380741668,0.422939749867967,1.186905393251206,-0.0169426819523758,0.1635272040511625,-0.0233615099574224,1.0012597654269682,0.3810554052955538,-0.1014622540406832,0.4712946093862408,1.774681669273562,-0.2113268156731273,0.4208573790559796,1.7362977504203478,0.9968262956829548,0.9959988839709047,-0.0329247538969408,0.0901833169632557,0.9964931084729888,-0.652371062151611,1
-0.7990511540987335,-0.4854453017068071,-0.6551838211650897,-0.6886188427827722,0.5867350126983124,-0.6867665473942108,-0.6725632899341689,-0.4956027676986796,-0.7040961109919116,-0.7273070962340801,-0.7527036882388458,-0.3471507792940612,-2.376101857220821,-0.5101327015750022,0.9968262956829548,0.9959728211726232,-0.0484550306159332,-0.3770924115782267,0.9964931084729888,1.7792433246281287,1
3.189893020653827,0.5148386266809792,0.624245908292318,0.7317509847768893,0.5867350126983124,0.7345790944964363,0.3357486434239473,0.9977782356815144,0.6185161493135898,0.7357610326909204,3.2604323596707423,0.1048497588870942,0.4208573790559796,0.8896021326129508,0.9968262956829548,0.9960052672825777,-0.2367596358337173,-0.3413315139857663,0.9964931084729888,-0.652371062151611,1
-0.395315746176287,0.1861234134652048,-0.9702041340202914,-0.8100236140555526,-1.1060962218902877,-0.8081184070512686,-0.8010049704027224,0.188611410901979,-0.7791767317836901,-0.7768579006004779,-0.5066565839655927,-0.3517659992535124,0.4208573790559796,-0.7842693058425668,-1.0030969190222077,-1.0040002088478122,0.2815633496626573,-0.3413315139857663,-1.0026668657945366,-0.1660481847956632,1
0.3356258807509755,3.4343952515866736,-0.4359277663907223,-0.4391319513458167,0.5867350126983124,-0.4369076297705896,-0.5551708028573926,0.2035707890291755,-0.4082486317130495,-0.6839134924102523,-0.2201297918359592,-0.3202310585503838,0.4208573790559796,-0.3523726331396257,0.9968262956829548,0.9959623235639026,-0.1416366909298881,-0.3413315139857663,0.9964931084729888,-0.1660481847956632,1
-0.2745306379889623,-0.5567258407733102,2.0002961119319504,0.9269564474941816,0.1635272040511625,0.9268425531046044,2.2709555673673933,-0.5365629819506734,1.194498871997008,1.944038339163852,-0.1655205080889218,0.2987379480537593,0.4208573790559796,0.6498302679740251,-1.0030969190222077,-1.0040002090224012,-0.9996844796542236,3.9738167955044537,-1.0026668657945366,-0.652371062151611,1
-0.360166640619129,-0.5455330288537767,1.1281491218483617,0.9502268736340492,0.1635272040511625,0.9500859292219108,1.0035755085907705,0.063521297036888,0.6185161493135898,0.7603898348612009,-0.2352586342787516,0.3078823858155827,0.4208573790559796,-0.0408502132321134,-1.0030969190222077,-1.00400020901599,-0.628899122988278,0.6230206910909155,-1.0026668657945366,0.3202746925602845,1
-0.5196157649193275,-0.4076847136342584,1.7013173055155282,2.562912224070944,0.5867350126983124,2.569086265770812,1.7686647451318456,-0.5372737455457671,2.058472956022136,0.0055463683446852,-0.464584933186486,1.7613429609305118,0.4208573790559796,2.708003410075009,0.9968262956829548,0.99601676199555,-0.3687669879451535,-0.3627880525412426,0.9964931084729888,-0.652371062151611,1
0.8204438844473204,0.5354569644274884,-0.1407758511490559,0.2351482626348476,0.5867350126983124,0.238158146706647,-0.3367824974179008,0.4459793358702897,0.3468336910312867,0.2059485860040514,0.6527701098226063,-0.0910082073680295,0.4208573790559796,-0.0110431313791562,0.9968262956829548,0.9960011713439136,-0.7337284908414772,-0.3890127107757135,0.9964931084729888,0.3202746925602845,1
0.0103368856856407,-0.0182926779073285,0.4484284773320031,0.2966541043941579,0.5867350126983124,0.2982154039150155,0.145063625924722,0.4438818576034627,-0.1014622540406832,-0.2190448514462067,0.01175677271594,-0.111433093335596,0.4208573790559796,0.5694852723284393,0.9968262956829548,0.9959926367410428,-1.127809262585912,-0.3532518131832531,0.9964931084729888,0.3202746925602845,1
-0.7498424063187124,-0.6274172844756273,0.0735789599916456,0.7805716936979592,0.5867350126983124,0.7442023048892046,-0.1176281328748184,-0.7014172103605285,0.9065075106552988,1.7317615204581,-0.631266119540753,0.1732748949174144,0.4208573790559796,0.342409740064626,0.9968262956829548,0.9960114977199022,-0.0271009001273186,-0.3413315139857663,0.9964931084729888,-0.652371062151611,1
0.1703452003015214,-0.3375823652961273,0.6647010665248011,0.3296323079234224,0.1635272040511625,0.3302127554146144,0.4790413365096525,-0.2720514800917642,0.0425334266301713,1.5186051016748383,0.3277085318137868,-0.0563775591661643,0.4208573790559796,-0.0295993094658596,-1.0030969190222077,-1.004000209022304,-0.7977908823073212,-0.3556358730227505,-1.0026668657945366,-0.9176380861639462,1
-0.4646553453208623,0.7186656226893267,-0.533504940654461,-0.4545248023623013,0.5867350126983124,-0.4524232180916621,-0.6101539633553311,0.3738566086237702,-0.4609542330635695,-0.7457786978617904,-0.7044194281271842,-0.3224689835034599,0.4208573790559796,-0.427860467784271,0.9968262956829548,0.996015179790348,-0.6444293997072704,-0.3413315139857663,0.9964931084729888,-0.1660481847956632,1
0.1991834437245532,-0.4153429533686761,0.824077362037958,0.6549066868979956,0.5867350126983124,0.6539773549277824,0.5516726546943963,-0.4448051063940713,0.4745204686427351,1.307207883046597,0.2802658841022331,0.0625946037342874,0.4208573790559796,1.1922175870388454,0.9968262956829548,0.9960067841661744,-0.3474128574565389,-0.4009330099732003,0.9964931084729888,-0.652371062151611,1
1.2800983239379728,0.2632949061735676,-1.051279135862516,-0.8635760622610429,-3.645343073773188,-0.8616086047881382,-0.8281499011346156,0.1605285608405135,-0.8214406573949561,-0.8155603040109187,1.2564462022467586,-0.3526393757596571,0.4208573790559796,-0.802057193047084,-1.0030969190222077,-1.0040002090357076,1.9277726818758625,-0.3413315139857663,-1.0026668657945366,-0.652371062151611,1
1.108347012692769,6.091804439429608,-0.8291246732494844,-0.7412337900718832,0.5867350126983124,-0.7392874665700949,-0.7499694036660826,3.2865188112286527,-0.7398961420979252,-0.7501766982493405,-0.4348130066479973,-0.3499543704126289,0.4208573790559796,-0.6111564416428232,0.9968262956829548,0.9960728376403089,-0.2988807427096874,-0.3770924115782267,0.9964931084729888,-0.3871040381392759,1
1.3230760939146795,0.6244103644195707,0.4102928247064473,0.835843839390303,0.5867350126983124,0.8381604014675924,0.1302700405550402,0.132215784533982,0.6185161493135898,1.5194847017523485,1.1353090278857914,0.1681822889165285,0.4208573790559796,0.6366000385451895,0.9968262956829548,0.9960512555143396,-1.00744961801372,-0.3413315139857663,0.9964931084729888,-0.652371062151611,1
0.0993280302098998,2.583741545702125,0.8034252018601777,0.5953965631583356,0.5867350126983124,0.5955653609832154,0.5226433335575903,1.0453358117075051,0.6185161493135898,0.6360730239064515,-0.5909469060913916,0.0285095072633097,0.4208573790559796,1.1128362104658325,0.9968262956829548,0.9960394757248257,-1.015214756373216,-0.3413315139857663,0.9964931084729888,-0.652371062151611,1
-0.6579754258852313,0.0058602320242963,-0.9101060625616876,-0.8068393111205939,0.1635272040511625,-0.8049378056156172,-0.7801650841853727,-0.1548845373337208,-0.774005616179488,-0.7564804988048291,-0.7270916888531462,-0.3518933770889296,0.4208573790559796,-0.7765603532619856,-1.0030969190222077,-1.0040002088949609,-0.3978862567932644,-0.3276231699086565,-1.0026668657945366,-0.1660481847956632,1
-0.7214035845497391,-0.5325729308416852,-0.7164602104144349,-0.4139368078243889,0.5867350126983124,-0.417336058985699,-0.6963009858186002,-0.5242578480110348,-0.3107929914800125,-0.6825940922939874,-0.6636815760407885,-0.3170181833794475,-2.376101857220821,-0.5407601618275822,0.9968262956829548,0.9960758098334024,-0.7181982141224847,-0.4009330099732003,0.9964931084729888,2.2655662019840763,1
-0.4556284159391377,-0.5702750341495877,0.2851366928254623,0.5103252377763617,0.5867350126983124,0.5134397016652026,-0.0075433090629517,-0.5626555743885304,0.3515075839812385,-0.7507630983010138,-0.3491971823638048,-0.0128742058399593,0.4208573790559796,0.3568119386357797,0.9968262956829548,0.9959878312314692,1.2832661980376734,-0.3413315139857663,0.9964931084729888,-0.652371062151611,1
0.5931729632879695,0.8547466518162873,-0.1491192898704466,0.4921535909948166,0.5867350126983124,0.4955015791244301,-0.3662253889499565,0.3801783814978486,0.621996707893341,-0.7365428970479353,0.3782700037366464,-0.0202750415923842,0.4208573790559796,-0.1090848610737455,0.9968262956829548,0.996045539343516,0.6950569673058328,-0.3413315139857663,0.9964931084729888,-0.1660481847956632,1
0.8368201722637235,-0.2580544911310206,0.9192221676837574,0.0809453780741627,-0.2596806045959874,0.0818149043739193,0.6829093791102187,-0.2389817188764401,-0.1014622540406832,0.4981224117502966,0.937934326991852,-0.152992829495493,0.4208573790559796,-0.1431891631152025,-1.0030969190222077,-1.004000209022758,-0.0271009001273186,0.5216981479122778,-1.0026668657945366,-0.1660481847956632,1
-0.1740361498278152,-0.1384681322012676,-0.2211361812519211,0.1443856924988032,0.5867350126983124,0.144817455729343,-0.357350972374009,-0.3372309719553191,0.2109924618901353,0.9198906489163512,-0.1256616401788377,-0.1069180678946124,0.4208573790559796,-0.0023835816053613,0.9968262956829548,0.996075469054251,-0.6366642613477741,-0.3592119627819966,0.9964931084729888,-0.1660481847956632,1
-0.1523076118470266,-0.5213801189221517,1.1422297270335882,0.5049462789817141,0.5867350126983124,0.5087009845805823,0.9506091904348474,-0.508353862828867,0.6185161493135898,1.307207883046597,-0.0228643660156393,-0.0151765211107122,0.4208573790559796,1.709134110077286,0.9968262956829548,0.9960665808919802,-0.6754899531452553,-0.3413315139857663,0.9964931084729888,-0.652371062151611,1
-0.6006184763624144,-0.6067989467291182,0.4967574719670826,0.384864530604394,0.5867350126983124,0.3884095167573901,0.1965310546151425,-0.6046012576225486,-0.1014622540406832,0.146575580772125,-0.5167472625148084,-0.072548609492048,0.4208573790559796,0.6596617868901381,0.9968262956829548,0.9959841358962388,-1.0792771478390604,-0.3484836935042584,0.9964931084729888,-0.1660481847956632,1
-0.4557881846007611,-0.5490676010388925,-0.2561796247652944,-0.1573665683691454,0.1635272040511625,-0.1562200233551911,-0.3608642513013863,-0.6343730158375158,-0.380851663463864,0.0498195722460228,-0.3456273555572725,-0.2077494746204878,0.4208573790559796,-0.4890372570132762,-1.0030969190222077,-1.004000209011718,-0.4328293794109975,-0.3320932821077141,-1.0026668657945366,-0.652371062151611,1
-0.2179725317742627,0.134872116781025,-0.9712839524926816,-0.8203504668642219,0.1635272040511625,-0.8184332557135682,-0.8023167713077995,-0.1400702677658645,-0.7865356270665929,-0.7981149024736367,-0.3070963068557069,-0.352237304218241,0.4208573790559796,-0.7902854141064666,-1.0030969190222077,-1.0040002089557127,0.9144221259616016,-0.3502717383838814,-1.0026668657945366,-0.4313152088079983,1
-0.4782356815588552,0.6538651326288694,-0.8174072870092388,-0.6917148170141452,0.5867350126983124,-0.6895854487766464,-0.745004404322332,-0.1648241708050285,-0.638761054223437,-0.72554789607906,-0.7053155285769971,-0.3471573956143679,0.4208573790559796,-0.6020411260914601,0.9968262956829548,0.9960477548706856,-1.0831597170188083,-0.3735163218189807,0.9964931084729888,-0.652371062151611,1
1.016480032259288,-0.1926649057063774,1.0932594834077924,3.5412582833070814,0.5867350126983124,3.547923317836968,0.8897709659235734,0.4870943553793077,4.218408166084954,0.2931755936904617,1.0655700795168852,3.15670460547351,0.4208573790559796,1.582118698808721,0.9968262956829548,0.9960109881159908,-0.2581137663223319,-0.3413315139857663,0.9964931084729888,0.3202746925602845,1
-0.5824847332681533,-0.3829427083384474,-1.035981721075564,-0.8411944433813862,-0.6828884132431379,-0.8392530027631807,-0.8233156565149085,-0.5429046029242708,-0.8035406418419493,-0.8017799027965952,-0.5447143564933143,-0.3524421170926131,0.4208573790559796,-0.7982027167567932,-1.0030969190222077,-1.0040002088301805,-0.7473174829705956,-0.3538478281431275,-1.0026668657945366,-1.448172134188617,1
-0.6827395684368652,-0.6892722977151547,2.838027741895561,2.886729281962617,-0.2596806045959874,2.8843373072718803,4.014339444131072,-0.7170102314498826,1.9550506439380968,2.0495903484650544,-0.4923760060990725,2.79580428214363,0.4208573790559796,1.088511339823052,-1.0030969190222077,-1.0040002090364717,-0.3124697348388056,2.986816021952547,-1.0026668657945366,-0.652371062151611,1
1.7177845724554013,0.2032071790265981,-0.58677996162667,-0.2437907630798376,0.5867350126983124,-0.2412594810133589,-0.6375616974065731,0.0034497935966081,-0.1014622540406832,-0.8155603040109187,1.6940612555709689,-0.2832134399356022,0.4208573790559796,-0.4675251123120594,0.9968262956829548,0.9960367377052796,2.261673631334201,-0.3413315139857663,0.9964931084729888,-0.652371062151611,1
-0.1244279803937354,-0.4913362553486669,-1.0443342321260172,-0.8558274890950457,-3.2221352651260378,-0.8538690387231587,-0.8259405023559059,-0.4685946201142885,-0.8140817621120533,-0.793863502099005,-0.0143313430985949,-0.3525320036796551,0.4208573790559796,-0.8001299549019386,-1.0030969190222077,-1.0040002089713993,2.3063231769013046,-0.3413315139857663,-1.0026668657945366,-0.1660481847956632,1
-0.0576446798351352,-0.1243298434608041,-0.8080460181958925,-0.7896946475786316,-0.2596806045959874,-0.7878130713836229,-0.7391378355480639,-0.0386897546832222,-0.7649561638721347,-0.7412340974613221,-0.0902763981109969,-0.3514150832077705,0.4208573790559796,-0.7671325126060043,-1.0030969190222077,-1.0040002088959168,0.6931156827159584,-0.2769618983193376,-1.0026668657945366,1.292920447272181,1
1.541000548369059,0.4606418531758693,2.729249583514852,2.021611269852178,0.1635272040511625,2.0202249261544343,3.8014778286436712,0.086060429644631,2.058472956022136,2.1695091590322533,1.3776511690097597,1.38414096159558,0.4208573790559796,0.9738927577043412,-1.0030969190222077,-1.0040002089516111,-0.3512954266362868,3.542301964555432,-1.0026668657945366,-0.652371062151611,1
-0.742732700876469,-0.489568969256109,0.892625455216897,0.9746304752674876,0.5867350126983124,0.9782610802322028,0.6388982591521019,-0.479258293137398,0.6185161493135898,0.5193794136234554,-0.6673628454839604,0.2544758843259327,0.4208573790559796,1.2782140783262763,0.9968262956829548,0.9959872019377288,0.3902752866956047,-0.3413315139857663,0.9964931084729888,0.3202746925602845,1
-0.0037227565372224,-0.4153429533686761,0.9345452908094736,0.5017494390746926,0.5867350126983124,0.500417426359471,0.6803229261037246,-0.5198507812080713,0.4745204686427351,0.8826542456350939,0.1076985682523269,-0.0187016997086345,0.4208573790559796,1.340510749180163,0.9968262956829548,0.9960231413831852,-0.0212770463576962,-0.3413315139857663,0.9964931084729888,-0.652371062151611,1
-0.8542512266896339,-0.6857377255300389,-0.8603724936061411,-0.6759915398409024,0.5867350126983124,-0.6738613136552724,-0.7620595880200147,-0.1351903538532815,-0.6349821620511354,-0.8168797041271837,-0.7616902550318986,-0.3462852720231698,0.4208573790559796,-0.6300121229547857,0.9968262956829548,0.9959845628364608,-0.3260587269679241,-0.3604039927017452,0.9964931084729888,-0.1660481847956632,1
-0.3012120044800777,-0.008278056716167,-0.0975671272711621,0.0551133679496985,0.5867350126983124,0.0575683485087945,-0.3281704246599771,0.0348174580435428,-0.1014622540406832,-0.8029527028999418,-0.3317434417233786,-0.2007106803595963,0.4208573790559796,-0.0631176269361574,0.9968262956829548,0.9960210052743516,-0.9802716337554832,-0.3484836935042584,0.9964931084729888,-1.1829051101762815,1
-0.7377798723661422,-0.2674800169579963,-0.8369722588895578,-0.6668009342898678,0.5867350126983124,-0.671036979811999,-0.7493809808482624,-0.4043998449519526,-0.6198665933619297,-0.7472446979909738,-0.7411224737675208,-0.3460937948670008,0.4208573790559796,-0.6116122074203914,0.9968262956829548,0.9960314964661556,0.3029174801512719,-0.3770924115782267,0.9964931084729888,-0.652371062151611,1
-0.3062447173212163,-0.4795543480649474,0.7339049775619865,0.6579093544701802,0.5867350126983124,0.6594433803249679,0.4512552173976415,1.2439166258673575,0.6185161493135898,-0.3669642644808084,-0.2280077622597047,0.0621671505848701,-2.376101857220821,0.9608708783452512,0.9968262956829548,0.9960339612243642,-0.628899122988278,-0.3890127107757135,0.9964931084729888,2.2655662019840763,1
-0.0825685910483927,2.110697968260787,-0.700660590633132,-0.7348013095312506,0.1635272040511625,-0.7329835424828283,-0.692218797594632,0.4285788907995458,-0.7122505625216147,-0.7185110954589798,-0.6630203198326398,-0.3493244142607735,0.4208573790559796,-0.7437712610357966,-1.0030969190222077,-1.004000208686993,-0.8152624436161878,-0.2912662573563218,-1.0026668657945366,-0.4313152088079983,1
-0.8581655588994083,-0.6851486301658528,-1.091899667772795,-0.8516832691256319,0.1635272040511625,-0.8497296360803808,-0.839980279022417,-0.3455132676105358,-0.8206451011481558,-0.8284611051477323,-0.7387247753498422,-0.3526108799672458,-2.376101857220821,-0.8073701198255927,-1.0030969190222077,-1.0040002089498334,-1.0656881557099418,-0.3890127107757135,-1.0026668657945366,2.751889079340024,1
0.3154151450556097,0.1778760783666011,1.3291719184264672,1.6977707519900571,0.5867350126983124,1.70297152665628,1.2132162730911895,-0.0724532026315801,1.3384945526678629,0.0438089717163711,0.2678668256804656,0.8265732331920969,-2.376101857220821,1.9836092832081869,0.9968262956829548,0.9959945348512308,-1.1918716540517558,-0.3663641423004886,0.9964931084729888,1.7792433246281287,1
-0.8620798911091827,-0.6981087281779443,-1.1123872539788329,-0.8577800094903942,0.1635272040511625,-0.8558192894685905,-0.8457305450201591,0.3421253853853896,-0.8254184386289576,-0.8325659055094459,-0.6685015635048879,-0.3526326852867553,-2.376101857220821,-0.8106516334240834,-1.0030969190222077,-1.004000208935888,-1.0365688868618308,-0.3866286509362162,-1.0026668657945366,4.210857711407868,1
-0.6351285072730786,0.111308302213586,-0.9361211560007444,-0.7538277905196001,-0.2596806045959874,-0.7519879066978571,-0.7874975204582592,-0.4237125843184178,-0.7272169644145454,-0.7427000975905054,-0.7334306895328223,-0.348418635138975,0.4208573790559796,-0.7745419619613265,-1.0030969190222077,-1.0040002089053592,-0.9686239262162388,-0.3413315139857663,-1.0026668657945366,0.3202746925602845,1
0.5449228274776889,-0.2981129758956669,0.7047023306647348,1.978292762989874,0.5867350126983124,1.9815196287715435,0.4404275258061856,-0.3120748471047943,1.9144772753512809,2.0142597453517346,0.6384694259404885,1.121431898544868,0.4208573790559796,1.0763098388635848,0.9968262956829548,0.996071945244876,-0.4755376403882269,-0.3449076037450124,0.9964931084729888,-0.9176380861639462,1
0.6826434137970989,-0.2291888182859079,1.5084885199625244,-0.3891836419285319,-1.9525118391845877,-0.387767627974372,1.4651996332931203,-0.2509881135058023,0.1865291073010259,1.524908902230327,0.7987054010271084,-0.2488176842810898,0.4208573790559796,0.3302473047432359,-1.0030969190222077,-1.0040002090219051,-0.6619009610161368,3.13283968712176,-1.0026668657945366,-0.652371062151611,1
0.3295546716092847,-0.1461263719356852,-0.6515672653205039,-0.3282288539007538,0.5867350126983124,-0.3257667766453799,-0.6702082886161436,-0.1789452259001467,-0.2028956755077216,-0.8155603040109187,0.3901003384681454,-0.3008319695971077,0.4208573790559796,-0.5101066578162841,0.9968262956829548,0.9960491317364892,1.9083598359771217,-0.3592119627819966,0.9964931084729888,-0.652371062151611,1
2.715060558308947,1.078013794842772,1.449622260220387,4.240961253290311,0.5867350126983124,4.248662242123768,1.376487095551481,1.072162720625434,5.179539556750568,0.7076138302105998,2.454321652085323,4.360740932157829,0.4208573790559796,2.2503234162410704,0.9968262956829548,0.9960003658888806,-0.3105284502489316,-0.3413315139857663,0.9964931084729888,-0.1660481847956632,1
-0.8055217848944831,-0.488979873891923,-0.778208770724368,-0.7781677256933125,0.1635272040511625,-0.7762995486296818,-0.7257739823067212,-0.5440392262792075,-0.7462605920723276,-0.7463650979134638,-0.7573167855498814,-0.3511675689239228,-2.376101857220821,-0.7629524893317364,-1.0030969190222077,-1.0040002088577449,0.1864404047588281,-0.2853061077575784,-1.0026668657945366,0.2760635218915621,1
1.306540037436653,0.2685967644512414,0.7084809145062752,-0.0798923488897349,-0.2596806045959874,-0.0788358615039607,0.4796548806739353,0.2911320090562093,-0.1014622540406832,-0.2087828505419231,1.3229429247993345,-0.2052546860372032,0.4208573790559796,-0.3162108741594326,-1.0030969190222077,-1.0040002088048632,0.5436367692956557,0.8849692659556879,-1.0026668657945366,-0.4313152088079983,1
-0.6886510089169328,-0.6492138129505084,-1.0420308161050909,-0.8541757952318795,-2.375719647831738,-0.852219264822953,-0.8252898742245629,-0.6636635096492329,-0.812938150007278,-0.8072041032745735,-0.601245595946957,-0.3525866168254163,0.4208573790559796,-0.7998304516766795,-1.0030969190222077,-1.0040002090278757,1.8753579979492625,-0.3413315139857663,-1.0026668657945366,-0.652371062151611,1
0.4356410629272523,0.4247070359605249,-0.4595119758653054,-0.2784794360623169,0.1635272040511625,-0.2771921069568311,-0.5019290554570655,0.7456127288114899,-0.3547474741157292,0.0891083757081371,0.344187093325953,-0.2172594709089019,0.4208573790559796,-0.5680149553261576,-1.0030969190222077,-1.0040002088991344,0.0272550683891552,-0.3893107182556506,-1.0026668657945366,1.292920447272181,1
-0.2180524161050743,-0.5001726858114566,1.4359475861574191,0.4682831876479618,0.5867350126983124,0.4722380887083889,1.356058421474919,-0.505376740070818,0.6185161493135898,1.8090197272660635,-0.1135254548308873,-0.0324490088168864,0.4208573790559796,2.263748973860292,0.9968262956829548,0.9959980220649886,-0.6619009610161368,-0.3413315139857663,0.9964931084729888,-0.652371062151611,1
-0.8162262852232539,-0.5443548381254046,-0.7972387375288741,-0.7563384846991867,0.5867350126983124,-0.7544001468961047,-0.7359801458293581,-0.6427179970244994,-0.7398961420979252,-0.7358098969833436,-0.7544599374897637,-0.3505732636858223,-2.376101857220821,-0.5922486728134244,0.9968262956829548,0.9959709575502804,-1.0385101714517049,-0.3866286509362162,0.9964931084729888,2.2655662019840763,1
0.6096291354351844,0.1949598439279944,1.9832148575256057,0.7877899351534129,0.1635272040511625,0.7878378107836917,2.2455667935100934,-0.2186399976230308,0.9785053509907262,1.320401884209247,0.5801246089312313,0.2398611278814754,0.4208573790559796,0.5602397379834853,-1.0030969190222077,-1.0040002089672262,-0.3610018495856572,2.7060929758517327,-1.0026668657945366,-0.652371062151611,1
-0.5044377420651002,0.5348678690633024,-1.0070969462334085,-0.8202636266147769,0.1635272040511625,-0.8183465164090173,-0.8137962732580659,0.5820484056629276,-0.7879278504984933,-0.7740725003550295,-0.7041080464878547,-0.3520948960751409,0.4208573790559796,-0.7917699083534028,-1.0030969190222077,-1.004000208772878,-0.5473651702135673,-0.3532518131832531,-1.0026668657945366,1.292920447272181,1
0.1672297113998641,-0.3976700924430968,1.1983741377623447,-0.166036307445745,-0.6828884132431379,-0.1648796845485488,1.0293919328605403,-0.455786526326543,-0.1014622540406832,0.6703774269293421,0.282644373426943,-0.2269002235834875,0.4208573790559796,0.0464484659912265,-1.0030969190222077,-1.00400020899749,-0.0271009001273186,0.9532129788612996,-1.0026668657945366,-0.652371062151611,1
-0.7532774325436163,-0.3723389917830999,-0.7398675035550738,-0.7616606334185955,0.1635272040511625,-0.7598116445389619,-0.7083858077645934,-0.3671887296243188,-0.7421833663074761,-0.7346370968799969,-0.7233427017514933,-0.3503735414386942,-2.376101857220821,-0.756246221461805,-1.0030969190222077,-1.004000208914491,-1.0346276022719567,-0.2692137038409712,-1.0026668657945366,-0.652371062151611,1
-0.8453041816387209,-0.6975196328137584,1.352695306998546,-0.5603037373926946,-1.9525118391845877,-0.5586888099156234,1.2375222028508903,-0.719938850529945,-0.1014622540406832,1.1104706657101888,-0.7428314850933172,-0.3113832166898778,0.4208573790559796,0.1651038307112554,-1.0030969190222077,-1.0040002089908755,-0.9996844796542236,2.374112643201726,-1.0026668657945366,-0.652371062151611,1
1.367891203500056,-0.0760240235975542,-0.9906857316166212,-0.7870897140882283,-0.2596806045959874,-0.7852111659215532,-0.8083010928228808,0.5518639880696046,-0.7643594966870345,-0.7985547025123917,1.5216316173445972,-0.3511708609404841,0.4208573790559796,-0.7910667268680119,-1.0030969190222077,-1.004000208918959,1.327915743604777,-0.3794764714177241,-1.0026668657945366,1.292920447272181,1
-0.3017711947957598,-0.4548123427691364,-1.051279135862516,-0.8635760622610429,-3.645343073773188,-0.8616086047881382,-0.8281499011346156,-0.6197422101774772,-0.8214406573949561,-0.8155603040109187,-0.1313699547632996,-0.3526393757596571,0.4208573790559796,-0.802057193047084,-1.0030969190222077,-1.0040002090297375,1.9083598359771217,-0.3413315139857663,-1.0026668657945366,-0.652371062151611,1
-0.8620798911091827,-0.6981087281779443,-0.8510531522942746,-0.7089969622701837,0.1635272040511625,-0.7072091907264167,-0.7561759635065529,11.265994789031277,-0.7144383422003155,-0.7580930989469307,-0.6943879464714753,-0.347795375444971,-2.376101857220821,-0.7660126309811226,-1.0030969190222077,-1.0040002089064504,-0.7531413367402178,-0.3842445910967188,-1.0026668657945366,2.972944932683637,1
1.1012373072505257,1.255331499462751,-0.1770091695116165,-0.089412870896027,0.1635272040511625,-0.0883453166594126,-0.3241254731807107,0.253213527247503,-0.3085057672704617,-0.2878002575049065,0.8225938140942923,-0.2048827992572172,0.4208573790559796,-0.5066428379067661,-1.0030969190222077,-1.0040002088864453,0.1728514126297099,-0.3556358730227505,-1.0026668657945366,-0.9176380861639462,1
-0.7915420270024316,-0.4612923917751821,-0.9648776279226836,-0.7773685458914725,0.1635272040511625,-0.7755012978109013,-0.7985075488638754,-0.252211067531042,-0.7628181064588588,-0.7478310980426472,-0.7474449561221148,-0.3509136178418582,-2.376101857220821,-0.7823811333354987,-1.0030969190222077,-1.0040002088961568,-0.2658789046818283,-0.3890127107757135,-1.0026668657945366,3.238211956695973,1
0.1592412783186918,1.9292565960915065,-1.051279135862516,-0.8635760622610429,-3.645343073773188,-0.8616086047881382,-0.8281499011346156,-0.7068447588040211,-0.8214406573949561,-0.8155603040109187,0.6845225162692353,-0.3526393757596571,0.4208573790559796,-0.7161127892770893,0.9968262956829548,0.9960210091867844,-0.9996844796542236,-0.3413315139857663,0.9964931084729888,-0.652371062151611,1
-0.5784905167275671,-0.1708683772314962,0.9575665090275564,1.0960158620216554,0.5867350126983124,1.0995273296174066,0.7176274960237058,-0.4243009596389814,1.3384945526678629,1.0949310643408454,-0.5757831584096248,0.3386390102035353,0.4208573790559796,1.3580121550387805,0.9968262956829548,0.9960067682874648,-0.355177995816035,-0.3413315139857663,0.9964931084729888,-0.652371062151611,1
-0.2737317946808451,-0.5449439334895907,0.597008940605417,0.3742992846199633,0.5867350126983124,0.3738853956225612,0.3104867984818081,-0.4785201160610818,-0.1014622540406832,-0.178729847893664,-0.2149920695305758,-0.0789712243084391,0.4208573790559796,0.7852057257911258,0.9968262956829548,0.9960308844523408,1.2832661980376734,-0.3413315139857663,0.9964931084729888,-0.652371062151611,1
1.021113323446368,0.0959918227447506,0.8322732438655677,1.8759076536234731,0.1635272040511625,1.8746906788097653,0.8955206482001821,0.0200258029847243,1.2028522125884114,1.824119528596652,1.0714792300266658,1.5478093815762497,0.4208573790559796,0.2801521348488165,-1.0030969190222077,-1.004000208992058,-0.2581137663223319,-0.3770924115782267,-1.0026668657945366,-0.652371062151611,1
0.5039421657712753,-0.3287459348333377,1.322972463125758,0.5310974178973104,0.1635272040511625,0.5314436781958181,1.30423341609288,-0.2275944258933901,0.6185161493135898,0.1789741836270774,0.6042093733105894,0.041065628246311,0.4208573790559796,-0.0255364831058235,-1.0030969190222077,-1.0040002090199978,1.0017799325059342,1.636246122877293,-1.0026668657945366,-0.1660481847956632,1
-0.6855355200152755,-0.0636530209496487,-0.6587422600022891,-0.6365498004405528,0.5867350126983124,-0.6346377059210225,-0.6738181090479283,0.2982838566466295,-0.660340517417895,-0.815267103985082,-0.7339825959237989,-0.3433980639259513,-2.376101857220821,-0.5148726656617111,0.9968262956829548,0.9959808872496632,-1.0365688868618308,-0.3890127107757135,0.9964931084729888,2.751889079340024,1
-0.7730887465849237,-0.6686539599686455,-0.914480990001172,-0.7481377852130062,0.1635272040511625,-0.7463045155706082,-0.7801136642438262,-0.7106968587521935,-0.7199077913970676,-0.7391816972804652,-0.6696505213924953,-0.3477689523284527,0.4208573790559796,-0.7728360957652858,-1.0030969190222077,-1.0040002089854076,1.2347340832908218,-0.3320932821077141,-1.0026668657945366,-0.652371062151611,1
-0.7684554553978437,-0.3652698474128681,-0.7915397524521667,-0.7302575218768735,0.5867350126983124,-0.728327885508576,-0.734418236149459,-0.1191233862007392,-0.6856988727846547,-0.774365700380866,-0.7481630174300932,-0.34944983154547,-2.376101857220821,-0.5913371412582881,0.9968262956829548,0.9959713880952203,0.1068477365739917,-0.3770924115782267,0.9964931084729888,1.0718645939285685,1
1.6698539739683678,0.0559333379801042,-1.051279135862516,-0.8635760622610429,-3.645343073773188,-0.8616086047881382,-0.8281499011346156,0.0523614373263407,-0.8214406573949561,-0.8155603040109187,1.7071832336316213,-0.3526393757596571,0.4208573790559796,-0.802057193047084,-1.0030969190222077,-1.0040002090370217,2.261673631334201,-0.3413315139857663,-1.0026668657945366,-0.652371062151611,1
-0.4978073426077272,0.6061484081298054,-0.8985947415100252,-0.787513723974237,0.5867350126983124,-0.7854880151988225,-0.776697776553142,0.1898408927407639,-0.7398961420979252,-0.79870130252531,-0.7135665440708081,-0.3516003524152215,0.4208573790559796,-0.6483339072130254,0.9968262956829548,0.9959956820748596,-1.263699183877096,-0.3663641423004886,0.9964931084729888,-0.6965822328203334,1
-0.6209889807194037,-0.6203481401053955,0.9262239317461,-0.0504228793265472,0.1635272040511625,-0.0494006478590698,0.7466923214644346,-0.6627146092390476,-0.1681895342410585,1.1104706657101888,-0.5187429153640873,-0.2173518136474468,0.4208573790559796,0.060251658111862,-1.0030969190222077,-1.0040002090167564,-0.9996844796542236,-0.0254435852523662,-1.0026668657945366,-0.652371062151611,1
-0.7555940781371564,-0.6003188977230723,-0.5504481338624819,-0.2516169616696913,0.5867350126983124,-0.2491348395407003,-0.618689956382493,-0.6475388617218099,-0.1114067071256869,-0.7989945025511468,-0.6834914576837549,-0.284969586875459,0.4208573790559796,-0.4417678349397792,0.9968262956829548,0.9960012366805192,0.9687780944780756,-0.3413315139857663,0.9964931084729888,-0.652371062151611,1
-0.5196956492501392,-0.008867152080353,-0.9103464296069114,-0.8011193007491532,0.1635272040511625,-0.7992244443020265,-0.7800628959374836,-0.382598667335294,-0.7794253431108152,-0.7877063015564347,-0.5796089818831526,-0.3518630291499866,0.4208573790559796,-0.7832145336144806,-1.0030969190222077,-1.004000208825368,-0.382355980074272,-0.3463976411446982,-1.0026668657945366,-0.652371062151611,1
-0.7031899571246663,-0.6509810990430663,-0.9924132997327272,-0.7149619032133168,0.5867350126983124,-0.7325057993505719,-0.7957658456012009,-0.6627710342495741,-0.6698871923794987,-0.3939386668577823,-0.6085603737033124,-0.3411740966247323,-2.376101857220821,-0.6601707955504383,0.9968262956829548,0.996053729775999,-1.0540404481706975,-0.3997409800534516,0.9964931084729888,3.238211956695973,1
-0.6143585812620306,0.0512205750666165,0.4974164073388565,0.6226599481870719,0.5867350126983124,0.6247731906779657,0.1929620247799023,0.4875368123633517,0.6185161493135898,-0.4591756726064421,-0.6862157106819016,0.0440360893880695,-2.376101857220821,0.6387877142775166,0.9968262956829548,0.9959971878100226,-0.6910202298642477,-0.3532518131832531,0.9964931084729888,0.5855417165726204,1
-0.086802460581414,-0.5390529798477309,-1.051279135862516,-0.8635760622610429,-3.645343073773188,-0.8616086047881382,-0.8281499011346156,-0.5349725282183813,-0.8214406573949561,-0.8155603040109187,0.1496830680493264,-0.3526393757596571,0.4208573790559796,-0.802057193047084,-1.0030969190222077,-1.0040002090154807,2.261673631334201,-0.3413315139857663,-1.0026668657945366,-0.652371062151611,1
0.3201283205735014,0.9660856756474364,1.5487692535218225,1.8901517329378323,0.1635272040511625,1.8889182005129952,1.743617942159836,-0.03662669743282,1.5544880736741444,1.816056527886144,0.045423585770381,1.253567368932961,0.4208573790559796,0.575670665024007,-1.0030969190222077,-1.004000208930906,-1.00744961801372,-0.3413315139857663,-1.0026668657945366,-0.652371062151611,1
-0.6683603888907552,-0.2615890633161365,1.1089537973313797,1.8656005786391008,0.5867350126983124,1.8672612189650548,0.8972509186409243,-0.7168643087243267,1.2609278186048334,0.8421926420696327,-0.5911546931670842,0.9838220780677188,0.4208573790559796,1.609021901564601,0.9968262956829548,0.9959719380284556,-0.4270055256413754,-0.2578894196033587,0.9964931084729888,-0.652371062151611,1
-0.0647543852773785,-0.5231474050147096,0.565404316776216,0.3927283619641921,0.5867350126983124,0.3930611844294825,0.2723943862327963,-0.4663934965131342,-0.1014622540406832,0.0326673707345775,0.0211168330403728,-0.0704622074964916,0.4208573790559796,0.7584848293462728,0.9968262956829548,0.9959876834067524,0.4970459391386781,-0.3484836935042584,0.9964931084729888,-0.9176380861639462,1
1.13111404697411,5.421413914985969,1.575529999859301,1.448531495024744,0.5867350126983124,1.4480742704100271,1.5799386371573938,-0.6402636624634132,0.6185161493135898,0.8826542456350939,1.8960748403015248,0.604873576081689,0.4208573790559796,2.489353033756528,0.9968262956829548,0.9960210135516432,0.891126710883113,-0.3413315139857663,0.9964931084729888,-0.652371062151611,1
-0.6672420082593911,-0.6391991917593468,-0.5479920883548114,-0.3091075468536887,-0.2596806045959874,-0.3077846150014824,-0.5960797977826882,-0.6798468051951159,-0.3950225091099945,-0.6557662899299317,-0.5761355742592259,-0.282362436080332,-2.376101857220821,-0.688597558191332,-1.0030969190222077,-1.0040002090054747,-0.0989284299526587,-0.3651721123807399,-1.0026668657945366,2.751889079340024,1
-0.6073287601505991,-0.5720423202421456,-1.051279135862516,-0.8635760622610429,-3.645343073773188,-0.8616086047881382,-0.8281499011346156,-0.562390137768254,-0.8214406573949561,-0.8155603040109187,-0.5327060573635332,-0.3526393757596571,0.4208573790559796,-0.802057193047084,-1.0030969190222077,-1.0040002089809916,1.9277726818758625,-0.3413315139857663,-1.0026668657945366,-0.652371062151611,1
0.0254350242090563,-0.4671833454170419,-0.6146369998977809,-0.4288888479908317,0.5867350126983124,-0.4357545548762173,-0.6286235001177932,-0.1329229970623972,-0.4367892120670102,0.1352873797774132,0.106124693269283,-0.3031455338231547,-2.376101857220821,-0.4121821250359265,0.9968262956829548,0.9960310721672362,0.2349725195056797,-0.3538478281431275,0.9964931084729888,0.76238639924751,1
2.458472087741694,0.5030567193972597,1.379031771423169,-0.3448383722597964,-1.5293040305374377,-0.343473906160319,1.2752450093690662,0.5445941508967374,0.1145312669655987,1.320401884209247,2.4993619672789484,-0.2542622538187286,0.4208573790559796,0.2031537621985166,-1.0030969190222077,-1.0040002090328035,-0.9996844796542236,1.9503460067310705,-1.0026668657945366,-0.652371062151611,1
0.0711288614333617,-0.3852990897951913,-0.8693059023489915,-0.7042035115104729,0.5867350126983124,-0.7021088284604656,-0.7655523088153476,-0.3184553176323454,-0.6419432792106381,-0.8173195041659389,0.1437773557429564,-0.3480553251474896,0.4208573790559796,-0.6344656056955944,0.9968262956829548,0.9960035616113224,1.892829559258129,-0.3770924115782267,0.9964931084729888,-0.1660481847956632,1
-0.4393320124535462,-0.6026752791798163,-1.0089203475176554,-0.7980004312956283,0.5867350126983124,-0.7959666732149056,-0.8149801939405388,-0.6849418578119886,-0.7478517045659282,-0.8143875039075721,-0.266249104952139,-0.3518610390270204,0.4208573790559796,-0.6988978647643722,0.9968262956829548,0.996075573489483,1.918066258926492,-0.4098732343713154,0.9964931084729888,-0.652371062151611,1
-0.7942580942500301,-0.3758735639682157,-0.860656552921117,-0.7647102559814943,0.5867350126983124,-0.7627730716122372,-0.7624396695531727,2.5479084935878373,-0.7253275183283947,-0.7249614960273867,-0.7552626832426197,-0.3508774203631702,-2.376101857220821,-0.6270952219783495,0.9968262956829548,0.9959605401133548,-0.7512000521503438,-0.3413315139857663,0.9964931084729888,1.292920447272181,1
-0.7019916921624905,-0.3240331719198499,-0.8548846400086291,-0.6985169748273151,0.5867350126983124,-0.6963983395456507,-0.760054794673649,-0.4360738145297713,-0.681223868896403,-0.784774301298068,-0.6863276017798556,-0.3477216567506034,0.4208573790559796,-0.6255977058520542,0.9968262956829548,0.9960206463633668,-0.574543154471804,-0.3592119627819966,0.9964931084729888,-0.8734269154952237,1
-0.7980925421289928,-0.4807325387933194,-0.9779999619239556,-0.8001594948484256,0.5867350126983124,-0.8132794634943072,-0.8009442124402977,-0.6108413105926537,-0.755459211175956,-0.7371292970996086,-0.7524154023572104,-0.3522199504804809,-2.376101857220821,-0.6790394987417598,0.9968262956829548,0.9960593083222468,-0.7589651905098399,-0.3866286509362162,0.9964931084729888,2.751889079340024,1
-0.150470272238357,2.057679385484049,-0.4923666680592929,-0.5927635497116924,0.5867350126983124,-0.590404358860854,-0.5866885708731264,-0.2070959756683885,-0.5887404552058679,-0.6582584901495434,-0.4444209913357656,-0.3394407648622093,0.4208573790559796,-0.3931441374129368,0.9968262956829548,0.9959628436055042,-0.3008220272995613,-0.3413315139857663,0.9964931084729888,0.3202746925602845,1
-0.1701218176180407,-0.4919253507128529,0.8610739600037924,1.0674806867254756,0.5867350126983124,1.0685354225889634,0.5904399708347617,-0.3289466147697978,1.3384945526678629,0.6177480222916594,-0.0426792554766169,0.3184832320632665,0.4208573790559796,1.2061119323149947,0.9968262956829548,0.996000903721208,-1.061805586530194,-0.3413315139857663,0.9964931084729888,-0.652371062151611,1
-0.7998499974068507,-0.6368428103026028,-1.0142976253737108,-0.8039932613263804,0.5867350126983124,-0.8018677941952453,-0.8166363862408421,-0.2150669604969314,-0.7556083779722311,-0.7872665015176799,-0.7143255648455058,-0.3518908465062367,0.4208573790559796,-0.6995359368529677,0.9968262956829548,0.9960269196665732,0.2640917883537906,-0.3890127107757135,0.9964931084729888,0.8065975699162331,1
0.5267092000526162,-0.3976700924430968,-0.3705755974487507,0.1211628547352403,0.5867350126983124,0.1182957258918223,-0.4729962833038403,-0.4500553904433835,0.2291908110356921,0.245823789517839,0.6346639327132155,-0.125907685404883,0.4208573790559796,-0.1886225001990678,0.9968262956829548,0.9959933985196724,0.9571303869388312,-0.3413315139857663,0.9964931084729888,-0.652371062151611,1
-0.6597328811630891,-0.6368428103026028,1.2454351688454677,0.8407545662760927,0.5867350126983124,0.8410043406264138,1.0920525224539273,-0.6220053179424131,1.3384945526678629,-0.3669642644808084,-0.5781684493976038,0.1688007039115339,0.4208573790559796,1.7965109205767806,0.9968262956829548,0.9960057827362874,1.4424515344073467,-0.0033910317370156,0.9964931084729888,-0.1660481847956632,1
-0.7881868851083392,-0.4341940050226273,-0.8724093787254751,-0.6875600302884959,0.5867350126983124,-0.6855689380241952,-0.7661415245710651,-0.3820984523904287,-0.6349821620511354,-0.7868267014789248,-0.7512434981990139,-0.3470519012792671,-2.376101857220821,-0.6340489055561036,0.9968262956829548,0.9959749050929156,-0.7803193209984548,-0.3890127107757135,0.9964931084729888,1.292920447272181,1
0.8400954298270045,0.0205876161289457,1.808319268013584,3.402075849319824,0.5867350126983124,3.408667352620413,1.929246301208308,-0.1275262807204257,4.459561153396296,1.1081250655034958,0.9223088883868644,2.9386641183406503,0.4208573790559796,2.969079069345407,0.9968262956829548,0.9960236573845734,-0.9996844796542236,-0.3413315139857663,0.9964931084729888,-0.652371062151611,1
0.0258344458631149,-0.4683615361454139,-1.051279135862516,-0.8635760622610429,-3.645343073773188,-0.8616086047881382,-0.8281499011346156,-0.5413856255243571,-0.8214406573949561,-0.8155603040109187,0.1155858068765708,-0.3526393757596571,0.4208573790559796,-0.802057193047084,-1.0030969190222077,-1.004000209027209,2.261673631334201,-0.3413315139857663,-1.0026668657945366,-0.652371062151611,1
0.4965129230057851,-0.3311023162900816,-0.4247458911367115,-0.0342448475314803,-0.6828884132431379,-0.0332414217413219,-0.4157954402849683,0.0056406683593239,-0.085004184185002,0.484342010535973,0.6429192833330661,-0.0290923039877193,0.4208573790559796,-0.4860292028813264,-1.0030969190222077,-1.0040002089963698,0.2796220650727833,-0.3413315139857663,-1.0026668657945366,-0.1660481847956632,1
-0.6313739437249276,0.109541016121028,-0.7004455760572921,-0.7174356012794151,0.1635272040511625,-0.7156380204878835,-0.6876335961019543,-0.375818955590868,-0.7151841761816908,-0.6396402885089146,-0.7265482284835917,-0.3479507911923068,0.4208573790559796,-0.7203839657068709,-1.0030969190222077,-1.0040002089154905,0.1398495746018508,-0.3413315139857663,-1.0026668657945366,1.292920447272181,1
1.629192849585201,1.0338316425288236,0.1242025142882979,0.2271522238906341,0.5867350126983124,0.2222261613083389,-0.1410382860853797,0.8141978511822762,-0.1014622540406832,-0.5505074806545659,1.3798179845940517,-0.1415455830606143,0.4208573790559796,0.1880744259006904,0.9968262956829548,0.9960546666725052,0.6523487063286031,-0.3770924115782267,0.9964931084729888,-0.1660481847956632,1
-0.4696880581620008,0.6591669909065432,-0.7227657274129232,-0.668504850416694,0.1635272040511625,-0.6667641477376157,-0.7004834868860875,0.4548292914729975,-0.6728208060395748,-0.6943220933274543,-0.6986452644730513,-0.344601530879936,0.4208573790559796,-0.7377030652544607,-1.0030969190222077,-1.0040002088386994,-0.7046092219933662,-0.3314972671478398,-1.0026668657945366,-0.1660481847956632,1
0.2375279225141801,-0.3858881851593773,1.737809768397453,-0.0398069626902459,-0.6828884132431379,-0.0387970713828842,1.8257631352069283,-0.4549850786599341,0.4025226283073078,1.944038339163852,0.4402380144488547,-0.1790109936746301,0.4208573790559796,0.5366961801022503,-1.0030969190222077,-1.0040002090348334,-0.9996844796542236,3.9738167955044537,-1.0026668657945366,-0.652371062151611,1
-0.2222862856380957,1.4202782014348236,-0.4938834321982294,-0.5127000878007546,0.5867350126983124,-0.5107550053782179,-0.5887584590299941,-0.0695712973805408,-0.5330515179298468,-0.6965210935212294,-0.4731911300413373,-0.330561106291063,-2.376101857220821,-0.3950062661612867,0.9968262956829548,0.99596287030091,-1.0190973255529645,-0.4098732343713154,0.9964931084729888,1.7792433246281287,1
-0.3107182398466727,0.037082286326153,-0.1057470149142647,-0.1490147392721184,0.1635272040511625,-0.1478779025962995,-0.2775194570834214,-0.1886987848649033,-0.3600180342507812,0.2789553924373832,-0.3675177987250526,-0.2107112502515033,0.4208573790559796,-0.452862476153724,-1.0030969190222077,-1.0040002089245847,-0.9045615347503946,-0.2847100927977041,-1.0026668657945366,-0.6965822328203334,1
-0.5861594124854925,0.3599065459000676,-0.8097177258484857,-0.7410860893195509,0.1635272040511625,-0.7392610167136777,-0.73883458821998,7.708133191436479,-0.7485478162818785,-0.7283332963245084,-0.7324760648814743,-0.3496424991865915,-2.376101857220821,-0.7582515908831049,-1.0030969190222077,-1.0040002086867936,-0.6910202298642477,-0.3711322619794833,-1.0026668657945366,0.8065975699162331,1
1.3112532129545449,0.0641806730787079,-0.1404296743960191,0.1678265517087044,0.5867350126983124,0.1707727666184217,-0.3107473463909336,0.2634116920684287,0.2173071895991126,0.9021520473532326,1.2878807243649988,-0.0959025002499772,0.4208573790559796,0.0630774059327845,0.9968262956829548,0.9960402648126868,-0.8909725426212763,-0.3592119627819966,0.9964931084729888,0.3202746925602845,1
-0.7386586000050711,-0.633308238117487,2.047468905090392,0.348662803993877,0.1635272040511625,0.3492211300445342,2.345754758281444,-0.6872821889133077,0.6905139896490171,2.156315157869603,-0.6233634837447131,-0.0491025074216868,0.4208573790559796,0.6309745866620625,-1.0030969190222077,-1.0040002090330318,-0.6735486685553813,3.542301964555432,-1.0026668657945366,-0.652371062151611,1
-0.3408346325626921,0.1372284982377689,2.6052544222294878,1.341801993794883,0.5867350126983124,1.3396720404897164,3.363748424732616,-0.7148831407946953,1.3384945526678629,4.066806526221368,-0.0985982704924902,0.5162173031405789,0.4208573790559796,4.9950751475500805,0.9968262956829548,0.9960210081573106,-1.135574400945408,-0.3890127107757135,0.9964931084729888,-0.652371062151611,1
5.182367999759815,1.022049735245104,-0.8172730369934132,-0.5409910937093653,0.5867350126983124,-0.5387131738001526,-0.7447862813792906,1.3033729988612823,-0.4510097799785657,-0.8155603040109187,5.206303387022016,-0.3338187943410968,0.4208573790559796,-0.6073800966286871,0.9968262956829548,0.9960276684106876,2.24226078543546,-0.3413315139857663,0.9964931084729888,-0.652371062151611,1
-0.0660325345703661,-0.4506886752198346,0.0036557020402175,0.5775669379698779,0.5867350126983124,0.5806669865558842,-0.2498959063767203,-0.5062618291614502,0.6185161493135898,-0.8155603040109187,0.0843803737464595,0.0221355038171057,0.4208573790559796,0.0381144632014088,0.9968262956829548,0.9960212587381024,2.24226078543546,-0.3413315139857663,0.9964931084729888,-0.652371062151611,1
4.087233708661908,0.7251456716953724,0.4981411038104851,0.1447287570397226,0.1635272040511625,0.1455241402262533,0.3388696280207426,1.295110214227604,-0.0982800290534819,1.3110194833824735,4.072939246753429,-0.1163433471640841,0.4208573790559796,-0.0820774832829927,-1.0030969190222077,-1.004000208869962,-1.1549872468441489,-0.3478876785443841,-1.0026668657945366,-0.4313152088079983,1
-0.2424171370026497,-0.2792619242417158,-1.0103635418926793,-0.8200371518199732,0.5867350126983124,-0.8180257026042478,-0.8154536810955074,-0.4272110425024462,-0.7766906185124391,-0.7943033021377599,-0.2407416717962575,-0.3522982961661585,0.4208573790559796,-0.6989890179198859,0.9968262956829548,0.9959896014069926,0.4892808007791818,-0.3449076037450124,0.9964931084729888,-0.9176380861639462,1
-0.3049665680282287,0.663879753820031,-0.552884105188511,-0.4941206751384867,0.1635272040511625,-0.4925826802159136,-0.5916171037083495,-0.0685090540605369,-0.4745781337900246,0.116522578123866,-0.5282895355953292,-0.2485653936504258,0.4208573790559796,-0.6554308314637295,-1.0030969190222077,-1.0040002085737934,-0.2814091814008207,-0.2704057337607199,-1.0026668657945366,0.3202746925602845,1
-0.0053204431534568,0.6314795087898023,0.3523253104514799,0.6468000935199603,-0.2596806045959874,0.6470118586456134,0.1787911749265119,-0.1944566855297343,0.3305247879718807,0.0097977687193169,-0.1790927413092766,0.1647259946253138,0.4208573790559796,-0.2737595474487989,-1.0030969190222077,-1.004000208901945,0.6135230145311219,-0.3413315139857663,-1.0026668657945366,-0.652371062151611,1
-0.4429268073400737,-0.5973734209021425,-1.042894290744772,-0.8554405900589113,-1.9525118391845877,-0.8534825894264313,-0.8255758235999605,-0.6430238979251488,-0.8142806511737534,-0.8102827035458586,-0.3444499203761978,-0.3526096872249865,0.4208573790559796,-0.8001820424193751,-1.0030969190222077,-1.0040002090258109,2.0597800339872983,-0.3413315139857663,-1.0026668657945366,-0.1660481847956632,1
-0.6027753532943309,-0.585591513618423,-0.4220031367838389,0.1826592052858683,0.5867350126983124,-0.0159533866367944,-0.4408914469996096,-0.5993290292700268,0.3337070129590817,1.74143712131071,-0.5337813928520191,-0.1750987198844601,0.4208573790559796,-0.1056731286816639,0.9968262956829548,0.9960057849810624,-1.00744961801372,-0.3890127107757135,0.9964931084729888,0.3202746925602845,1
1.7042042362174086,0.2149890863103176,0.3896064265524198,0.2317857116643471,0.1635272040511625,0.2324798980540242,0.1561628462721918,0.0075560025015196,-0.1734600943761104,0.0335469708120875,1.700822557321747,-0.1138243026520003,0.4208573790559796,-0.3306651602480225,-1.0030969190222077,-1.0040002090370086,0.9454826793995864,-0.3413315139857663,-1.0026668657945366,-0.652371062151611,1
0.2331342843195353,1.766666275576177,-0.995050433822835,-0.8228550475707719,-1.1060962218902877,-0.8209349250439271,-0.8098242604922873,1.0784686003605168,-0.7909111864239945,-0.7651298995670109,-0.2437958428347308,-0.3521242458347313,0.4208573790559796,-0.7893738825513302,-1.0030969190222077,-1.004000208740434,0.3281541798196349,-0.3413315139857663,-1.0026668657945366,-0.1660481847956632,1
1.1979772318635222,2.32395049009611,0.8208729257584858,0.5730985653564982,0.5867350126983124,0.5755851751871875,0.5532895066426791,-0.7061437634479016,0.5668049932715701,0.4287806056399232,1.09472529700446,0.017903606693961,0.4208573790559796,1.1432553206486666,0.9968262956829548,0.9960019061255332,-0.3124697348388056,-0.2578894196033587,0.9964931084729888,-0.652371062151611,1
-0.715651912731295,-0.6427337639444626,-0.549312326996366,-0.4728777031356828,0.5867350126983124,-0.4702087336504094,-0.6085736609059867,-0.6618447505429444,-0.4503136682626154,-0.1085084417057808,-0.6135492815958525,-0.3120404341294087,-2.376101857220821,-0.3909564616806097,0.9968262956829548,0.996004242227594,-1.1239266934061638,-0.3556358730227505,0.9964931084729888,0.76238639924751,1
-0.2448935512578132,0.4659437114535432,1.6516634280242752,3.1099061043269773,0.1635272040511625,3.1072547043019543,2.006524904350872,0.1078111956692654,2.494935001922951,2.671027803225884,-0.3741515132318712,3.507241732072388,0.4208573790559796,0.8841329432821331,-1.0030969190222077,-1.004000208776426,-0.6366642613477741,-0.2876901675970758,-1.0026668657945366,-0.1660481847956632,1
0.2243470079302458,0.8070299273172231,-0.7551497308849859,-0.6663162470399069,0.5867350126983124,-0.6642852325376521,-0.7187006123433669,0.4851723380516851,-0.662826630689146,-0.7837481012076396,0.0462973378980241,-0.3456344742592854,0.4208573790559796,-0.5711141626136211,0.9968262956829548,0.9960106761261728,0.3786275791563604,-0.3770924115782267,0.9964931084729888,-0.652371062151611,1
-0.7778019221028153,-0.4742524897872736,-0.317477657980465,-0.0476192291088481,0.1635272040511625,-0.0466002566621203,-0.4172507194140381,-0.4555211450081227,-0.1418864558312235,-0.1455982449741199,-0.7168717039582657,-0.1285206527274668,0.4208573790559796,-0.534379440941628,-1.0030969190222077,-1.0040002089492053,0.6756441214070922,-0.3416295214657035,-1.0026668657945366,0.8065975699162331,1
-0.2690985034937652,-0.51431097455192,-0.8845922082013643,-0.5968067843364786,0.5867350126983124,-0.5940731021989248,-0.7679364743040102,-0.5162932110455527,-0.4935223169169568,-0.6380276883668129,-0.1835377403709477,-0.3306669731223763,0.4208573790559796,-0.6244778242271724,0.9968262956829548,0.9960582322765228,1.1978496760832145,-0.3481856860243212,0.9964931084729888,-0.3871040381392759,1
0.9555282878499438,-0.0736676421408103,-0.8097238306564645,-0.6246917401091613,0.5867350126983124,-0.6225327811539205,-0.7418295999615369,-0.098735059527501,-0.551945978791354,-0.8023663028482685,0.9589143936913094,-0.3423325148767317,0.4208573790559796,-0.6025620012658237,0.9968262956829548,0.995997780834923,1.935537820235358,-0.3413315139857663,0.9964931084729888,-0.652371062151611,1
-0.7395373276440002,-0.2686582076863681,-0.9564514785426552,-0.8233172132282959,0.1635272040511625,-0.8213965534705732,-0.7971022086872523,-0.370233910533351,-0.7878781282330684,-0.7929839020214949,-0.7354478685251946,-0.3523019968885806,0.4208573790559796,-0.7887488323420939,-1.0030969190222077,-1.0040002089757136,0.6601138446880995,-0.3279211773885937,-1.0026668657945366,-0.652371062151611,1
-0.7019916921624905,-0.3870663758877493,-0.9347209037309456,-0.6730820942545591,0.5867350126983124,-0.6904728442341919,-0.7768822190241321,-0.4139885306495381,-0.6360760518904859,-0.4015618675295359,-0.6739497705269719,-0.3404664862585728,-2.376101857220821,-0.6363147125645853,0.9968262956829548,0.9960094062574728,-1.015214756373216,-0.3890127107757135,0.9964931084729888,2.2655662019840763,1
-0.8335611850093977,-0.681614057980737,0.5971153234643712,0.8911131247428977,0.5867350126983124,0.8933924980064838,0.2983858264582167,-0.7102627527873339,0.6185161493135898,-0.5824662834707633,-0.7356682872612441,0.2009659112752123,0.4208573790559796,0.7693450767317539,0.9968262956829548,0.9959882328821772,0.5455780538855297,-0.3413315139857663,0.9964931084729888,1.292920447272181,1
1.8557448117672464,8.706798761051154,-0.6767343955117421,-0.5551977688634855,0.5867350126983124,-0.5531051486603517,-0.6827525378814036,1.174448828814754,-0.5201237289193419,-0.6213152868941226,0.4701756474430308,-0.3355549137455183,0.4208573790559796,-0.5143127248492702,0.9968262956829548,0.9959629890305152,-1.009390902603594,-0.4009330099732003,0.9964931084729888,-0.9176380861639462,1
0.0376573268232499,-0.4754306805156456,-1.0495986355015074,-0.8560297650372181,-2.375719647831738,-0.8596084593654563,-0.8264253688335792,-0.4504202944744254,-0.8116950933716525,-0.7879995015822715,0.1823256702051282,-0.3526369833314606,0.4208573790559796,-0.7131438007832168,0.9968262956829548,0.9959884056531192,1.6404625625745008,-0.3413315139857663,0.9964931084729888,0.3202746925602845,1
-0.3123958107937188,0.7604913935465308,0.260198330253764,-0.0246961870603093,0.1635272040511625,-0.0237038608297221,0.0139734382336559,-0.1720917559634199,-0.1014622540406832,-0.3165338600369006,-0.5561880149927251,-0.2115810498808985,0.4208573790559796,-0.4915504797295806,-1.0030969190222077,-1.004000208890183,-0.5803670082414264,0.1769034936249721,-1.0026668657945366,0.3202746925602845,1
-0.8555293759826214,-0.6727776275179475,-0.6400974183781932,-0.4352813218613364,0.5867350126983124,-0.4328346146494072,-0.6646810667956536,-0.7139147469191165,-0.3207374445650163,-0.7210032956785916,-0.76261176828953,-0.3194620079793014,0.4208573790559796,-0.4985822945834893,0.9968262956829548,0.9960001120073488,-0.5551303085730633,-0.3413315139857663,0.9964931084729888,0.8065975699162331,1
-0.4593030951564769,0.7587241074539732,-0.7976460534895381,-0.6105298399350616,0.5867350126983124,-0.6083135145377754,-0.7367837177856538,0.0280759102856156,-0.5643765451476087,-0.711181094813063,-0.7109328055146268,-0.3410869548914204,0.4208573790559796,-0.5899307782875063,0.9968262956829548,0.9960702196830096,-0.5958972849604188,-0.3592119627819966,0.9964931084729888,0.0550076685479494,1
-0.8294870841379999,-0.582646036797493,-0.2190018866261122,0.3064730874782735,0.5867350126983124,0.3104398534907942,-0.3912309750722041,-0.6800131018267277,0.297658370525943,0.0785531747780168,-0.7579515077969254,-0.0320496818299285,0.4208573790559796,-0.0845255966025016,0.9968262956829548,0.9960365962718564,0.3068000493310204,-0.3556358730227505,0.9964931084729888,-0.652371062151611,1
1.445379004387427,-0.032430966647792,1.8052580916927337,0.5896336271598124,0.5867350126983124,0.5926310668374019,1.9209769903426972,0.0684125697751652,1.3384945526678629,1.7317615204581,1.4459437548960294,0.0270553168686277,0.4208573790559796,2.998456429179514,0.9968262956829548,0.9960011422724548,-0.9996844796542236,3.9738167955044537,0.9964931084729888,-0.652371062151611,1
-0.5799284346821781,-0.6274172844756273,1.4386849188952762,0.5780684575530762,0.5867350126983124,0.58220641873473,1.360535350209584,-0.5868480244552022,0.6185161493135898,1.3039826827623937,-0.4313229312118837,0.0228578908752977,0.4208573790559796,2.2421456760035614,0.9968262956829548,0.9960324631633536,-1.1239266934061638,-0.3764963966183524,0.9964931084729888,-0.4313152088079983,1
-0.8553696073209979,-0.681024962616551,-0.5003216984340598,-0.5373836552118364,0.1635272040511625,-0.5357953705102946,-0.5839757923487999,-0.6365760148738399,-0.5087870524024376,-0.5011032763010865,-0.761935040166033,-0.3142799803040448,0.4208573790559796,-0.6678797481310196,-1.0030969190222077,-1.0040002090080309,1.2483230754199406,-0.2304727314491391,-1.0026668657945366,0.8065975699162331,1
-0.4817505921145709,0.6350140809749183,-0.9200653859263264,-0.733181038924292,0.5867350126983124,-0.731159560247784,-0.7848036530934901,0.1927184203670943,-0.6767488650081512,-0.7778841006909062,-0.7070740948780397,-0.3495812689092859,0.4208573790559796,-0.6572148289359249,0.9968262956829548,0.9960659188380088,-0.6949027990439959,-0.3627880525412426,0.9964931084729888,-0.1660481847956632,1
-0.7118174648523323,-0.6291845705681852,1.4071184052979329,-0.7950954291453384,-3.2221352651260378,-0.793207574970616,1.313951785045177,-0.700251926515386,-0.1014622540406832,1.1154550661494125,-0.5670085643311996,-0.3442528241581055,0.4208573790559796,0.2179726609091613,-1.0030969190222077,-1.0040002090320372,-0.628899122988278,3.5840230117466354,-1.0026668657945366,-0.1660481847956632,1
-0.7678962650821617,-0.3717498964189139,-0.8967749900914164,-0.7986721535934957,0.1635272040511625,-0.796780141760618,-0.7753801268829082,-0.5816210760335758,-0.7766906185124391,-0.7375690971383636,-0.7492243011307266,-0.3517941186261746,-2.376101857220821,-0.7741252618218357,-1.0030969190222077,-1.0040002087156008,-0.4541835098996123,-0.3365633943067717,-1.0026668657945366,1.292920447272181,1
-0.047339601160423,2.204364131166357,-0.7917854447165747,-0.6688348742509754,0.1635272040511625,-0.6670937879453958,-0.7255627932610836,1.7131336000719797,-0.650097730740341,-0.5502142806287292,-0.6431492232202517,-0.3327869128307319,0.4208573790559796,-0.7355023676427744,-1.0030969190222077,-1.004000208844975,-0.0756330148741702,-0.3484836935042584,-1.0026668657945366,-0.9176380861639462,1
-0.0228949959320358,-0.5213801189221517,0.0568907835896752,0.5596967181761024,0.5867350126983124,0.5627059329494927,-0.2069661381194871,-0.4920942643274926,0.6185161493135898,-0.8155603040109187,0.0731538921748602,0.0126621019716053,0.4208573790559796,0.0941085444454962,0.9968262956829548,0.995992658683439,2.261673631334201,-0.3770924115782267,0.9964931084729888,-0.652371062151611,1
-0.8583253275610317,-0.6857377255300389,-0.8401561682264709,-0.7258423334813867,0.5867350126983124,-0.7237170474495442,-0.7536710698007112,0.1667227198535583,-0.6991238844494098,-0.8076439033133286,-0.7555905832070313,-0.3492229643863271,-2.376101857220821,-0.6189174817408408,0.9968262956829548,0.9960125041471992,0.2543853654044203,-0.3890127107757135,0.9964931084729888,1.0276534232598458,1
-0.2162150764964047,-0.5272710725640114,-0.9767016681673456,-0.7909409345598905,0.5867350126983124,-0.7889091034432675,-0.804388773587589,-0.6254749919492127,-0.7478517045659282,-0.8155603040109187,-0.0614054303532276,-0.3516861419570609,0.4208573790559796,-0.6851207164024549,0.9968262956829548,0.9960091969066688,2.261673631334201,-0.3413315139857663,0.9964931084729888,-0.652371062151611,1
0.3019945774792403,-0.489568969256109,0.634409642187986,0.3617102696861803,0.5867350126983124,0.3612052917526399,0.3336248855042671,0.0440102443364187,-0.1014622540406832,0.5824174191783402,0.4555043850280768,-0.084582622849251,0.4208573790559796,0.8654205026431208,0.9968262956829548,0.9960180716217476,-0.6754899531452553,-0.3675561722202373,0.9964931084729888,0.3202746925602845,1
-0.7453688837932558,-0.298702071259853,-1.0503873689396237,-0.8126281239772595,0.1635272040511625,-0.8107198894370068,-0.8268935484614369,0.8518466767513002,-0.7852428481655425,-0.7979683024607184,-0.733846861632627,-0.3518254156397031,-2.376101857220821,-0.797160966408066,-1.0030969190222077,-1.0040002088871745,-1.129750547175786,-0.3890127107757135,-1.0026668657945366,3.01715610335236,1
-0.0380730187862631,-0.2197632924589322,1.3916506771552166,0.9358024241254989,0.5867350126983124,0.9364496729104014,1.298634068223013,-0.4211093481929043,0.6185161493135898,-0.409478268227126,0.0708876676658663,0.2307376220095038,0.4208573790559796,2.0650741604786544,0.9968262956829548,0.995978601590476,1.203673529852837,-0.3413315139857663,0.9964931084729888,-0.652371062151611,1
-0.4233551462912017,-0.5673295573286578,0.5882054469637977,0.1111958941279132,-0.2596806045959874,0.112030256604848,0.3396660447190741,-0.6039810135101125,-0.1014622540406832,0.0326673707345775,-0.3349983739436183,-0.1400290220979703,0.4208573790559796,-0.3499114979407577,-1.0030969190222077,-1.004000208997215,0.1631449896803396,0.5127579235141626,-1.0026668657945366,-0.9176380861639462,1
-0.0608400530676041,1.4049617219659882,0.6511465167992189,2.1163103840266504,0.5867350126983124,2.120640952802745,0.3642238215812668,0.6797791897953719,2.6064123210058434,0.0479137720780845,-0.442996827688194,1.2510611834465044,0.4208573790559796,0.8806300577345378,0.9968262956829548,0.996001651528314,0.706704674845077,-0.3413315139857663,0.9964931084729888,0.3202746925602845,1
-0.7110985058750269,-0.682203153344923,0.6299050109327005,0.3698139552988341,0.5867350126983124,0.3708049395860502,0.3402536717863714,-0.6819846687396643,-0.1014622540406832,0.4821430103421979,-0.5996985538992275,-0.080367237432921,0.4208573790559796,0.8776610692406654,0.9968262956829548,0.9959791847872356,0.3495083103082495,-0.3413315139857663,0.9964931084729888,-0.1660481847956632,1
-0.4823896667610648,0.0912790598312628,-0.6169475526913999,-0.679115415863145,0.1635272040511625,-0.677362379244284,-0.6438475609694583,-0.1027455984157704,-0.657357181492394,-0.7234954958982033,-0.5773914901703284,-0.3457783780737652,0.4208573790559796,-0.737598890219588,-1.0030969190222077,-1.0040002089097242,0.7727083509007953,-0.2149763424924063,-1.0026668657945366,0.5855417165726204,1
-0.2895488921815661,1.3755069537566895,-0.6615938212361965,-0.7786984348167107,0.1635272040511625,-0.7768296408458658,-0.6745364986172753,0.7745438386829981,-0.7430783670851264,-0.6874318927202925,-0.6897776146718787,-0.3511654977762493,-2.376101857220821,-0.7328589261328793,-1.0030969190222077,-1.0040002087768918,0.3533908794879974,-0.2704057337607199,-1.0026668657945366,2.751889079340024,1
-0.4696081738311892,-0.5414093613044748,-0.8157553826120547,-0.6072185088302627,0.5867350126983124,-0.6049233258521185,-0.7436732212961737,-0.0645345680323524,-0.5254937335852439,-0.7114742948388997,-0.3643613785068859,-0.3395515907067852,0.4208573790559796,-0.6002050411018285,0.9968262956829548,0.9959962716500018,0.8600661574451282,-0.3770924115782267,0.9964931084729888,0.8065975699162331,1
-0.6511053734354231,-0.6421446685802766,1.2674869713428536,1.1228340410188176,0.5867350126983124,1.1237791641015853,1.12478071884214,-0.6812919739288126,1.3384945526678629,-0.5028624764561065,-0.5453968398703468,0.3550511176766611,0.4208573790559796,1.8322690012968417,0.9968262956829548,0.9959939511729384,0.8697725803944985,-0.3306032447080282,0.9964931084729888,-0.4313152088079983,1
-0.2738116790116568,-0.5237365003788955,1.1784269136465328,-0.0853738113305969,-0.2596806045959874,-0.0843109521799995,1.0021698129767636,-0.5715235153837923,-0.1014622540406832,0.8864658459709704,-0.1268828750816231,-0.2150289391472557,0.4208573790559796,0.0650957972334435,-1.0030969190222077,-1.0040002090150386,-1.1239266934061638,0.5073937888752935,-1.0026668657945366,-1.1386939395075588,1
0.3044709917344037,-0.1720465679598682,1.009172646426974,1.2431960434196505,0.5867350126983124,1.2452830253368117,0.7834686721358898,-0.1563744922317398,0.6185161493135898,-0.8023663028482685,0.3464394155341991,0.4433393510432154,0.4208573790559796,1.3866602896287787,0.9968262956829548,0.9959881456573204,1.918066258926492,-0.3413315139857663,0.9964931084729888,-0.652371062151611,1
1.7644370216494478,0.3174916796786774,-0.9293922638077364,-0.791357858337167,0.1635272040511625,-0.7894743487917214,-0.7870503209896705,0.5751079467842654,-0.774005616179488,-0.7918111019181481,1.814553243587555,-0.3515927298828069,0.4208573790559796,-0.7838005181856397,-1.0030969190222077,-1.0040002090115965,0.935776256450216,-0.3675561722202373,-1.0026668657945366,0.3202746925602845,1
-0.293622993052964,-0.3246222672840358,-0.2669350631850898,-0.0847817880171898,0.5867350126983124,-0.0916977458852086,-0.3923805884364907,-0.3116139548519855,-0.1482509058056259,1.0002274559955997,-0.2392730357350035,-0.2027898322084965,0.4208573790559796,-0.0505384914752765,0.9968262956829548,0.9960474348976284,-0.665783530195885,-0.3770924115782267,0.9964931084729888,-0.1660481847956632,1
0.2718781847632208,1.6205706252580554,0.7446529773907706,1.0423289955773718,0.5867350126983124,1.0313631361214015,0.4771811731779833,-0.7133892146967195,0.5668049932715701,0.6375390240356348,0.3865678086942644,0.2907417455064032,0.4208573790559796,1.046007925594982,0.9968262956829548,0.9960019085738766,-0.4270055256413754,-0.2578894196033587,0.9964931084729888,-0.652371062151611,1
-0.8115929940361739,-0.5243255957430816,-0.9341226147931716,-0.6857073213155633,0.5867350126983124,-0.6835641113098815,-0.7897478319935511,-0.3335168128314633,-0.6225515956948807,-0.79606250229278,-0.7230030670493538,-0.346923602730365,-2.376101857220821,-0.6646893876880425,0.9968262956829548,0.9959853475870736,-0.0931045761830366,-0.4009330099732003,0.9964931084729888,2.2655662019840763,1
-0.8132705649832201,-0.464826963960298,-0.8700195717747469,-0.692884998396757,0.5867350126983124,-0.6908330700144745,-0.7653424569237274,2.699729235839279,-0.6498988416786411,-0.7484174980943205,-0.7571650561384943,-0.3473987126530765,0.4208573790559796,-0.630337669938763,0.9968262956829548,0.9959573993171338,0.2175009581968133,-0.4009330099732003,0.9964931084729888,0.8065975699162331,1
-0.7471263390711138,-0.2904547361612493,-0.9672499171930656,-0.8155852571812726,0.1635272040511625,-0.8136735852084863,-0.8007430722903063,-0.4327344053618722,-0.7850936813692674,-0.7792035008071713,-0.7475948916882441,-0.3521376993272752,0.4208573790559796,-0.7875638413204167,-1.0030969190222077,-1.0040002088419748,-0.6929615144541219,-0.3413315139857663,-1.0026668657945366,-0.652371062151611,1
-0.7861098925072344,-0.441263149392859,-0.9881344613249972,-0.7726388068714396,0.5867350126983124,-0.7705528022545121,-0.8079449303079992,-0.3007209393256251,-0.7430783670851264,-0.7844811012722313,-0.7347617227140942,-0.3511390999043128,-2.376101857220821,-0.6875688297219639,0.9968262956829548,0.9960329494745308,-0.3105284502489316,-0.4009330099732003,0.9964931084729888,2.0002991779717414,1
-0.5384684669908941,0.4771365233730767,-0.8134684295101053,-0.7660739754959757,0.5867350126983124,-0.7640137866618751,-0.7433685318978792,0.6113639525321969,-0.7438739233319267,-0.7495902981976672,-0.720567548394157,-0.3509298934915581,0.4208573790559796,-0.6026401325419782,0.9968262956829548,0.9960755561407718,-0.5318348934945748,-0.3484836935042584,0.9964931084729888,-0.4313152088079983,1
0.9071183833780396,-0.0866277401529018,1.5853281569793083,1.1726443690527577,0.5867350126983124,1.177293898802077,1.5859202161457644,-0.088707323176869,1.3384945526678629,0.4736402095929343,0.9924880015358982,0.3938305207383724,0.4208573790559796,2.4801595869290103,0.9968262956829548,0.9960277217753158,-0.0271009001273186,-0.3413315139857663,0.9964931084729888,-0.652371062151611,1
-0.1092499575395081,0.3657974995419273,0.0684362563654767,-0.0169699286720147,0.1635272040511625,-0.0159865836032878,-0.1335693899634282,-0.0282251696590071,-0.1014622540406832,-0.5339416791947939,-0.2164429166263569,-0.205846748952388,0.4208573790559796,-0.5785626776070206,-1.0030969190222077,-1.0040002088303297,0.0156073608499107,0.1092557956792345,-1.0026668657945366,-0.6081598914828886,1
0.2233085116296935,-0.225654246100792,1.0413091086589004,1.0394054550652605,0.5867350126983124,1.042982727763857,0.8292360276644025,-0.3666497634399105,1.3384945526678629,-0.178729847893664,0.262692553777955,0.2978932979354239,0.4208573790559796,1.4711462429105553,0.9968262956829548,0.996024159470283,0.9493652485793348,-0.3413315139857663,0.9964931084729888,-0.652371062151611,1
1.9825212447654508,0.0753734849982415,1.296635620399552,-0.3192468988996033,-1.5293040305374377,-0.317912180855775,1.1623636055020898,0.573517931077786,0.0425334266301713,1.141403268435958,2.0501343819349547,-0.2435939361773501,0.4208573790559796,0.1214544910995854,-1.0030969190222077,-1.0040002090255613,-0.2581137663223319,2.036768175912849,-1.0026668657945366,-0.1660481847956632,1
2.660419676033729,0.2680076690870555,-0.4005730272293726,-0.0243421230740959,0.5867350126983124,-0.0216573023332949,-0.5328330301929971,0.5137020306221689,-0.1114067071256869,-0.8155603040109187,2.7231200210194326,-0.2254367433293928,0.4208573790559796,-0.3309255978352043,0.9968262956829548,0.9960469561798192,2.24226078543546,-0.3413315139857663,0.9964931084729888,-0.652371062151611,1
-0.8260520579130959,-0.5726314156063316,-0.1619820818099605,0.6185614146080698,0.5867350126983124,0.6218917072743309,-0.3749544183371335,-0.2282688939146967,0.7746440627481489,-0.8129215037783888,-0.7219227237428565,0.0443819043419636,-2.376101857220821,-0.1250236414092718,0.9968262956829548,0.9959847658727632,-0.6463706842971444,-0.3890127107757135,0.9964931084729888,2.751889079340024,1
-0.7226018495119149,-0.2144614341812585,-0.691145363384934,-0.7660095113275737,0.1635272040511625,-0.7641554672227006,-0.688107097936956,-0.2671136721582376,-0.7395978085053752,-0.6974006935987394,-0.7411518479836169,-0.3506406587236466,-2.376101857220821,-0.741205950802056,-1.0030969190222077,-1.0040002086238424,0.2893284880221537,-0.2823260329582067,-1.0026668657945366,1.0718645939285685,1
0.1849640328400666,0.9566601498204608,1.013486548796512,0.903118141121995,0.5867350126983124,0.9029800345202996,0.7758746445127469,-0.7109327167796884,0.5668049932715701,0.4123614041930696,0.2592170533345608,0.2058973341718394,0.4208573790559796,1.4471338973723933,0.9968262956829548,0.9959719465346284,-0.4270055256413754,-0.3413315139857663,0.9964931084729888,-0.652371062151611,1
-0.1686838996634297,-0.4630596778677401,-0.9939845338114334,-0.8017616379178102,-1.9525118391845877,-0.7998660348047307,-0.8089084760725083,-0.5400857426670634,-0.7671439435508355,-0.7772977006392329,-0.0994029595777088,-0.3509258000060447,0.4208573790559796,-0.7880716946154213,-1.0030969190222077,-1.0040002090007318,1.021192778404675,-0.3449076037450124,-1.0026668657945366,-0.6965822328203334,1
-0.6121218199993025,0.1755196969098574,-0.507820726920403,-0.6212208134350996,0.1635272040511625,-0.6195350746943473,-0.5833825673549667,0.7666903092911963,-0.6071376934131248,-0.6616302904466652,-0.7234302264513625,-0.3407631069942556,-2.376101857220821,-0.7128963850753941,-1.0030969190222077,-1.0040002084145656,0.3145651876905161,-0.1938178114168672,-1.0026668657945366,0.3202746925602845,1
2.213786382465388,0.3952522677512261,2.2161397619655423,1.8478986333682512,0.5867350126983124,1.850970092443736,2.6247892507069825,0.4052979250483295,2.058472956022136,1.7317615204581,2.324537844607652,0.9714329384533376,0.4208573790559796,3.9412404947776367,0.9968262956829548,0.99601949975011,-0.6832550915047516,-0.3413315139857663,0.9964931084729888,-0.652371062151611,1
-0.4565071435780666,-0.4176993348254199,-0.965765616700752,-0.7951243712667582,-1.5293040305374377,-0.7932364834491179,-0.7981073856090979,-0.4824444687621373,-0.7602822709221829,-0.7410874974484036,-0.4097526894226171,-0.3504907178513832,0.4208573790559796,-0.7795553855145763,-1.0030969190222077,-1.004000208949657,1.3648001508123844,-0.3413315139857663,-1.0026668657945366,-0.1660481847956632,1
-0.2181323004358861,-0.0936968845231335,-0.5634843939203282,-0.6287390028911156,-0.2596806045959874,-0.6270445248521146,-0.6234687362786714,-0.2820310722264745,-0.6066404707588747,-0.6500488894261166,-0.2352362112130294,-0.3383670915826887,0.4208573790559796,-0.7068672549321354,-1.0030969190222077,-1.004000208955251,0.29709362638165,-0.2370288960077569,-1.0026668657945366,-0.652371062151611,1
-0.5407052282536223,-0.6079771374574902,-1.0558880269323565,-0.8574400389807914,0.1635272040511625,-0.8554647874362623,-0.8295301479313547,-0.5918784963544754,-0.8214406573949561,-0.8179059042176121,-0.3932732309878221,-0.3526318172008389,0.4208573790559796,-0.7179879399047983,0.9968262956829548,0.995989651279064,1.8908882746682552,-0.3842445910967188,0.9964931084729888,-0.1660481847956632,1
-0.6770677809492329,-0.0400892063822097,-0.9318991603891138,-0.7782907582095617,0.5867350126983124,-0.7763041458669677,-0.7890066089947614,-0.3024799930557286,-0.7478517045659282,-0.7715803001354177,-0.737171380100158,-0.3513307484096161,0.4208573790559796,-0.6634392872695699,0.9968262956829548,0.995995472287034,-0.8249688665655581,-0.4009330099732003,0.9964931084729888,0.8065975699162331,1
0.1947099211990968,0.3475355432521621,0.474357278362573,0.4497160218463424,0.5867350126983124,0.449442068893732,0.1812721012364037,0.6214634360187413,0.1169179357059996,-0.1093880417832907,0.07244943419342,-0.0443387307933337,0.4208573790559796,0.6273805479589538,0.9968262956829548,0.9960546611406408,-0.3066458810691834,-0.3890127107757135,0.9964931084729888,0.8065975699162331,1
0.2694816548388691,-0.1090133639919688,1.3318473692039552,2.1277486047736414,-0.2596806045959874,2.1262388848520564,1.6230207035618067,-0.6912991906573865,1.6996770887151995,3.433494470414153,0.9848947293032728,1.857534079202677,0.4208573790559796,0.7470776630277098,-1.0030969190222077,-1.004000209033068,-0.3435302882767908,-0.3055706163933059,-1.0026668657945366,-0.652371062151611,1
0.6879956639614844,-0.154373707034289,1.5872693600510317,0.0799727477348402,-0.6828884132431379,0.0808434046401331,1.5854774521620962,-0.2244817438020683,0.4025226283073078,1.8016897266201464,0.7592593417569707,-0.1200505322298162,0.4208573790559796,0.3855121607432142,-1.0030969190222077,-1.0040002090278817,-0.9996844796542236,1.804322341561857,-1.0026668657945366,-0.1660481847956632,1
-0.7774823847795684,-0.6604066248700419,-1.017699675048206,-0.8302013568824188,-1.9525118391845877,-0.8282726948543447,-0.8173469742447214,-0.6898586734242583,-0.7920050762633449,-0.7928373020085766,-0.6960442635928243,-0.3521396208765993,0.4208573790559796,-0.7941659341554753,-1.0030969190222077,-1.0040002090282407,0.9066569876021052,-0.3413315139857663,-1.0026668657945366,-0.1660481847956632,1
-0.5723394232550645,0.3192589657712352,-0.9104650565420616,-0.76999249425031,0.1635272040511625,-0.7681338202440643,-0.7796927671416508,0.5298233156700529,-0.7599839373296329,-0.7572134988694208,-0.7181172305155835,-0.3508741876947366,-2.376101857220821,-0.7762999156748037,-1.0030969190222077,-1.0040002083939088,-0.3940036876135163,-0.3770924115782267,-1.0026668657945366,-0.9618492568326688,1
-0.6289774138005759,0.0959918227447506,0.176904178530838,0.2049077793943325,0.5867350126983124,0.2078645661577279,-0.1052627825570917,-0.3532714368516513,-0.0408010902221602,-0.4647464730973389,-0.7190436768476739,-0.1472034959375597,0.4208573790559796,0.2317628311504376,0.9968262956829548,0.9960457452862624,0.7261175207438177,-0.3413315139857663,0.9964931084729888,-1.0944827688388363,1
-0.842428345729499,-0.6262390937472553,-0.9543032214816768,-0.7874559542896492,0.5867350126983124,-0.787203741898609,-0.7955119118351194,-0.6964222878988878,-0.749940039713779,-0.7472446979909738,-0.7612642915267286,-0.3516285328738837,-2.376101857220821,-0.6709008241423285,0.9968262956829548,0.9960234286318592,0.1864404047588281,-0.3520597832635044,0.9964931084729888,1.292920447272181,1
-0.301691310464948,0.8311828372488482,-0.9271624646564888,-0.7617233662904662,0.1635272040511625,-0.7598743044888505,-0.7850226099537295,0.361147771573052,-0.7373105842958242,-0.7594124990631959,-0.5626688789348705,-0.3496378542731876,0.4208573790559796,-0.7751149246531266,-1.0030969190222077,-1.004000208835727,-0.2406422050134655,-0.3484836935042584,-1.0026668657945366,-0.6965822328203334,1
1.1246434161783605,-0.609744423550048,3.2271097892066183,0.6315510476909847,-1.1060962218902877,0.631780538621539,4.731320981749534,-0.6339098017845556,1.3384945526678629,3.6554468899725143,3.390532855579964,0.3231147616750884,0.4208573790559796,1.6715529662469517,-1.0030969190222077,-1.004000209024574,-1.1918716540517558,6.2118529698326,-1.0026668657945366,-0.652371062151611,1
-0.7925006389721723,-0.6427337639444626,-0.5338622440315991,-0.4653804702552189,-0.2596806045959874,-0.4638758835386607,-0.5931034836085158,-0.6733156265758363,-0.5330515179298468,-0.5138574774249818,-0.7041751661979166,-0.3168791270058826,0.4208573790559796,-0.6699241831903968,-1.0030969190222077,-1.0040002089205264,0.2621505037639167,-0.3502717383838814,-1.0026668657945366,0.0550076685479494,1
-0.5593981616635655,-0.6009079930872584,0.3921160310114035,0.8792936712362166,0.5867350126983124,0.8841472391014227,0.1543519673592093,-0.5205729444468958,0.9191866883386788,2.0368361473411585,-0.4458447812655752,0.2672611564433644,0.4208573790559796,0.722375157883516,0.9968262956829548,0.99598005099083,-0.628899122988278,-0.3413315139857663,0.9964931084729888,-0.1660481847956632,1
0.7638857782326209,-0.2456834884831152,0.8675105051914582,1.274442029739704,-0.2596806045959874,1.273924210953418,0.8957095631697584,-0.0508816133042,1.049309856955953,1.7282431201480597,0.8798771979158111,0.7792632073317692,0.4208573790559796,0.2697476532409033,-1.0030969190222077,-1.0040002089152895,-1.1530459622542746,-0.3770924115782267,-1.0026668657945366,-0.8292157448265013,1
-0.6588541535241602,0.0241221883140615,-1.0533177767658648,-0.8311332058776036,0.1635272040511625,-0.8292034606490677,-0.8285319963223752,0.7016105086792531,-0.8012534176323985,-0.8070575032616553,-0.7252263887592659,-0.3523594974677482,-2.376101857220821,-0.8002080861780931,-1.0030969190222077,-1.0040002088716986,-1.00744961801372,-0.3842445910967188,-1.0026668657945366,2.751889079340024,1
-0.0424666569809079,-0.0047434845310511,-0.0386530321768072,0.893950817388618,0.5867350126983124,0.7517074631849745,-0.2309725487889412,0.2011058193944648,1.1616324545510708,0.9791170541353592,-0.100347344362377,0.1152113940894043,0.4208573790559796,0.124423479593458,0.9968262956829548,0.9959751334873872,-0.6580183918363889,-0.3592119627819966,0.9964931084729888,-0.1660481847956632,1
-0.7386586000050711,-0.4536341520407645,2.173606558795135,0.2461793963735987,0.1635272040511625,0.2468568512477546,2.5600128872504317,-0.7062668601128749,0.5986272431435822,2.324611972699854,-0.6310409919609018,-0.107845761928101,0.4208573790559796,0.7785385235592716,-1.0030969190222077,-1.0040002090338929,2.55286631981531,4.339769980867298,-1.0026668657945366,-0.652371062151611,1
1.383228995015907,0.2886260068335646,2.587858199979458,2.145149723268005,-0.2596806045959874,2.143619775927933,3.3898249419504007,0.2152533535449977,2.3464643173638446,2.381785977738005,1.4184753498991858,1.6789895979902891,0.4208573790559796,1.049315482952191,-1.0030969190222077,-1.0040002090141993,-1.00744961801372,2.679272302657388,-1.0026668657945366,-0.652371062151611,1
-0.6512651420970466,0.0459187167889426,-0.9631349741208765,-0.8028007693353661,-0.2596806045959874,-0.8009039583145279,-0.7991409975216601,-0.1663776232065121,-0.7782817310060398,-0.7683550998512143,-0.7309777556299145,-0.3518053339770273,0.4208573790559796,-0.7858579751243759,-1.0030969190222077,-1.0040002087820818,-1.015214756373216,-0.3413315139857663,-1.0026668657945366,-0.652371062151611,1
-0.8570471782680442,-0.682203153344923,-0.555092599923279,-0.5914372055606524,0.5867350126983124,-0.589785546447692,-0.620063965811308,1.0032329052964184,-0.5643765451476087,-0.5578374813004828,-0.7600916399330081,-0.3393780948960332,-2.376101857220821,-0.4344886043780479,0.9968262956829548,0.9960683978974292,1.2250276603414514,-0.3538478281431275,0.9964931084729888,2.972944932683637,1
-0.6399215671217819,-0.6238827122905115,0.6769328052982397,1.156056998562415,0.5867350126983124,1.1596171417146843,0.3869094694778489,-0.6995529347542934,1.3384945526678629,-0.3483460628401796,-0.4862548081311118,0.3813420415436022,0.4208573790559796,0.8904094891332146,0.9968262956829548,0.9960399517552811,1.4075084117896135,-0.3413315139857663,0.9964931084729888,-0.1660481847956632,1
0.443549611677613,-0.4277139560165816,1.2136346423768003,1.1252561240224133,0.5867350126983124,1.1264327006752457,1.0514347510695277,-0.4769096900195463,1.3384945526678629,-0.8143875039075721,0.6433138545462251,0.3566792310338271,0.4208573790559796,1.7355424814175209,0.9968262956829548,0.9959869261450232,1.935537820235358,-0.3413315139857663,0.9964931084729888,-0.652371062151611,1
-0.8568874096064207,-0.6751340089746912,-0.94875178720097,-0.7406625038968551,0.5867350126983124,-0.7385959354738859,-0.7948521382502781,-0.2943539734235679,-0.6966377711781588,-0.809989503520022,-0.7605091574167561,-0.3499137623062362,-2.376101857220821,-0.6726717997351649,0.9968262956829548,0.995963753340481,-0.7783780364085805,-0.3890127107757135,0.9964931084729888,1.7792433246281287,1
-0.5760141024724037,0.2951060558396103,-0.395755446522136,-0.5009092370694712,0.1635272040511625,-0.4993633509827099,-0.5109357795271063,1.6588134378819246,-0.5166431703395906,-0.6004980850597188,-0.7150334610303568,-0.3256374012993705,0.4208573790559796,-0.6891444771244138,-1.0030969190222077,-1.0040002085796522,0.0621981910068883,-0.1586529287842812,-1.0026668657945366,0.3202746925602845,1
-0.1516685372005328,1.869168868944537,-0.7688236300064997,-0.7608474491121388,0.1635272040511625,-0.7589994054946891,-0.7225884932320871,1.1149276920804208,-0.7470561483191279,-0.7218828957561017,-0.6718849051481636,-0.3505392784370132,-2.376101857220821,-0.7579520876578458,-1.0030969190222077,-1.0040002087197542,-0.1513431138792584,-0.3028885490738714,-1.0026668657945366,0.2760635218915621,1
-0.8258124049206605,-0.6032643745440023,-0.2159885586496901,0.0486621168473293,0.5867350126983124,0.0512464192266135,-0.4132475025025909,-0.515809938219336,-0.0010232778821451,-0.7063432943867579,-0.7458158456538418,-0.2026083541932539,0.4208573790559796,-0.1744026079389414,0.9968262956829548,0.9960408607315532,1.580282740288405,-0.3413315139857663,0.9964931084729888,-0.1660481847956632,1
0.6021998926696942,-0.1861848567003316,0.1810099021616122,0.2664939672809102,0.5867350126983124,0.2688888962109325,-0.1019550217609895,-0.1196352799320379,-0.1213511602106907,-0.7984081024994732,0.6336628923158225,-0.1231686906140371,0.4208573790559796,0.2319190937027466,0.9968262956829548,0.9959936852290912,1.3783891429415025,-0.3413315139857663,0.9964931084729888,-0.1660481847956632,1
3.5782906370604226,0.5566643975381834,-0.3097089491839434,0.1459486536468417,-1.1060962218902877,0.1467426188004344,-0.3601402845898189,0.8030707802055896,0.0425334266301713,0.4581006082235905,3.5850622189208563,0.0099333058387547,0.4208573790559796,-0.4626549294317597,-1.0030969190222077,-1.0040002090213804,0.9571303869388312,-0.3413315139857663,-1.0026668657945366,-0.652371062151611,1
0.9799728930783308,0.5613771604516713,0.8723064104164334,1.037829849656503,0.5867350126983124,1.0399451135516236,0.6153885156824438,0.1080663751119345,0.6185161493135898,-0.800020702641575,0.889839168067781,0.2957523840852687,0.4208573790559796,1.166720747253747,0.9968262956829548,0.9960421324566364,1.586106594058027,-0.3413315139857663,0.9964931084729888,-0.652371062151611,1
-0.0419074666652258,0.3121898214010036,0.4698381897820476,1.0504749086720735,0.5867350126983124,1.0548809763956462,0.2096634391774747,0.0249968613787202,1.0505031913261538,1.6399899123712214,-0.1187851586137997,0.3473693342506156,0.4208573790559796,0.7780697359023443,0.9968262956829548,0.99603596630194,-0.3512954266362868,-0.3413315139857663,0.9964931084729888,-0.652371062151611,1
-0.5917513156423131,-0.6662975785119016,-1.006014448864936,-0.8006818236384644,0.1635272040511625,-0.7986344769314108,-0.8140023714680406,-0.7118884259017361,-0.7480505936276284,-0.7915179018923115,-0.4672465510877154,-0.3518452546738229,0.4208573790559796,-0.6968924953430724,0.9968262956829548,0.9960110660199106,2.3063231769013046,-0.3413315139857663,0.9964931084729888,-0.1660481847956632,1
-0.1225906407850657,0.5855300703832963,-0.6560242450158963,-0.5013052831578817,0.1635272040511625,-0.4997589366989916,-0.6517695493832099,0.05754238425952,-0.5065992727237367,-0.481312274557111,-0.2850258812137295,-0.3047240448579779,0.4208573790559796,-0.6887928863817183,-1.0030969190222077,-1.004000208666892,-1.0210386101428384,-0.3288151998284052,-1.0026668657945366,-0.9618492568326688,1
0.9363560484551304,0.180232459823345,-0.3644891777168338,-0.0122298738835731,0.5867350126983124,-0.0095588447787466,-0.5106692893718209,-0.1403589596944643,-0.1014622540406832,-0.8155603040109187,0.8905909387178953,-0.2217854925180158,0.4208573790559796,-0.3020170256580244,0.9968262956829548,0.995981453871438,1.9277726818758625,-0.3770924115782267,0.9964931084729888,-0.652371062151611,1
-0.5800083190129899,0.3127789167651895,-0.6263743452002151,-0.3585256684862785,0.5867350126983124,-0.3559876068439076,-0.6571410361883554,-0.1952545319921383,-0.2406845972307359,-0.7985547025123917,-0.7245920402299838,-0.3065305246695298,0.4208573790559796,-0.4925010769227942,0.9968262956829548,0.9960035568987826,-0.6366642613477741,-0.3770924115782267,0.9964931084729888,-0.1660481847956632,1
-0.1528668021627087,-0.0860386447887157,-1.0807166791654683,-0.8533541243154384,-0.2596806045959874,-0.8513985490337062,-0.8367625043854062,1.0549987234686504,-0.8214406573949561,-0.8316863054319358,-0.1730569752217176,-0.3526158740668448,-2.376101857220821,-0.8074742948604655,-1.0030969190222077,-1.0040002089631903,0.0156073608499107,-0.3830525611769701,-1.0026668657945366,2.2655662019840763,1
-0.7151726067464247,-0.1891303335212615,-0.4727779203970851,0.2378777738636326,0.5867350126983124,0.2433838672048775,-0.5327473800464034,-0.4059207623058681,0.5369716340165588,0.2052155859394597,-0.7305239127796964,0.0368761427078675,0.4208573790559796,-0.2624305124063905,0.9968262956829548,0.9960474364659035,-0.6871376606844999,-0.3413315139857663,0.9964931084729888,-0.1660481847956632,1
-0.6248234285983664,-0.0671875931347646,-0.9063290360941146,-0.7061843147648907,-0.2596806045959874,-0.7043998127005059,-0.7716935303364512,-0.0724769618012597,-0.6943505469686079,-0.5572510812488095,-0.6664737709280737,-0.3409002752335382,-2.376101857220821,-0.7617935420687774,-1.0030969190222077,-1.0040002088081077,-0.0581614535653035,-0.4009330099732003,-1.0026668657945366,1.7792433246281287,1
0.154607987131612,-0.2103377666319566,-1.0048432278106936,-0.8177261462258275,0.5867350126983124,-0.8167989109890839,-0.8129859885988372,-0.3799495679759738,-0.7766906185124391,-0.8041255030032886,0.1627390475532029,-0.35227743499859,0.4208573790559796,-0.696111182581527,0.9968262956829548,0.995989310860537,1.6540515547036192,-0.3484836935042584,0.9964931084729888,-0.652371062151611,1
-0.3271744119938876,-0.5920715626244688,1.3250246336076086,0.0966500645469334,0.5867350126983124,0.1003615201588644,1.1978226590235423,-0.6051633900178452,0.4195276430826644,1.5186051016748383,-0.2205183088213732,-0.1807403371429854,0.4208573790559796,2.041139946216647,0.9968262956829548,0.996047034221121,-1.1239266934061638,-0.2578894196033587,0.9964931084729888,-0.9176380861639462,1
1.0168794539133466,0.421172463775409,-1.04302818396302,-0.8511762257855163,-2.375719647831738,-0.8491242926745505,-0.8256467364759329,0.2087147456041367,-0.8056289769898002,-0.800020702641575,0.9985579254269076,-0.3525462372370613,0.4208573790559796,-0.7119718316408987,0.9968262956829548,0.996053475242839,1.273559775088303,-0.3413315139857663,0.9964931084729888,-0.652371062151611,1
-0.1567012500416713,0.2338401379642688,-0.872334666830785,-0.7698913157682596,0.1635272040511625,-0.7680327593739651,-0.765321782072851,-0.0662707421556317,-0.755210599848831,-0.7734861003033561,-0.269263587164284,-0.3508630075440328,0.4208573790559796,-0.7728881832827221,-1.0030969190222077,-1.0040002089506943,1.275501059678177,-0.3604039927017452,-1.0026668657945366,-0.1660481847956632,1
3.5135843291029274,0.4800820001940066,1.7704454115766337,0.6335771103134104,0.1635272040511625,0.6338042461070489,1.894557803914576,0.8344306470908057,0.6185161493135898,1.5194847017523485,3.5280895440466957,0.1058601431584963,0.4208573790559796,0.4047064109185132,-1.0030969190222077,-1.0040002089831088,-0.6754899531452553,0.9532129788612996,-1.0026668657945366,-0.652371062151611,1
-0.7634227425567052,-0.6274172844756273,-0.1846232329660696,-0.1425997540291412,-1.1060962218902877,-0.1414703742642747,-0.26235235151411,-0.701599749498418,-0.3894536153823923,0.4581006082235905,-0.6391448374000225,-0.19686799496239,0.4208573790559796,-0.4060878854958724,-1.0030969190222077,-1.0040002090304063,0.3048587647411458,-0.3413315139857663,-1.0026668657945366,-0.652371062151611,1
-0.1073327336000267,0.2933387697470525,-0.2236074203885415,0.0450148212506235,0.5867350126983124,0.0476223188089667,-0.4184694528581386,0.8157199540148703,-0.1014622540406832,-0.8094031034683485,-0.2228675734170918,-0.2037875488015677,0.4208573790559796,-0.1813302477579773,0.9968262956829548,0.9960497794987,0.6309945758399885,-0.3890127107757135,0.9964931084729888,1.292920447272181,1
0.7957596262264984,0.0423841446038268,-0.977526963996766,-0.8200313856088944,0.1635272040511625,-0.8181145453648628,-0.8036181460496133,0.1002492119574027,-0.7827567348942914,-0.7306788965312018,0.7644798051748692,-0.3516391786388934,0.4208573790559796,-0.7889441605324803,-1.0030969190222077,-1.00400020886179,0.6309945758399885,-0.3317952746277769,-1.0026668657945366,-0.3871040381392759,1
1.2702725512481312,2.715698907279784,0.6193026523926832,0.3551277794137743,0.1635272040511625,0.3556785904438673,0.3894309513267642,-0.7076131486888502,0.0823112389701864,0.4328854060016367,1.2178028139859247,-0.0481419471740884,0.4208573790559796,-0.1570574646326334,-1.0030969190222077,-1.0040002090374818,-0.4270055256413754,-0.2578894196033587,-1.0026668657945366,-0.652371062151611,1
0.0541933833012765,-0.1396463229296396,1.67590111429593,0.6453216518876024,0.5867350126983124,0.6377676457406087,1.7064511982015669,-0.451134610555422,0.6185161493135898,1.3890106902550288,0.0797962021902057,0.0507357923931795,0.4208573790559796,2.6933798395547512,0.9968262956829548,0.995995833358632,-0.6735486685553813,-0.2769618983193376,0.9964931084729888,-0.652371062151611,1
2.4206069149369376,0.6827308054739822,0.6591807401641393,1.140485180599398,0.5867350126983124,1.143684091241112,0.392412500828346,0.6055078142645449,1.1466163303927148,2.2406101652976465,2.373763126044123,0.4325189263240975,0.4208573790559796,1.0352258094856557,0.9968262956829548,0.9959778405066146,-1.00744961801372,-0.3413315139857663,0.9964931084729888,-0.652371062151611,1
-0.0922345950766111,-0.36939351496217,1.5468414432438782,0.1393339068576448,0.1635272040511625,0.1401355611291256,1.5398280957837411,-0.4021143965538381,0.4750176912969854,0.7470492336856324,-0.0539582070220063,-0.1186746427074453,0.4208573790559796,0.2421282471202734,-1.0030969190222077,-1.004000208994405,-0.9045615347503946,2.3890130171985846,-1.0026668657945366,-0.9176380861639462,1
-0.1977617960788968,0.6273558412405005,-0.8474223444036878,-0.6044210434365488,0.5867350126983124,-0.6021590152729706,-0.7564230700619802,0.0229683037084906,-0.5183337273640412,-0.6847930924877624,-0.4206401342404962,-0.3394394926221062,0.4208573790559796,-0.6177845782366002,0.9968262956829548,0.9959746060667598,0.1068477365739917,-0.3699402320597346,0.9964931084729888,0.3202746925602845,1
-0.0688284861487764,0.9613729127339486,0.0843536735118845,0.0401075542140959,0.1635272040511625,0.0410245512412967,-0.1195732728555806,0.5011071878142421,-0.240982930823286,0.1212137785372528,-0.3471988387466392,-0.1727267410136099,0.4208573790559796,-0.4089006114374359,-1.0030969190222077,-1.0040002088740625,-1.015214756373216,-0.3413315139857663,-1.0026668657945366,-0.652371062151611,1
2.1347807792925937,0.0948136320163786,1.309937407125946,0.2816709423405927,-0.2596806045959874,0.2823071411108251,1.2091218080392792,0.187000116270179,0.4745204686427351,0.3997538030820926,2.209609093940305,-0.0512953002295157,0.4208573790559796,0.0719192620176067,-1.0030969190222077,-1.004000208939078,0.6212881528906182,1.6976356637443504,-1.0026668657945366,-0.652371062151611,1
-0.8553696073209979,-0.6686539599686455,-0.3912935316602117,-0.0011889109284333,0.5867350126983124,0.0021430540279157,-0.5199507425701434,-0.2571376426042134,0.2127824634454359,-0.2379562531126721,-0.7617741920412522,-0.1828840523011601,-2.376101857220821,-0.2806350997503984,0.9968262956829548,0.9959693297632344,-0.0115706234083259,-0.374112336778855,0.9964931084729888,1.7792433246281287,1
1.794473530034655,0.0088057088452262,0.6010891439574668,0.4338162659238903,0.5867350126983124,0.4351415190118332,0.3013376332007812,0.0532540645866523,0.1396907332706582,-0.178729847893664,1.9318378362832327,-0.0512080152628984,0.4208573790559796,0.7793458800795352,0.9968262956829548,0.9959821712214664,1.2832661980376734,-0.3413315139857663,0.9964931084729888,-0.652371062151611,1
2.237831566039716,0.4423798968861042,0.1427261035647374,0.1956137323679183,0.1635272040511625,0.1963499658112332,-0.0806726653260826,0.3912831258862725,-0.1734600943761104,-0.178729847893664,2.4077979016070663,-0.1289387568449675,0.4208573790559796,-0.4626549294317597,-1.0030969190222077,-1.0040002089875475,0.9377175410400906,-0.3413315139857663,-1.0026668657945366,-0.652371062151611,1
-0.8074390088339644,-0.5095982116384322,-0.011136161627012,0.4286642656179555,0.1635272040511625,0.4291295963221196,-0.1139430262144896,-0.4611126884726421,0.057499828523102,0.1675393826194472,-0.7537597398908108,0.1342608334719741,0.4208573790559796,-0.3420332609285083,-1.0030969190222077,-1.0040002089828313,-0.6075449924996631,-0.3541458356230647,-1.0026668657945366,-0.4313152088079983,1
