Metric,Round 1,Round 10,Improvement,Improvement %
Accuracy,0.73367,0.91618,0.18250999999999995,18.250999999999994
Precision,0.834049821542417,0.9459789889275763,0.11192916738515923,11.192916738515923
Recall,0.625,0.88278,0.25778,25.778000000000002
F1 Score,0.6634497766258793,0.9132846477905809,0.2498348711647016,24.983487116470158
Specificity,0.84234,0.94958,0.10724,10.724
Auc Roc,0.9404140590000001,0.9655190269999999,0.02510496799999984,2.510496799999984
